
--- Starting PulseTrade AI news engine ---
2026-06-19T23:32:38.616373+00:00 | INFO | News engine started.
2026-06-19T23:32:38.975080+00:00 | ERROR | News poll failed:
Traceback (most recent call last):
  File "/Users/omaryoussef/Documents/GitHub/PulseTrade-AI/modules/news_engine.py", line 661, in poll_once
    raw_items = self.client.fetch_news(
        page_size=self.config.page_size,
    ...<2 lines>...
        updated_since=since,
    )
  File "/Users/omaryoussef/Documents/GitHub/PulseTrade-AI/modules/news_engine.py", line 551, in fetch_news
    response.raise_for_status()
    ~~~~~~~~~~~~~~~~~~~~~~~~~^^
  File "/Library/Frameworks/Python.framework/Versions/3.14/lib/python3.14/site-packages/requests/models.py", line 1167, in raise_for_status
    raise HTTPError(http_error_msg, response=self)
requests.exceptions.HTTPError: 400 Client Error: Bad Request for url: https://api.benzinga.com/api/v2/news?token=bz.SHPKXEACLAI54NMQAVVFFDHNV5TPLG74&pageSize=50&displayOutput=full&updatedSince=2026-06-19T22%3A32%3A38Z


--- Manual one-shot poll ---
2026-06-19T23:32:48.716624+00:00 | ERROR | News poll failed:
Traceback (most recent call last):
  File "/Users/omaryoussef/Documents/GitHub/PulseTrade-AI/modules/news_engine.py", line 661, in poll_once
    raw_items = self.client.fetch_news(
        page_size=self.config.page_size,
    ...<2 lines>...
        updated_since=since,
    )
  File "/Users/omaryoussef/Documents/GitHub/PulseTrade-AI/modules/news_engine.py", line 551, in fetch_news
    response.raise_for_status()
    ~~~~~~~~~~~~~~~~~~~~~~~~~^^
  File "/Library/Frameworks/Python.framework/Versions/3.14/lib/python3.14/site-packages/requests/models.py", line 1167, in raise_for_status
    raise HTTPError(http_error_msg, response=self)
requests.exceptions.HTTPError: 400 Client Error: Bad Request for url: https://api.benzinga.com/api/v2/news?token=bz.SHPKXEACLAI54NMQAVVFFDHNV5TPLG74&pageSize=50&displayOutput=full&updatedSince=2026-06-19T22%3A32%3A48Z

{
  "seen": 0,
  "inserted": 0,
  "duplicates": 0,
  "watchlist_hits": 0,
  "alerts_sent": 0,
  "errors": [
    "400 Client Error: Bad Request for url: https://api.benzinga.com/api/v2/news?token=bz.SHPKXEACLAI54NMQAVVFFDHNV5TPLG74&pageSize=50&displayOutput=full&updatedSince=2026-06-19T22%3A32%3A48Z"
  ]
}

--- Starting PulseTrade AI news engine ---
2026-06-19T23:32:53.727752+00:00 | INFO | News engine started.
2026-06-19T23:32:54.009560+00:00 | ERROR | News poll failed:
Traceback (most recent call last):
  File "/Users/omaryoussef/Documents/GitHub/PulseTrade-AI/modules/news_engine.py", line 661, in poll_once
    raw_items = self.client.fetch_news(
        page_size=self.config.page_size,
    ...<2 lines>...
        updated_since=since,
    )
  File "/Users/omaryoussef/Documents/GitHub/PulseTrade-AI/modules/news_engine.py", line 551, in fetch_news
    response.raise_for_status()
    ~~~~~~~~~~~~~~~~~~~~~~~~~^^
  File "/Library/Frameworks/Python.framework/Versions/3.14/lib/python3.14/site-packages/requests/models.py", line 1167, in raise_for_status
    raise HTTPError(http_error_msg, response=self)
requests.exceptions.HTTPError: 400 Client Error: Bad Request for url: https://api.benzinga.com/api/v2/news?token=bz.SHPKXEACLAI54NMQAVVFFDHNV5TPLG74&pageSize=50&displayOutput=full&updatedSince=2026-06-19T22%3A32%3A53Z

2026-06-19T23:33:24.187572+00:00 | ERROR | News poll failed:
Traceback (most recent call last):
  File "/Users/omaryoussef/Documents/GitHub/PulseTrade-AI/modules/news_engine.py", line 661, in poll_once
    raw_items = self.client.fetch_news(
        page_size=self.config.page_size,
    ...<2 lines>...
        updated_since=since,
    )
  File "/Users/omaryoussef/Documents/GitHub/PulseTrade-AI/modules/news_engine.py", line 551, in fetch_news
    response.raise_for_status()
    ~~~~~~~~~~~~~~~~~~~~~~~~~^^
  File "/Library/Frameworks/Python.framework/Versions/3.14/lib/python3.14/site-packages/requests/models.py", line 1167, in raise_for_status
    raise HTTPError(http_error_msg, response=self)
requests.exceptions.HTTPError: 400 Client Error: Bad Request for url: https://api.benzinga.com/api/v2/news?token=bz.SHPKXEACLAI54NMQAVVFFDHNV5TPLG74&pageSize=50&displayOutput=full&updatedSince=2026-06-19T22%3A33%3A24Z

2026-06-20T00:07:17.162651+00:00 | ERROR | News poll failed:
Traceback (most recent call last):
  File "/Library/Frameworks/Python.framework/Versions/3.14/lib/python3.14/site-packages/urllib3/connectionpool.py", line 534, in _make_request
    response = conn.getresponse()
  File "/Library/Frameworks/Python.framework/Versions/3.14/lib/python3.14/site-packages/urllib3/connection.py", line 571, in getresponse
    httplib_response = super().getresponse()
  File "/Library/Frameworks/Python.framework/Versions/3.14/lib/python3.14/http/client.py", line 1459, in getresponse
    response.begin()
    ~~~~~~~~~~~~~~^^
  File "/Library/Frameworks/Python.framework/Versions/3.14/lib/python3.14/http/client.py", line 336, in begin
    version, status, reason = self._read_status()
                              ~~~~~~~~~~~~~~~~~^^
  File "/Library/Frameworks/Python.framework/Versions/3.14/lib/python3.14/http/client.py", line 297, in _read_status
    line = str(self.fp.readline(_MAXLINE + 1), "iso-8859-1")
               ~~~~~~~~~~~~~~~~^^^^^^^^^^^^^^
  File "/Library/Frameworks/Python.framework/Versions/3.14/lib/python3.14/socket.py", line 729, in readinto
    return self._sock.recv_into(b)
           ~~~~~~~~~~~~~~~~~~~~^^^
  File "/Library/Frameworks/Python.framework/Versions/3.14/lib/python3.14/ssl.py", line 1304, in recv_into
    return self.read(nbytes, buffer)
           ~~~~~~~~~^^^^^^^^^^^^^^^^
  File "/Library/Frameworks/Python.framework/Versions/3.14/lib/python3.14/ssl.py", line 1138, in read
    return self._sslobj.read(len, buffer)
           ~~~~~~~~~~~~~~~~~^^^^^^^^^^^^^
TimeoutError: [Errno 60] Operation timed out

The above exception was the direct cause of the following exception:

Traceback (most recent call last):
  File "/Library/Frameworks/Python.framework/Versions/3.14/lib/python3.14/site-packages/requests/adapters.py", line 696, in send
    resp = conn.urlopen(
        method=request.method,
    ...<9 lines>...
        chunked=chunked,
    )
  File "/Library/Frameworks/Python.framework/Versions/3.14/lib/python3.14/site-packages/urllib3/connectionpool.py", line 842, in urlopen
    retries = retries.increment(
        method, url, error=new_e, _pool=self, _stacktrace=sys.exc_info()[2]
    )
  File "/Library/Frameworks/Python.framework/Versions/3.14/lib/python3.14/site-packages/urllib3/util/retry.py", line 498, in increment
    raise reraise(type(error), error, _stacktrace)
          ~~~~~~~^^^^^^^^^^^^^^^^^^^^^^^^^^^^^^^^^
  File "/Library/Frameworks/Python.framework/Versions/3.14/lib/python3.14/site-packages/urllib3/util/util.py", line 39, in reraise
    raise value
  File "/Library/Frameworks/Python.framework/Versions/3.14/lib/python3.14/site-packages/urllib3/connectionpool.py", line 788, in urlopen
    response = self._make_request(
        conn,
    ...<10 lines>...
        **response_kw,
    )
  File "/Library/Frameworks/Python.framework/Versions/3.14/lib/python3.14/site-packages/urllib3/connectionpool.py", line 536, in _make_request
    self._raise_timeout(err=e, url=url, timeout_value=read_timeout)
    ~~~~~~~~~~~~~~~~~~~^^^^^^^^^^^^^^^^^^^^^^^^^^^^^^^^^^^^^^^^^^^^
  File "/Library/Frameworks/Python.framework/Versions/3.14/lib/python3.14/site-packages/urllib3/connectionpool.py", line 367, in _raise_timeout
    raise ReadTimeoutError(
        self, url, f"Read timed out. (read timeout={timeout_value})"
    ) from err
urllib3.exceptions.ReadTimeoutError: HTTPSConnectionPool(host='api.benzinga.com', port=443): Read timed out. (read timeout=15)

During handling of the above exception, another exception occurred:

Traceback (most recent call last):
  File "/Users/omaryoussef/Documents/GitHub/PulseTrade-AI/modules/news_engine.py", line 661, in poll_once
    raw_items = self.client.fetch_news(
        page_size=self.config.page_size,
    ...<2 lines>...
        updated_since=since,
    )
  File "/Users/omaryoussef/Documents/GitHub/PulseTrade-AI/modules/news_engine.py", line 550, in fetch_news
    response = self.session.get(BENZINGA_NEWS_URL, params=params, timeout=self.timeout_seconds)
  File "/Library/Frameworks/Python.framework/Versions/3.14/lib/python3.14/site-packages/requests/sessions.py", line 671, in get
    return self.request("GET", url, params=params, **kwargs)
           ~~~~~~~~~~~~^^^^^^^^^^^^^^^^^^^^^^^^^^^^^^^^^^^^^
  File "/Library/Frameworks/Python.framework/Versions/3.14/lib/python3.14/site-packages/requests/sessions.py", line 651, in request
    resp = self.send(prep, **send_kwargs)
  File "/Library/Frameworks/Python.framework/Versions/3.14/lib/python3.14/site-packages/requests/sessions.py", line 784, in send
    r = adapter.send(request, **kwargs)
  File "/Library/Frameworks/Python.framework/Versions/3.14/lib/python3.14/site-packages/requests/adapters.py", line 742, in send
    raise ReadTimeout(e, request=request)
requests.exceptions.ReadTimeout: HTTPSConnectionPool(host='api.benzinga.com', port=443): Read timed out. (read timeout=15)

2026-06-20T01:30:01.498652+00:00 | ERROR | News poll failed:
Traceback (most recent call last):
  File "/Users/omaryoussef/Documents/GitHub/PulseTrade-AI/modules/news_engine.py", line 661, in poll_once
    raw_items = self.client.fetch_news(
        page_size=self.config.page_size,
    ...<2 lines>...
        updated_since=since,
    )
  File "/Users/omaryoussef/Documents/GitHub/PulseTrade-AI/modules/news_engine.py", line 551, in fetch_news
    response.raise_for_status()
    ~~~~~~~~~~~~~~~~~~~~~~~~~^^
  File "/Library/Frameworks/Python.framework/Versions/3.14/lib/python3.14/site-packages/requests/models.py", line 1167, in raise_for_status
    raise HTTPError(http_error_msg, response=self)
requests.exceptions.HTTPError: 400 Client Error: Bad Request for url: https://api.benzinga.com/api/v2/news?token=bz.SHPKXEACLAI54NMQAVVFFDHNV5TPLG74&pageSize=50&displayOutput=full&updatedSince=2026-06-20T00%3A30%3A01Z

2026-06-20T01:35:14.520975+00:00 | ERROR | News poll failed:
Traceback (most recent call last):
  File "/Users/omaryoussef/Documents/GitHub/PulseTrade-AI/modules/news_engine.py", line 661, in poll_once
    raw_items = self.client.fetch_news(
        page_size=self.config.page_size,
    ...<2 lines>...
        updated_since=since,
    )
  File "/Users/omaryoussef/Documents/GitHub/PulseTrade-AI/modules/news_engine.py", line 551, in fetch_news
    response.raise_for_status()
    ~~~~~~~~~~~~~~~~~~~~~~~~~^^
  File "/Library/Frameworks/Python.framework/Versions/3.14/lib/python3.14/site-packages/requests/models.py", line 1167, in raise_for_status
    raise HTTPError(http_error_msg, response=self)
requests.exceptions.HTTPError: 400 Client Error: Bad Request for url: https://api.benzinga.com/api/v2/news?token=bz.SHPKXEACLAI54NMQAVVFFDHNV5TPLG74&pageSize=50&displayOutput=full&updatedSince=2026-06-20T00%3A35%3A14Z

2026-06-20T01:35:45.836439+00:00 | ERROR | News poll failed:
Traceback (most recent call last):
  File "/Users/omaryoussef/Documents/GitHub/PulseTrade-AI/modules/news_engine.py", line 661, in poll_once
    raw_items = self.client.fetch_news(
        page_size=self.config.page_size,
    ...<2 lines>...
        updated_since=since,
    )
  File "/Users/omaryoussef/Documents/GitHub/PulseTrade-AI/modules/news_engine.py", line 551, in fetch_news
    response.raise_for_status()
    ~~~~~~~~~~~~~~~~~~~~~~~~~^^
  File "/Library/Frameworks/Python.framework/Versions/3.14/lib/python3.14/site-packages/requests/models.py", line 1167, in raise_for_status
    raise HTTPError(http_error_msg, response=self)
requests.exceptions.HTTPError: 400 Client Error: Bad Request for url: https://api.benzinga.com/api/v2/news?token=bz.SHPKXEACLAI54NMQAVVFFDHNV5TPLG74&pageSize=50&displayOutput=full&updatedSince=2026-06-20T00%3A35%3A45Z

2026-06-20T01:36:16.060562+00:00 | ERROR | News poll failed:
Traceback (most recent call last):
  File "/Users/omaryoussef/Documents/GitHub/PulseTrade-AI/modules/news_engine.py", line 661, in poll_once
    raw_items = self.client.fetch_news(
        page_size=self.config.page_size,
    ...<2 lines>...
        updated_since=since,
    )
  File "/Users/omaryoussef/Documents/GitHub/PulseTrade-AI/modules/news_engine.py", line 551, in fetch_news
    response.raise_for_status()
    ~~~~~~~~~~~~~~~~~~~~~~~~~^^
  File "/Library/Frameworks/Python.framework/Versions/3.14/lib/python3.14/site-packages/requests/models.py", line 1167, in raise_for_status
    raise HTTPError(http_error_msg, response=self)
requests.exceptions.HTTPError: 400 Client Error: Bad Request for url: https://api.benzinga.com/api/v2/news?token=bz.SHPKXEACLAI54NMQAVVFFDHNV5TPLG74&pageSize=50&displayOutput=full&updatedSince=2026-06-20T00%3A36%3A15Z

2026-06-20T02:36:09.868618+00:00 | ERROR | News poll failed:
Traceback (most recent call last):
  File "/Library/Frameworks/Python.framework/Versions/3.14/lib/python3.14/site-packages/urllib3/connectionpool.py", line 534, in _make_request
    response = conn.getresponse()
  File "/Library/Frameworks/Python.framework/Versions/3.14/lib/python3.14/site-packages/urllib3/connection.py", line 571, in getresponse
    httplib_response = super().getresponse()
  File "/Library/Frameworks/Python.framework/Versions/3.14/lib/python3.14/http/client.py", line 1459, in getresponse
    response.begin()
    ~~~~~~~~~~~~~~^^
  File "/Library/Frameworks/Python.framework/Versions/3.14/lib/python3.14/http/client.py", line 336, in begin
    version, status, reason = self._read_status()
                              ~~~~~~~~~~~~~~~~~^^
  File "/Library/Frameworks/Python.framework/Versions/3.14/lib/python3.14/http/client.py", line 297, in _read_status
    line = str(self.fp.readline(_MAXLINE + 1), "iso-8859-1")
               ~~~~~~~~~~~~~~~~^^^^^^^^^^^^^^
  File "/Library/Frameworks/Python.framework/Versions/3.14/lib/python3.14/socket.py", line 729, in readinto
    return self._sock.recv_into(b)
           ~~~~~~~~~~~~~~~~~~~~^^^
  File "/Library/Frameworks/Python.framework/Versions/3.14/lib/python3.14/ssl.py", line 1304, in recv_into
    return self.read(nbytes, buffer)
           ~~~~~~~~~^^^^^^^^^^^^^^^^
  File "/Library/Frameworks/Python.framework/Versions/3.14/lib/python3.14/ssl.py", line 1138, in read
    return self._sslobj.read(len, buffer)
           ~~~~~~~~~~~~~~~~~^^^^^^^^^^^^^
TimeoutError: The read operation timed out

The above exception was the direct cause of the following exception:

Traceback (most recent call last):
  File "/Library/Frameworks/Python.framework/Versions/3.14/lib/python3.14/site-packages/requests/adapters.py", line 696, in send
    resp = conn.urlopen(
        method=request.method,
    ...<9 lines>...
        chunked=chunked,
    )
  File "/Library/Frameworks/Python.framework/Versions/3.14/lib/python3.14/site-packages/urllib3/connectionpool.py", line 842, in urlopen
    retries = retries.increment(
        method, url, error=new_e, _pool=self, _stacktrace=sys.exc_info()[2]
    )
  File "/Library/Frameworks/Python.framework/Versions/3.14/lib/python3.14/site-packages/urllib3/util/retry.py", line 498, in increment
    raise reraise(type(error), error, _stacktrace)
          ~~~~~~~^^^^^^^^^^^^^^^^^^^^^^^^^^^^^^^^^
  File "/Library/Frameworks/Python.framework/Versions/3.14/lib/python3.14/site-packages/urllib3/util/util.py", line 39, in reraise
    raise value
  File "/Library/Frameworks/Python.framework/Versions/3.14/lib/python3.14/site-packages/urllib3/connectionpool.py", line 788, in urlopen
    response = self._make_request(
        conn,
    ...<10 lines>...
        **response_kw,
    )
  File "/Library/Frameworks/Python.framework/Versions/3.14/lib/python3.14/site-packages/urllib3/connectionpool.py", line 536, in _make_request
    self._raise_timeout(err=e, url=url, timeout_value=read_timeout)
    ~~~~~~~~~~~~~~~~~~~^^^^^^^^^^^^^^^^^^^^^^^^^^^^^^^^^^^^^^^^^^^^
  File "/Library/Frameworks/Python.framework/Versions/3.14/lib/python3.14/site-packages/urllib3/connectionpool.py", line 367, in _raise_timeout
    raise ReadTimeoutError(
        self, url, f"Read timed out. (read timeout={timeout_value})"
    ) from err
urllib3.exceptions.ReadTimeoutError: HTTPSConnectionPool(host='api.benzinga.com', port=443): Read timed out. (read timeout=15)

During handling of the above exception, another exception occurred:

Traceback (most recent call last):
  File "/Users/omaryoussef/Documents/GitHub/PulseTrade-AI/modules/news_engine.py", line 661, in poll_once
    raw_items = self.client.fetch_news(
        page_size=self.config.page_size,
    ...<2 lines>...
        updated_since=since,
    )
  File "/Users/omaryoussef/Documents/GitHub/PulseTrade-AI/modules/news_engine.py", line 550, in fetch_news
    response = self.session.get(BENZINGA_NEWS_URL, params=params, timeout=self.timeout_seconds)
  File "/Library/Frameworks/Python.framework/Versions/3.14/lib/python3.14/site-packages/requests/sessions.py", line 671, in get
    return self.request("GET", url, params=params, **kwargs)
           ~~~~~~~~~~~~^^^^^^^^^^^^^^^^^^^^^^^^^^^^^^^^^^^^^
  File "/Library/Frameworks/Python.framework/Versions/3.14/lib/python3.14/site-packages/requests/sessions.py", line 651, in request
    resp = self.send(prep, **send_kwargs)
  File "/Library/Frameworks/Python.framework/Versions/3.14/lib/python3.14/site-packages/requests/sessions.py", line 784, in send
    r = adapter.send(request, **kwargs)
  File "/Library/Frameworks/Python.framework/Versions/3.14/lib/python3.14/site-packages/requests/adapters.py", line 742, in send
    raise ReadTimeout(e, request=request)
requests.exceptions.ReadTimeout: HTTPSConnectionPool(host='api.benzinga.com', port=443): Read timed out. (read timeout=15)

2026-06-20T03:10:21.726071+00:00 | ERROR | News poll failed:
Traceback (most recent call last):
  File "/Users/omaryoussef/Documents/GitHub/PulseTrade-AI/modules/news_engine.py", line 661, in poll_once
    raw_items = self.client.fetch_news(
        page_size=self.config.page_size,
    ...<2 lines>...
        updated_since=since,
    )
  File "/Users/omaryoussef/Documents/GitHub/PulseTrade-AI/modules/news_engine.py", line 551, in fetch_news
    response.raise_for_status()
    ~~~~~~~~~~~~~~~~~~~~~~~~~^^
  File "/Library/Frameworks/Python.framework/Versions/3.14/lib/python3.14/site-packages/requests/models.py", line 1167, in raise_for_status
    raise HTTPError(http_error_msg, response=self)
requests.exceptions.HTTPError: 400 Client Error: Bad Request for url: https://api.benzinga.com/api/v2/news?token=bz.SHPKXEACLAI54NMQAVVFFDHNV5TPLG74&pageSize=50&displayOutput=full&updatedSince=2026-06-20T02%3A10%3A21Z

2026-06-20T03:37:23.055951+00:00 | ERROR | News poll failed:
Traceback (most recent call last):
  File "/Library/Frameworks/Python.framework/Versions/3.14/lib/python3.14/site-packages/urllib3/connectionpool.py", line 534, in _make_request
    response = conn.getresponse()
  File "/Library/Frameworks/Python.framework/Versions/3.14/lib/python3.14/site-packages/urllib3/connection.py", line 571, in getresponse
    httplib_response = super().getresponse()
  File "/Library/Frameworks/Python.framework/Versions/3.14/lib/python3.14/http/client.py", line 1459, in getresponse
    response.begin()
    ~~~~~~~~~~~~~~^^
  File "/Library/Frameworks/Python.framework/Versions/3.14/lib/python3.14/http/client.py", line 336, in begin
    version, status, reason = self._read_status()
                              ~~~~~~~~~~~~~~~~~^^
  File "/Library/Frameworks/Python.framework/Versions/3.14/lib/python3.14/http/client.py", line 297, in _read_status
    line = str(self.fp.readline(_MAXLINE + 1), "iso-8859-1")
               ~~~~~~~~~~~~~~~~^^^^^^^^^^^^^^
  File "/Library/Frameworks/Python.framework/Versions/3.14/lib/python3.14/socket.py", line 729, in readinto
    return self._sock.recv_into(b)
           ~~~~~~~~~~~~~~~~~~~~^^^
  File "/Library/Frameworks/Python.framework/Versions/3.14/lib/python3.14/ssl.py", line 1304, in recv_into
    return self.read(nbytes, buffer)
           ~~~~~~~~~^^^^^^^^^^^^^^^^
  File "/Library/Frameworks/Python.framework/Versions/3.14/lib/python3.14/ssl.py", line 1138, in read
    return self._sslobj.read(len, buffer)
           ~~~~~~~~~~~~~~~~~^^^^^^^^^^^^^
TimeoutError: The read operation timed out

The above exception was the direct cause of the following exception:

Traceback (most recent call last):
  File "/Library/Frameworks/Python.framework/Versions/3.14/lib/python3.14/site-packages/requests/adapters.py", line 696, in send
    resp = conn.urlopen(
        method=request.method,
    ...<9 lines>...
        chunked=chunked,
    )
  File "/Library/Frameworks/Python.framework/Versions/3.14/lib/python3.14/site-packages/urllib3/connectionpool.py", line 842, in urlopen
    retries = retries.increment(
        method, url, error=new_e, _pool=self, _stacktrace=sys.exc_info()[2]
    )
  File "/Library/Frameworks/Python.framework/Versions/3.14/lib/python3.14/site-packages/urllib3/util/retry.py", line 498, in increment
    raise reraise(type(error), error, _stacktrace)
          ~~~~~~~^^^^^^^^^^^^^^^^^^^^^^^^^^^^^^^^^
  File "/Library/Frameworks/Python.framework/Versions/3.14/lib/python3.14/site-packages/urllib3/util/util.py", line 39, in reraise
    raise value
  File "/Library/Frameworks/Python.framework/Versions/3.14/lib/python3.14/site-packages/urllib3/connectionpool.py", line 788, in urlopen
    response = self._make_request(
        conn,
    ...<10 lines>...
        **response_kw,
    )
  File "/Library/Frameworks/Python.framework/Versions/3.14/lib/python3.14/site-packages/urllib3/connectionpool.py", line 536, in _make_request
    self._raise_timeout(err=e, url=url, timeout_value=read_timeout)
    ~~~~~~~~~~~~~~~~~~~^^^^^^^^^^^^^^^^^^^^^^^^^^^^^^^^^^^^^^^^^^^^
  File "/Library/Frameworks/Python.framework/Versions/3.14/lib/python3.14/site-packages/urllib3/connectionpool.py", line 367, in _raise_timeout
    raise ReadTimeoutError(
        self, url, f"Read timed out. (read timeout={timeout_value})"
    ) from err
urllib3.exceptions.ReadTimeoutError: HTTPSConnectionPool(host='api.benzinga.com', port=443): Read timed out. (read timeout=15)

During handling of the above exception, another exception occurred:

Traceback (most recent call last):
  File "/Users/omaryoussef/Documents/GitHub/PulseTrade-AI/modules/news_engine.py", line 661, in poll_once
    raw_items = self.client.fetch_news(
        page_size=self.config.page_size,
    ...<2 lines>...
        updated_since=since,
    )
  File "/Users/omaryoussef/Documents/GitHub/PulseTrade-AI/modules/news_engine.py", line 550, in fetch_news
    response = self.session.get(BENZINGA_NEWS_URL, params=params, timeout=self.timeout_seconds)
  File "/Library/Frameworks/Python.framework/Versions/3.14/lib/python3.14/site-packages/requests/sessions.py", line 671, in get
    return self.request("GET", url, params=params, **kwargs)
           ~~~~~~~~~~~~^^^^^^^^^^^^^^^^^^^^^^^^^^^^^^^^^^^^^
  File "/Library/Frameworks/Python.framework/Versions/3.14/lib/python3.14/site-packages/requests/sessions.py", line 651, in request
    resp = self.send(prep, **send_kwargs)
  File "/Library/Frameworks/Python.framework/Versions/3.14/lib/python3.14/site-packages/requests/sessions.py", line 784, in send
    r = adapter.send(request, **kwargs)
  File "/Library/Frameworks/Python.framework/Versions/3.14/lib/python3.14/site-packages/requests/adapters.py", line 742, in send
    raise ReadTimeout(e, request=request)
requests.exceptions.ReadTimeout: HTTPSConnectionPool(host='api.benzinga.com', port=443): Read timed out. (read timeout=15)

2026-06-20T03:56:49.643519+00:00 | ERROR | News poll failed:
Traceback (most recent call last):
  File "/Users/omaryoussef/Documents/GitHub/PulseTrade-AI/modules/news_engine.py", line 661, in poll_once
    raw_items = self.client.fetch_news(
        page_size=self.config.page_size,
    ...<2 lines>...
        updated_since=since,
    )
  File "/Users/omaryoussef/Documents/GitHub/PulseTrade-AI/modules/news_engine.py", line 551, in fetch_news
    response.raise_for_status()
    ~~~~~~~~~~~~~~~~~~~~~~~~~^^
  File "/Library/Frameworks/Python.framework/Versions/3.14/lib/python3.14/site-packages/requests/models.py", line 1167, in raise_for_status
    raise HTTPError(http_error_msg, response=self)
requests.exceptions.HTTPError: 400 Client Error: Bad Request for url: https://api.benzinga.com/api/v2/news?token=bz.SHPKXEACLAI54NMQAVVFFDHNV5TPLG74&pageSize=50&displayOutput=full&updatedSince=2026-06-20T02%3A56%3A48Z

2026-06-20T03:57:19.826378+00:00 | ERROR | News poll failed:
Traceback (most recent call last):
  File "/Users/omaryoussef/Documents/GitHub/PulseTrade-AI/modules/news_engine.py", line 661, in poll_once
    raw_items = self.client.fetch_news(
        page_size=self.config.page_size,
    ...<2 lines>...
        updated_since=since,
    )
  File "/Users/omaryoussef/Documents/GitHub/PulseTrade-AI/modules/news_engine.py", line 551, in fetch_news
    response.raise_for_status()
    ~~~~~~~~~~~~~~~~~~~~~~~~~^^
  File "/Library/Frameworks/Python.framework/Versions/3.14/lib/python3.14/site-packages/requests/models.py", line 1167, in raise_for_status
    raise HTTPError(http_error_msg, response=self)
requests.exceptions.HTTPError: 400 Client Error: Bad Request for url: https://api.benzinga.com/api/v2/news?token=bz.SHPKXEACLAI54NMQAVVFFDHNV5TPLG74&pageSize=50&displayOutput=full&updatedSince=2026-06-20T02%3A57%3A19Z

2026-06-20T03:57:50.001733+00:00 | ERROR | News poll failed:
Traceback (most recent call last):
  File "/Users/omaryoussef/Documents/GitHub/PulseTrade-AI/modules/news_engine.py", line 661, in poll_once
    raw_items = self.client.fetch_news(
        page_size=self.config.page_size,
    ...<2 lines>...
        updated_since=since,
    )
  File "/Users/omaryoussef/Documents/GitHub/PulseTrade-AI/modules/news_engine.py", line 551, in fetch_news
    response.raise_for_status()
    ~~~~~~~~~~~~~~~~~~~~~~~~~^^
  File "/Library/Frameworks/Python.framework/Versions/3.14/lib/python3.14/site-packages/requests/models.py", line 1167, in raise_for_status
    raise HTTPError(http_error_msg, response=self)
requests.exceptions.HTTPError: 400 Client Error: Bad Request for url: https://api.benzinga.com/api/v2/news?token=bz.SHPKXEACLAI54NMQAVVFFDHNV5TPLG74&pageSize=50&displayOutput=full&updatedSince=2026-06-20T02%3A57%3A49Z

2026-06-20T03:58:20.179051+00:00 | ERROR | News poll failed:
Traceback (most recent call last):
  File "/Users/omaryoussef/Documents/GitHub/PulseTrade-AI/modules/news_engine.py", line 661, in poll_once
    raw_items = self.client.fetch_news(
        page_size=self.config.page_size,
    ...<2 lines>...
        updated_since=since,
    )
  File "/Users/omaryoussef/Documents/GitHub/PulseTrade-AI/modules/news_engine.py", line 551, in fetch_news
    response.raise_for_status()
    ~~~~~~~~~~~~~~~~~~~~~~~~~^^
  File "/Library/Frameworks/Python.framework/Versions/3.14/lib/python3.14/site-packages/requests/models.py", line 1167, in raise_for_status
    raise HTTPError(http_error_msg, response=self)
requests.exceptions.HTTPError: 400 Client Error: Bad Request for url: https://api.benzinga.com/api/v2/news?token=bz.SHPKXEACLAI54NMQAVVFFDHNV5TPLG74&pageSize=50&displayOutput=full&updatedSince=2026-06-20T02%3A58%3A20Z

2026-06-20T03:58:50.546562+00:00 | ERROR | News poll failed:
Traceback (most recent call last):
  File "/Users/omaryoussef/Documents/GitHub/PulseTrade-AI/modules/news_engine.py", line 661, in poll_once
    raw_items = self.client.fetch_news(
        page_size=self.config.page_size,
    ...<2 lines>...
        updated_since=since,
    )
  File "/Users/omaryoussef/Documents/GitHub/PulseTrade-AI/modules/news_engine.py", line 551, in fetch_news
    response.raise_for_status()
    ~~~~~~~~~~~~~~~~~~~~~~~~~^^
  File "/Library/Frameworks/Python.framework/Versions/3.14/lib/python3.14/site-packages/requests/models.py", line 1167, in raise_for_status
    raise HTTPError(http_error_msg, response=self)
requests.exceptions.HTTPError: 400 Client Error: Bad Request for url: https://api.benzinga.com/api/v2/news?token=bz.SHPKXEACLAI54NMQAVVFFDHNV5TPLG74&pageSize=50&displayOutput=full&updatedSince=2026-06-20T02%3A58%3A50Z

2026-06-20T03:59:20.757877+00:00 | ERROR | News poll failed:
Traceback (most recent call last):
  File "/Users/omaryoussef/Documents/GitHub/PulseTrade-AI/modules/news_engine.py", line 661, in poll_once
    raw_items = self.client.fetch_news(
        page_size=self.config.page_size,
    ...<2 lines>...
        updated_since=since,
    )
  File "/Users/omaryoussef/Documents/GitHub/PulseTrade-AI/modules/news_engine.py", line 551, in fetch_news
    response.raise_for_status()
    ~~~~~~~~~~~~~~~~~~~~~~~~~^^
  File "/Library/Frameworks/Python.framework/Versions/3.14/lib/python3.14/site-packages/requests/models.py", line 1167, in raise_for_status
    raise HTTPError(http_error_msg, response=self)
requests.exceptions.HTTPError: 400 Client Error: Bad Request for url: https://api.benzinga.com/api/v2/news?token=bz.SHPKXEACLAI54NMQAVVFFDHNV5TPLG74&pageSize=50&displayOutput=full&updatedSince=2026-06-20T02%3A59%3A20Z

2026-06-20T03:59:50.936278+00:00 | ERROR | News poll failed:
Traceback (most recent call last):
  File "/Users/omaryoussef/Documents/GitHub/PulseTrade-AI/modules/news_engine.py", line 661, in poll_once
    raw_items = self.client.fetch_news(
        page_size=self.config.page_size,
    ...<2 lines>...
        updated_since=since,
    )
  File "/Users/omaryoussef/Documents/GitHub/PulseTrade-AI/modules/news_engine.py", line 551, in fetch_news
    response.raise_for_status()
    ~~~~~~~~~~~~~~~~~~~~~~~~~^^
  File "/Library/Frameworks/Python.framework/Versions/3.14/lib/python3.14/site-packages/requests/models.py", line 1167, in raise_for_status
    raise HTTPError(http_error_msg, response=self)
requests.exceptions.HTTPError: 400 Client Error: Bad Request for url: https://api.benzinga.com/api/v2/news?token=bz.SHPKXEACLAI54NMQAVVFFDHNV5TPLG74&pageSize=50&displayOutput=full&updatedSince=2026-06-20T02%3A59%3A50Z

2026-06-20T04:00:21.122687+00:00 | ERROR | News poll failed:
Traceback (most recent call last):
  File "/Users/omaryoussef/Documents/GitHub/PulseTrade-AI/modules/news_engine.py", line 661, in poll_once
    raw_items = self.client.fetch_news(
        page_size=self.config.page_size,
    ...<2 lines>...
        updated_since=since,
    )
  File "/Users/omaryoussef/Documents/GitHub/PulseTrade-AI/modules/news_engine.py", line 551, in fetch_news
    response.raise_for_status()
    ~~~~~~~~~~~~~~~~~~~~~~~~~^^
  File "/Library/Frameworks/Python.framework/Versions/3.14/lib/python3.14/site-packages/requests/models.py", line 1167, in raise_for_status
    raise HTTPError(http_error_msg, response=self)
requests.exceptions.HTTPError: 400 Client Error: Bad Request for url: https://api.benzinga.com/api/v2/news?token=bz.SHPKXEACLAI54NMQAVVFFDHNV5TPLG74&pageSize=50&displayOutput=full&updatedSince=2026-06-20T03%3A00%3A20Z

2026-06-20T04:00:51.311427+00:00 | ERROR | News poll failed:
Traceback (most recent call last):
  File "/Users/omaryoussef/Documents/GitHub/PulseTrade-AI/modules/news_engine.py", line 661, in poll_once
    raw_items = self.client.fetch_news(
        page_size=self.config.page_size,
    ...<2 lines>...
        updated_since=since,
    )
  File "/Users/omaryoussef/Documents/GitHub/PulseTrade-AI/modules/news_engine.py", line 551, in fetch_news
    response.raise_for_status()
    ~~~~~~~~~~~~~~~~~~~~~~~~~^^
  File "/Library/Frameworks/Python.framework/Versions/3.14/lib/python3.14/site-packages/requests/models.py", line 1167, in raise_for_status
    raise HTTPError(http_error_msg, response=self)
requests.exceptions.HTTPError: 400 Client Error: Bad Request for url: https://api.benzinga.com/api/v2/news?token=bz.SHPKXEACLAI54NMQAVVFFDHNV5TPLG74&pageSize=50&displayOutput=full&updatedSince=2026-06-20T03%3A00%3A51Z

2026-06-20T04:01:21.493836+00:00 | ERROR | News poll failed:
Traceback (most recent call last):
  File "/Users/omaryoussef/Documents/GitHub/PulseTrade-AI/modules/news_engine.py", line 661, in poll_once
    raw_items = self.client.fetch_news(
        page_size=self.config.page_size,
    ...<2 lines>...
        updated_since=since,
    )
  File "/Users/omaryoussef/Documents/GitHub/PulseTrade-AI/modules/news_engine.py", line 551, in fetch_news
    response.raise_for_status()
    ~~~~~~~~~~~~~~~~~~~~~~~~~^^
  File "/Library/Frameworks/Python.framework/Versions/3.14/lib/python3.14/site-packages/requests/models.py", line 1167, in raise_for_status
    raise HTTPError(http_error_msg, response=self)
requests.exceptions.HTTPError: 400 Client Error: Bad Request for url: https://api.benzinga.com/api/v2/news?token=bz.SHPKXEACLAI54NMQAVVFFDHNV5TPLG74&pageSize=50&displayOutput=full&updatedSince=2026-06-20T03%3A01%3A21Z

2026-06-20T04:01:51.872362+00:00 | ERROR | News poll failed:
Traceback (most recent call last):
  File "/Users/omaryoussef/Documents/GitHub/PulseTrade-AI/modules/news_engine.py", line 661, in poll_once
    raw_items = self.client.fetch_news(
        page_size=self.config.page_size,
    ...<2 lines>...
        updated_since=since,
    )
  File "/Users/omaryoussef/Documents/GitHub/PulseTrade-AI/modules/news_engine.py", line 551, in fetch_news
    response.raise_for_status()
    ~~~~~~~~~~~~~~~~~~~~~~~~~^^
  File "/Library/Frameworks/Python.framework/Versions/3.14/lib/python3.14/site-packages/requests/models.py", line 1167, in raise_for_status
    raise HTTPError(http_error_msg, response=self)
requests.exceptions.HTTPError: 400 Client Error: Bad Request for url: https://api.benzinga.com/api/v2/news?token=bz.SHPKXEACLAI54NMQAVVFFDHNV5TPLG74&pageSize=50&displayOutput=full&updatedSince=2026-06-20T03%3A01%3A51Z

2026-06-20T04:02:22.063407+00:00 | ERROR | News poll failed:
Traceback (most recent call last):
  File "/Users/omaryoussef/Documents/GitHub/PulseTrade-AI/modules/news_engine.py", line 661, in poll_once
    raw_items = self.client.fetch_news(
        page_size=self.config.page_size,
    ...<2 lines>...
        updated_since=since,
    )
  File "/Users/omaryoussef/Documents/GitHub/PulseTrade-AI/modules/news_engine.py", line 551, in fetch_news
    response.raise_for_status()
    ~~~~~~~~~~~~~~~~~~~~~~~~~^^
  File "/Library/Frameworks/Python.framework/Versions/3.14/lib/python3.14/site-packages/requests/models.py", line 1167, in raise_for_status
    raise HTTPError(http_error_msg, response=self)
requests.exceptions.HTTPError: 400 Client Error: Bad Request for url: https://api.benzinga.com/api/v2/news?token=bz.SHPKXEACLAI54NMQAVVFFDHNV5TPLG74&pageSize=50&displayOutput=full&updatedSince=2026-06-20T03%3A02%3A21Z

2026-06-20T04:02:52.263607+00:00 | ERROR | News poll failed:
Traceback (most recent call last):
  File "/Users/omaryoussef/Documents/GitHub/PulseTrade-AI/modules/news_engine.py", line 661, in poll_once
    raw_items = self.client.fetch_news(
        page_size=self.config.page_size,
    ...<2 lines>...
        updated_since=since,
    )
  File "/Users/omaryoussef/Documents/GitHub/PulseTrade-AI/modules/news_engine.py", line 551, in fetch_news
    response.raise_for_status()
    ~~~~~~~~~~~~~~~~~~~~~~~~~^^
  File "/Library/Frameworks/Python.framework/Versions/3.14/lib/python3.14/site-packages/requests/models.py", line 1167, in raise_for_status
    raise HTTPError(http_error_msg, response=self)
requests.exceptions.HTTPError: 400 Client Error: Bad Request for url: https://api.benzinga.com/api/v2/news?token=bz.SHPKXEACLAI54NMQAVVFFDHNV5TPLG74&pageSize=50&displayOutput=full&updatedSince=2026-06-20T03%3A02%3A52Z

2026-06-20T04:03:22.461651+00:00 | ERROR | News poll failed:
Traceback (most recent call last):
  File "/Users/omaryoussef/Documents/GitHub/PulseTrade-AI/modules/news_engine.py", line 661, in poll_once
    raw_items = self.client.fetch_news(
        page_size=self.config.page_size,
    ...<2 lines>...
        updated_since=since,
    )
  File "/Users/omaryoussef/Documents/GitHub/PulseTrade-AI/modules/news_engine.py", line 551, in fetch_news
    response.raise_for_status()
    ~~~~~~~~~~~~~~~~~~~~~~~~~^^
  File "/Library/Frameworks/Python.framework/Versions/3.14/lib/python3.14/site-packages/requests/models.py", line 1167, in raise_for_status
    raise HTTPError(http_error_msg, response=self)
requests.exceptions.HTTPError: 400 Client Error: Bad Request for url: https://api.benzinga.com/api/v2/news?token=bz.SHPKXEACLAI54NMQAVVFFDHNV5TPLG74&pageSize=50&displayOutput=full&updatedSince=2026-06-20T03%3A03%3A22Z

2026-06-20T04:03:52.677148+00:00 | ERROR | News poll failed:
Traceback (most recent call last):
  File "/Users/omaryoussef/Documents/GitHub/PulseTrade-AI/modules/news_engine.py", line 661, in poll_once
    raw_items = self.client.fetch_news(
        page_size=self.config.page_size,
    ...<2 lines>...
        updated_since=since,
    )
  File "/Users/omaryoussef/Documents/GitHub/PulseTrade-AI/modules/news_engine.py", line 551, in fetch_news
    response.raise_for_status()
    ~~~~~~~~~~~~~~~~~~~~~~~~~^^
  File "/Library/Frameworks/Python.framework/Versions/3.14/lib/python3.14/site-packages/requests/models.py", line 1167, in raise_for_status
    raise HTTPError(http_error_msg, response=self)
requests.exceptions.HTTPError: 400 Client Error: Bad Request for url: https://api.benzinga.com/api/v2/news?token=bz.SHPKXEACLAI54NMQAVVFFDHNV5TPLG74&pageSize=50&displayOutput=full&updatedSince=2026-06-20T03%3A03%3A52Z

2026-06-20T04:04:22.859686+00:00 | ERROR | News poll failed:
Traceback (most recent call last):
  File "/Users/omaryoussef/Documents/GitHub/PulseTrade-AI/modules/news_engine.py", line 661, in poll_once
    raw_items = self.client.fetch_news(
        page_size=self.config.page_size,
    ...<2 lines>...
        updated_since=since,
    )
  File "/Users/omaryoussef/Documents/GitHub/PulseTrade-AI/modules/news_engine.py", line 551, in fetch_news
    response.raise_for_status()
    ~~~~~~~~~~~~~~~~~~~~~~~~~^^
  File "/Library/Frameworks/Python.framework/Versions/3.14/lib/python3.14/site-packages/requests/models.py", line 1167, in raise_for_status
    raise HTTPError(http_error_msg, response=self)
requests.exceptions.HTTPError: 400 Client Error: Bad Request for url: https://api.benzinga.com/api/v2/news?token=bz.SHPKXEACLAI54NMQAVVFFDHNV5TPLG74&pageSize=50&displayOutput=full&updatedSince=2026-06-20T03%3A04%3A22Z

2026-06-20T04:04:53.061090+00:00 | ERROR | News poll failed:
Traceback (most recent call last):
  File "/Users/omaryoussef/Documents/GitHub/PulseTrade-AI/modules/news_engine.py", line 661, in poll_once
    raw_items = self.client.fetch_news(
        page_size=self.config.page_size,
    ...<2 lines>...
        updated_since=since,
    )
  File "/Users/omaryoussef/Documents/GitHub/PulseTrade-AI/modules/news_engine.py", line 551, in fetch_news
    response.raise_for_status()
    ~~~~~~~~~~~~~~~~~~~~~~~~~^^
  File "/Library/Frameworks/Python.framework/Versions/3.14/lib/python3.14/site-packages/requests/models.py", line 1167, in raise_for_status
    raise HTTPError(http_error_msg, response=self)
requests.exceptions.HTTPError: 400 Client Error: Bad Request for url: https://api.benzinga.com/api/v2/news?token=bz.SHPKXEACLAI54NMQAVVFFDHNV5TPLG74&pageSize=50&displayOutput=full&updatedSince=2026-06-20T03%3A04%3A52Z

2026-06-20T04:05:23.248848+00:00 | ERROR | News poll failed:
Traceback (most recent call last):
  File "/Users/omaryoussef/Documents/GitHub/PulseTrade-AI/modules/news_engine.py", line 661, in poll_once
    raw_items = self.client.fetch_news(
        page_size=self.config.page_size,
    ...<2 lines>...
        updated_since=since,
    )
  File "/Users/omaryoussef/Documents/GitHub/PulseTrade-AI/modules/news_engine.py", line 551, in fetch_news
    response.raise_for_status()
    ~~~~~~~~~~~~~~~~~~~~~~~~~^^
  File "/Library/Frameworks/Python.framework/Versions/3.14/lib/python3.14/site-packages/requests/models.py", line 1167, in raise_for_status
    raise HTTPError(http_error_msg, response=self)
requests.exceptions.HTTPError: 400 Client Error: Bad Request for url: https://api.benzinga.com/api/v2/news?token=bz.SHPKXEACLAI54NMQAVVFFDHNV5TPLG74&pageSize=50&displayOutput=full&updatedSince=2026-06-20T03%3A05%3A23Z

2026-06-20T04:05:53.478111+00:00 | ERROR | News poll failed:
Traceback (most recent call last):
  File "/Users/omaryoussef/Documents/GitHub/PulseTrade-AI/modules/news_engine.py", line 661, in poll_once
    raw_items = self.client.fetch_news(
        page_size=self.config.page_size,
    ...<2 lines>...
        updated_since=since,
    )
  File "/Users/omaryoussef/Documents/GitHub/PulseTrade-AI/modules/news_engine.py", line 551, in fetch_news
    response.raise_for_status()
    ~~~~~~~~~~~~~~~~~~~~~~~~~^^
  File "/Library/Frameworks/Python.framework/Versions/3.14/lib/python3.14/site-packages/requests/models.py", line 1167, in raise_for_status
    raise HTTPError(http_error_msg, response=self)
requests.exceptions.HTTPError: 400 Client Error: Bad Request for url: https://api.benzinga.com/api/v2/news?token=bz.SHPKXEACLAI54NMQAVVFFDHNV5TPLG74&pageSize=50&displayOutput=full&updatedSince=2026-06-20T03%3A05%3A53Z

2026-06-20T04:06:23.876855+00:00 | ERROR | News poll failed:
Traceback (most recent call last):
  File "/Users/omaryoussef/Documents/GitHub/PulseTrade-AI/modules/news_engine.py", line 661, in poll_once
    raw_items = self.client.fetch_news(
        page_size=self.config.page_size,
    ...<2 lines>...
        updated_since=since,
    )
  File "/Users/omaryoussef/Documents/GitHub/PulseTrade-AI/modules/news_engine.py", line 551, in fetch_news
    response.raise_for_status()
    ~~~~~~~~~~~~~~~~~~~~~~~~~^^
  File "/Library/Frameworks/Python.framework/Versions/3.14/lib/python3.14/site-packages/requests/models.py", line 1167, in raise_for_status
    raise HTTPError(http_error_msg, response=self)
requests.exceptions.HTTPError: 400 Client Error: Bad Request for url: https://api.benzinga.com/api/v2/news?token=bz.SHPKXEACLAI54NMQAVVFFDHNV5TPLG74&pageSize=50&displayOutput=full&updatedSince=2026-06-20T03%3A06%3A23Z

2026-06-20T04:06:54.075448+00:00 | ERROR | News poll failed:
Traceback (most recent call last):
  File "/Users/omaryoussef/Documents/GitHub/PulseTrade-AI/modules/news_engine.py", line 661, in poll_once
    raw_items = self.client.fetch_news(
        page_size=self.config.page_size,
    ...<2 lines>...
        updated_since=since,
    )
  File "/Users/omaryoussef/Documents/GitHub/PulseTrade-AI/modules/news_engine.py", line 551, in fetch_news
    response.raise_for_status()
    ~~~~~~~~~~~~~~~~~~~~~~~~~^^
  File "/Library/Frameworks/Python.framework/Versions/3.14/lib/python3.14/site-packages/requests/models.py", line 1167, in raise_for_status
    raise HTTPError(http_error_msg, response=self)
requests.exceptions.HTTPError: 400 Client Error: Bad Request for url: https://api.benzinga.com/api/v2/news?token=bz.SHPKXEACLAI54NMQAVVFFDHNV5TPLG74&pageSize=50&displayOutput=full&updatedSince=2026-06-20T03%3A06%3A53Z

2026-06-20T04:07:24.269372+00:00 | ERROR | News poll failed:
Traceback (most recent call last):
  File "/Users/omaryoussef/Documents/GitHub/PulseTrade-AI/modules/news_engine.py", line 661, in poll_once
    raw_items = self.client.fetch_news(
        page_size=self.config.page_size,
    ...<2 lines>...
        updated_since=since,
    )
  File "/Users/omaryoussef/Documents/GitHub/PulseTrade-AI/modules/news_engine.py", line 551, in fetch_news
    response.raise_for_status()
    ~~~~~~~~~~~~~~~~~~~~~~~~~^^
  File "/Library/Frameworks/Python.framework/Versions/3.14/lib/python3.14/site-packages/requests/models.py", line 1167, in raise_for_status
    raise HTTPError(http_error_msg, response=self)
requests.exceptions.HTTPError: 400 Client Error: Bad Request for url: https://api.benzinga.com/api/v2/news?token=bz.SHPKXEACLAI54NMQAVVFFDHNV5TPLG74&pageSize=50&displayOutput=full&updatedSince=2026-06-20T03%3A07%3A24Z

2026-06-20T04:07:54.461411+00:00 | ERROR | News poll failed:
Traceback (most recent call last):
  File "/Users/omaryoussef/Documents/GitHub/PulseTrade-AI/modules/news_engine.py", line 661, in poll_once
    raw_items = self.client.fetch_news(
        page_size=self.config.page_size,
    ...<2 lines>...
        updated_since=since,
    )
  File "/Users/omaryoussef/Documents/GitHub/PulseTrade-AI/modules/news_engine.py", line 551, in fetch_news
    response.raise_for_status()
    ~~~~~~~~~~~~~~~~~~~~~~~~~^^
  File "/Library/Frameworks/Python.framework/Versions/3.14/lib/python3.14/site-packages/requests/models.py", line 1167, in raise_for_status
    raise HTTPError(http_error_msg, response=self)
requests.exceptions.HTTPError: 400 Client Error: Bad Request for url: https://api.benzinga.com/api/v2/news?token=bz.SHPKXEACLAI54NMQAVVFFDHNV5TPLG74&pageSize=50&displayOutput=full&updatedSince=2026-06-20T03%3A07%3A54Z

2026-06-20T04:08:24.654327+00:00 | ERROR | News poll failed:
Traceback (most recent call last):
  File "/Users/omaryoussef/Documents/GitHub/PulseTrade-AI/modules/news_engine.py", line 661, in poll_once
    raw_items = self.client.fetch_news(
        page_size=self.config.page_size,
    ...<2 lines>...
        updated_since=since,
    )
  File "/Users/omaryoussef/Documents/GitHub/PulseTrade-AI/modules/news_engine.py", line 551, in fetch_news
    response.raise_for_status()
    ~~~~~~~~~~~~~~~~~~~~~~~~~^^
  File "/Library/Frameworks/Python.framework/Versions/3.14/lib/python3.14/site-packages/requests/models.py", line 1167, in raise_for_status
    raise HTTPError(http_error_msg, response=self)
requests.exceptions.HTTPError: 400 Client Error: Bad Request for url: https://api.benzinga.com/api/v2/news?token=bz.SHPKXEACLAI54NMQAVVFFDHNV5TPLG74&pageSize=50&displayOutput=full&updatedSince=2026-06-20T03%3A08%3A24Z

2026-06-20T04:08:55.118051+00:00 | ERROR | News poll failed:
Traceback (most recent call last):
  File "/Users/omaryoussef/Documents/GitHub/PulseTrade-AI/modules/news_engine.py", line 661, in poll_once
    raw_items = self.client.fetch_news(
        page_size=self.config.page_size,
    ...<2 lines>...
        updated_since=since,
    )
  File "/Users/omaryoussef/Documents/GitHub/PulseTrade-AI/modules/news_engine.py", line 551, in fetch_news
    response.raise_for_status()
    ~~~~~~~~~~~~~~~~~~~~~~~~~^^
  File "/Library/Frameworks/Python.framework/Versions/3.14/lib/python3.14/site-packages/requests/models.py", line 1167, in raise_for_status
    raise HTTPError(http_error_msg, response=self)
requests.exceptions.HTTPError: 400 Client Error: Bad Request for url: https://api.benzinga.com/api/v2/news?token=bz.SHPKXEACLAI54NMQAVVFFDHNV5TPLG74&pageSize=50&displayOutput=full&updatedSince=2026-06-20T03%3A08%3A54Z

2026-06-20T04:09:25.302073+00:00 | ERROR | News poll failed:
Traceback (most recent call last):
  File "/Users/omaryoussef/Documents/GitHub/PulseTrade-AI/modules/news_engine.py", line 661, in poll_once
    raw_items = self.client.fetch_news(
        page_size=self.config.page_size,
    ...<2 lines>...
        updated_since=since,
    )
  File "/Users/omaryoussef/Documents/GitHub/PulseTrade-AI/modules/news_engine.py", line 551, in fetch_news
    response.raise_for_status()
    ~~~~~~~~~~~~~~~~~~~~~~~~~^^
  File "/Library/Frameworks/Python.framework/Versions/3.14/lib/python3.14/site-packages/requests/models.py", line 1167, in raise_for_status
    raise HTTPError(http_error_msg, response=self)
requests.exceptions.HTTPError: 400 Client Error: Bad Request for url: https://api.benzinga.com/api/v2/news?token=bz.SHPKXEACLAI54NMQAVVFFDHNV5TPLG74&pageSize=50&displayOutput=full&updatedSince=2026-06-20T03%3A09%3A25Z

2026-06-20T04:09:55.490050+00:00 | ERROR | News poll failed:
Traceback (most recent call last):
  File "/Users/omaryoussef/Documents/GitHub/PulseTrade-AI/modules/news_engine.py", line 661, in poll_once
    raw_items = self.client.fetch_news(
        page_size=self.config.page_size,
    ...<2 lines>...
        updated_since=since,
    )
  File "/Users/omaryoussef/Documents/GitHub/PulseTrade-AI/modules/news_engine.py", line 551, in fetch_news
    response.raise_for_status()
    ~~~~~~~~~~~~~~~~~~~~~~~~~^^
  File "/Library/Frameworks/Python.framework/Versions/3.14/lib/python3.14/site-packages/requests/models.py", line 1167, in raise_for_status
    raise HTTPError(http_error_msg, response=self)
requests.exceptions.HTTPError: 400 Client Error: Bad Request for url: https://api.benzinga.com/api/v2/news?token=bz.SHPKXEACLAI54NMQAVVFFDHNV5TPLG74&pageSize=50&displayOutput=full&updatedSince=2026-06-20T03%3A09%3A55Z

2026-06-20T04:10:25.945332+00:00 | ERROR | News poll failed:
Traceback (most recent call last):
  File "/Users/omaryoussef/Documents/GitHub/PulseTrade-AI/modules/news_engine.py", line 661, in poll_once
    raw_items = self.client.fetch_news(
        page_size=self.config.page_size,
    ...<2 lines>...
        updated_since=since,
    )
  File "/Users/omaryoussef/Documents/GitHub/PulseTrade-AI/modules/news_engine.py", line 551, in fetch_news
    response.raise_for_status()
    ~~~~~~~~~~~~~~~~~~~~~~~~~^^
  File "/Library/Frameworks/Python.framework/Versions/3.14/lib/python3.14/site-packages/requests/models.py", line 1167, in raise_for_status
    raise HTTPError(http_error_msg, response=self)
requests.exceptions.HTTPError: 400 Client Error: Bad Request for url: https://api.benzinga.com/api/v2/news?token=bz.SHPKXEACLAI54NMQAVVFFDHNV5TPLG74&pageSize=50&displayOutput=full&updatedSince=2026-06-20T03%3A10%3A25Z

2026-06-20T04:10:56.137186+00:00 | ERROR | News poll failed:
Traceback (most recent call last):
  File "/Users/omaryoussef/Documents/GitHub/PulseTrade-AI/modules/news_engine.py", line 661, in poll_once
    raw_items = self.client.fetch_news(
        page_size=self.config.page_size,
    ...<2 lines>...
        updated_since=since,
    )
  File "/Users/omaryoussef/Documents/GitHub/PulseTrade-AI/modules/news_engine.py", line 551, in fetch_news
    response.raise_for_status()
    ~~~~~~~~~~~~~~~~~~~~~~~~~^^
  File "/Library/Frameworks/Python.framework/Versions/3.14/lib/python3.14/site-packages/requests/models.py", line 1167, in raise_for_status
    raise HTTPError(http_error_msg, response=self)
requests.exceptions.HTTPError: 400 Client Error: Bad Request for url: https://api.benzinga.com/api/v2/news?token=bz.SHPKXEACLAI54NMQAVVFFDHNV5TPLG74&pageSize=50&displayOutput=full&updatedSince=2026-06-20T03%3A10%3A55Z

2026-06-20T04:11:26.325531+00:00 | ERROR | News poll failed:
Traceback (most recent call last):
  File "/Users/omaryoussef/Documents/GitHub/PulseTrade-AI/modules/news_engine.py", line 661, in poll_once
    raw_items = self.client.fetch_news(
        page_size=self.config.page_size,
    ...<2 lines>...
        updated_since=since,
    )
  File "/Users/omaryoussef/Documents/GitHub/PulseTrade-AI/modules/news_engine.py", line 551, in fetch_news
    response.raise_for_status()
    ~~~~~~~~~~~~~~~~~~~~~~~~~^^
  File "/Library/Frameworks/Python.framework/Versions/3.14/lib/python3.14/site-packages/requests/models.py", line 1167, in raise_for_status
    raise HTTPError(http_error_msg, response=self)
requests.exceptions.HTTPError: 400 Client Error: Bad Request for url: https://api.benzinga.com/api/v2/news?token=bz.SHPKXEACLAI54NMQAVVFFDHNV5TPLG74&pageSize=50&displayOutput=full&updatedSince=2026-06-20T03%3A11%3A26Z

2026-06-20T04:11:56.518232+00:00 | ERROR | News poll failed:
Traceback (most recent call last):
  File "/Users/omaryoussef/Documents/GitHub/PulseTrade-AI/modules/news_engine.py", line 661, in poll_once
    raw_items = self.client.fetch_news(
        page_size=self.config.page_size,
    ...<2 lines>...
        updated_since=since,
    )
  File "/Users/omaryoussef/Documents/GitHub/PulseTrade-AI/modules/news_engine.py", line 551, in fetch_news
    response.raise_for_status()
    ~~~~~~~~~~~~~~~~~~~~~~~~~^^
  File "/Library/Frameworks/Python.framework/Versions/3.14/lib/python3.14/site-packages/requests/models.py", line 1167, in raise_for_status
    raise HTTPError(http_error_msg, response=self)
requests.exceptions.HTTPError: 400 Client Error: Bad Request for url: https://api.benzinga.com/api/v2/news?token=bz.SHPKXEACLAI54NMQAVVFFDHNV5TPLG74&pageSize=50&displayOutput=full&updatedSince=2026-06-20T03%3A11%3A56Z

2026-06-20T04:12:26.712075+00:00 | ERROR | News poll failed:
Traceback (most recent call last):
  File "/Users/omaryoussef/Documents/GitHub/PulseTrade-AI/modules/news_engine.py", line 661, in poll_once
    raw_items = self.client.fetch_news(
        page_size=self.config.page_size,
    ...<2 lines>...
        updated_since=since,
    )
  File "/Users/omaryoussef/Documents/GitHub/PulseTrade-AI/modules/news_engine.py", line 551, in fetch_news
    response.raise_for_status()
    ~~~~~~~~~~~~~~~~~~~~~~~~~^^
  File "/Library/Frameworks/Python.framework/Versions/3.14/lib/python3.14/site-packages/requests/models.py", line 1167, in raise_for_status
    raise HTTPError(http_error_msg, response=self)
requests.exceptions.HTTPError: 400 Client Error: Bad Request for url: https://api.benzinga.com/api/v2/news?token=bz.SHPKXEACLAI54NMQAVVFFDHNV5TPLG74&pageSize=50&displayOutput=full&updatedSince=2026-06-20T03%3A12%3A26Z

2026-06-20T04:12:56.907037+00:00 | ERROR | News poll failed:
Traceback (most recent call last):
  File "/Users/omaryoussef/Documents/GitHub/PulseTrade-AI/modules/news_engine.py", line 661, in poll_once
    raw_items = self.client.fetch_news(
        page_size=self.config.page_size,
    ...<2 lines>...
        updated_since=since,
    )
  File "/Users/omaryoussef/Documents/GitHub/PulseTrade-AI/modules/news_engine.py", line 551, in fetch_news
    response.raise_for_status()
    ~~~~~~~~~~~~~~~~~~~~~~~~~^^
  File "/Library/Frameworks/Python.framework/Versions/3.14/lib/python3.14/site-packages/requests/models.py", line 1167, in raise_for_status
    raise HTTPError(http_error_msg, response=self)
requests.exceptions.HTTPError: 400 Client Error: Bad Request for url: https://api.benzinga.com/api/v2/news?token=bz.SHPKXEACLAI54NMQAVVFFDHNV5TPLG74&pageSize=50&displayOutput=full&updatedSince=2026-06-20T03%3A12%3A56Z

2026-06-20T04:13:27.107548+00:00 | ERROR | News poll failed:
Traceback (most recent call last):
  File "/Users/omaryoussef/Documents/GitHub/PulseTrade-AI/modules/news_engine.py", line 661, in poll_once
    raw_items = self.client.fetch_news(
        page_size=self.config.page_size,
    ...<2 lines>...
        updated_since=since,
    )
  File "/Users/omaryoussef/Documents/GitHub/PulseTrade-AI/modules/news_engine.py", line 551, in fetch_news
    response.raise_for_status()
    ~~~~~~~~~~~~~~~~~~~~~~~~~^^
  File "/Library/Frameworks/Python.framework/Versions/3.14/lib/python3.14/site-packages/requests/models.py", line 1167, in raise_for_status
    raise HTTPError(http_error_msg, response=self)
requests.exceptions.HTTPError: 400 Client Error: Bad Request for url: https://api.benzinga.com/api/v2/news?token=bz.SHPKXEACLAI54NMQAVVFFDHNV5TPLG74&pageSize=50&displayOutput=full&updatedSince=2026-06-20T03%3A13%3A26Z

2026-06-20T04:13:57.304558+00:00 | ERROR | News poll failed:
Traceback (most recent call last):
  File "/Users/omaryoussef/Documents/GitHub/PulseTrade-AI/modules/news_engine.py", line 661, in poll_once
    raw_items = self.client.fetch_news(
        page_size=self.config.page_size,
    ...<2 lines>...
        updated_since=since,
    )
  File "/Users/omaryoussef/Documents/GitHub/PulseTrade-AI/modules/news_engine.py", line 551, in fetch_news
    response.raise_for_status()
    ~~~~~~~~~~~~~~~~~~~~~~~~~^^
  File "/Library/Frameworks/Python.framework/Versions/3.14/lib/python3.14/site-packages/requests/models.py", line 1167, in raise_for_status
    raise HTTPError(http_error_msg, response=self)
requests.exceptions.HTTPError: 400 Client Error: Bad Request for url: https://api.benzinga.com/api/v2/news?token=bz.SHPKXEACLAI54NMQAVVFFDHNV5TPLG74&pageSize=50&displayOutput=full&updatedSince=2026-06-20T03%3A13%3A57Z

2026-06-20T04:14:27.506165+00:00 | ERROR | News poll failed:
Traceback (most recent call last):
  File "/Users/omaryoussef/Documents/GitHub/PulseTrade-AI/modules/news_engine.py", line 661, in poll_once
    raw_items = self.client.fetch_news(
        page_size=self.config.page_size,
    ...<2 lines>...
        updated_since=since,
    )
  File "/Users/omaryoussef/Documents/GitHub/PulseTrade-AI/modules/news_engine.py", line 551, in fetch_news
    response.raise_for_status()
    ~~~~~~~~~~~~~~~~~~~~~~~~~^^
  File "/Library/Frameworks/Python.framework/Versions/3.14/lib/python3.14/site-packages/requests/models.py", line 1167, in raise_for_status
    raise HTTPError(http_error_msg, response=self)
requests.exceptions.HTTPError: 400 Client Error: Bad Request for url: https://api.benzinga.com/api/v2/news?token=bz.SHPKXEACLAI54NMQAVVFFDHNV5TPLG74&pageSize=50&displayOutput=full&updatedSince=2026-06-20T03%3A14%3A27Z

2026-06-20T04:14:57.694375+00:00 | ERROR | News poll failed:
Traceback (most recent call last):
  File "/Users/omaryoussef/Documents/GitHub/PulseTrade-AI/modules/news_engine.py", line 661, in poll_once
    raw_items = self.client.fetch_news(
        page_size=self.config.page_size,
    ...<2 lines>...
        updated_since=since,
    )
  File "/Users/omaryoussef/Documents/GitHub/PulseTrade-AI/modules/news_engine.py", line 551, in fetch_news
    response.raise_for_status()
    ~~~~~~~~~~~~~~~~~~~~~~~~~^^
  File "/Library/Frameworks/Python.framework/Versions/3.14/lib/python3.14/site-packages/requests/models.py", line 1167, in raise_for_status
    raise HTTPError(http_error_msg, response=self)
requests.exceptions.HTTPError: 400 Client Error: Bad Request for url: https://api.benzinga.com/api/v2/news?token=bz.SHPKXEACLAI54NMQAVVFFDHNV5TPLG74&pageSize=50&displayOutput=full&updatedSince=2026-06-20T03%3A14%3A57Z

2026-06-20T04:15:27.890506+00:00 | ERROR | News poll failed:
Traceback (most recent call last):
  File "/Users/omaryoussef/Documents/GitHub/PulseTrade-AI/modules/news_engine.py", line 661, in poll_once
    raw_items = self.client.fetch_news(
        page_size=self.config.page_size,
    ...<2 lines>...
        updated_since=since,
    )
  File "/Users/omaryoussef/Documents/GitHub/PulseTrade-AI/modules/news_engine.py", line 551, in fetch_news
    response.raise_for_status()
    ~~~~~~~~~~~~~~~~~~~~~~~~~^^
  File "/Library/Frameworks/Python.framework/Versions/3.14/lib/python3.14/site-packages/requests/models.py", line 1167, in raise_for_status
    raise HTTPError(http_error_msg, response=self)
requests.exceptions.HTTPError: 400 Client Error: Bad Request for url: https://api.benzinga.com/api/v2/news?token=bz.SHPKXEACLAI54NMQAVVFFDHNV5TPLG74&pageSize=50&displayOutput=full&updatedSince=2026-06-20T03%3A15%3A27Z

2026-06-20T04:15:58.160827+00:00 | ERROR | News poll failed:
Traceback (most recent call last):
  File "/Users/omaryoussef/Documents/GitHub/PulseTrade-AI/modules/news_engine.py", line 661, in poll_once
    raw_items = self.client.fetch_news(
        page_size=self.config.page_size,
    ...<2 lines>...
        updated_since=since,
    )
  File "/Users/omaryoussef/Documents/GitHub/PulseTrade-AI/modules/news_engine.py", line 551, in fetch_news
    response.raise_for_status()
    ~~~~~~~~~~~~~~~~~~~~~~~~~^^
  File "/Library/Frameworks/Python.framework/Versions/3.14/lib/python3.14/site-packages/requests/models.py", line 1167, in raise_for_status
    raise HTTPError(http_error_msg, response=self)
requests.exceptions.HTTPError: 400 Client Error: Bad Request for url: https://api.benzinga.com/api/v2/news?token=bz.SHPKXEACLAI54NMQAVVFFDHNV5TPLG74&pageSize=50&displayOutput=full&updatedSince=2026-06-20T03%3A15%3A57Z

2026-06-20T04:16:28.343724+00:00 | ERROR | News poll failed:
Traceback (most recent call last):
  File "/Users/omaryoussef/Documents/GitHub/PulseTrade-AI/modules/news_engine.py", line 661, in poll_once
    raw_items = self.client.fetch_news(
        page_size=self.config.page_size,
    ...<2 lines>...
        updated_since=since,
    )
  File "/Users/omaryoussef/Documents/GitHub/PulseTrade-AI/modules/news_engine.py", line 551, in fetch_news
    response.raise_for_status()
    ~~~~~~~~~~~~~~~~~~~~~~~~~^^
  File "/Library/Frameworks/Python.framework/Versions/3.14/lib/python3.14/site-packages/requests/models.py", line 1167, in raise_for_status
    raise HTTPError(http_error_msg, response=self)
requests.exceptions.HTTPError: 400 Client Error: Bad Request for url: https://api.benzinga.com/api/v2/news?token=bz.SHPKXEACLAI54NMQAVVFFDHNV5TPLG74&pageSize=50&displayOutput=full&updatedSince=2026-06-20T03%3A16%3A28Z

2026-06-20T04:16:58.528752+00:00 | ERROR | News poll failed:
Traceback (most recent call last):
  File "/Users/omaryoussef/Documents/GitHub/PulseTrade-AI/modules/news_engine.py", line 661, in poll_once
    raw_items = self.client.fetch_news(
        page_size=self.config.page_size,
    ...<2 lines>...
        updated_since=since,
    )
  File "/Users/omaryoussef/Documents/GitHub/PulseTrade-AI/modules/news_engine.py", line 551, in fetch_news
    response.raise_for_status()
    ~~~~~~~~~~~~~~~~~~~~~~~~~^^
  File "/Library/Frameworks/Python.framework/Versions/3.14/lib/python3.14/site-packages/requests/models.py", line 1167, in raise_for_status
    raise HTTPError(http_error_msg, response=self)
requests.exceptions.HTTPError: 400 Client Error: Bad Request for url: https://api.benzinga.com/api/v2/news?token=bz.SHPKXEACLAI54NMQAVVFFDHNV5TPLG74&pageSize=50&displayOutput=full&updatedSince=2026-06-20T03%3A16%3A58Z

2026-06-20T04:17:28.715691+00:00 | ERROR | News poll failed:
Traceback (most recent call last):
  File "/Users/omaryoussef/Documents/GitHub/PulseTrade-AI/modules/news_engine.py", line 661, in poll_once
    raw_items = self.client.fetch_news(
        page_size=self.config.page_size,
    ...<2 lines>...
        updated_since=since,
    )
  File "/Users/omaryoussef/Documents/GitHub/PulseTrade-AI/modules/news_engine.py", line 551, in fetch_news
    response.raise_for_status()
    ~~~~~~~~~~~~~~~~~~~~~~~~~^^
  File "/Library/Frameworks/Python.framework/Versions/3.14/lib/python3.14/site-packages/requests/models.py", line 1167, in raise_for_status
    raise HTTPError(http_error_msg, response=self)
requests.exceptions.HTTPError: 400 Client Error: Bad Request for url: https://api.benzinga.com/api/v2/news?token=bz.SHPKXEACLAI54NMQAVVFFDHNV5TPLG74&pageSize=50&displayOutput=full&updatedSince=2026-06-20T03%3A17%3A28Z

2026-06-20T04:17:58.913671+00:00 | ERROR | News poll failed:
Traceback (most recent call last):
  File "/Users/omaryoussef/Documents/GitHub/PulseTrade-AI/modules/news_engine.py", line 661, in poll_once
    raw_items = self.client.fetch_news(
        page_size=self.config.page_size,
    ...<2 lines>...
        updated_since=since,
    )
  File "/Users/omaryoussef/Documents/GitHub/PulseTrade-AI/modules/news_engine.py", line 551, in fetch_news
    response.raise_for_status()
    ~~~~~~~~~~~~~~~~~~~~~~~~~^^
  File "/Library/Frameworks/Python.framework/Versions/3.14/lib/python3.14/site-packages/requests/models.py", line 1167, in raise_for_status
    raise HTTPError(http_error_msg, response=self)
requests.exceptions.HTTPError: 400 Client Error: Bad Request for url: https://api.benzinga.com/api/v2/news?token=bz.SHPKXEACLAI54NMQAVVFFDHNV5TPLG74&pageSize=50&displayOutput=full&updatedSince=2026-06-20T03%3A17%3A58Z

2026-06-20T04:18:29.095767+00:00 | ERROR | News poll failed:
Traceback (most recent call last):
  File "/Users/omaryoussef/Documents/GitHub/PulseTrade-AI/modules/news_engine.py", line 661, in poll_once
    raw_items = self.client.fetch_news(
        page_size=self.config.page_size,
    ...<2 lines>...
        updated_since=since,
    )
  File "/Users/omaryoussef/Documents/GitHub/PulseTrade-AI/modules/news_engine.py", line 551, in fetch_news
    response.raise_for_status()
    ~~~~~~~~~~~~~~~~~~~~~~~~~^^
  File "/Library/Frameworks/Python.framework/Versions/3.14/lib/python3.14/site-packages/requests/models.py", line 1167, in raise_for_status
    raise HTTPError(http_error_msg, response=self)
requests.exceptions.HTTPError: 400 Client Error: Bad Request for url: https://api.benzinga.com/api/v2/news?token=bz.SHPKXEACLAI54NMQAVVFFDHNV5TPLG74&pageSize=50&displayOutput=full&updatedSince=2026-06-20T03%3A18%3A28Z

2026-06-20T04:18:59.282464+00:00 | ERROR | News poll failed:
Traceback (most recent call last):
  File "/Users/omaryoussef/Documents/GitHub/PulseTrade-AI/modules/news_engine.py", line 661, in poll_once
    raw_items = self.client.fetch_news(
        page_size=self.config.page_size,
    ...<2 lines>...
        updated_since=since,
    )
  File "/Users/omaryoussef/Documents/GitHub/PulseTrade-AI/modules/news_engine.py", line 551, in fetch_news
    response.raise_for_status()
    ~~~~~~~~~~~~~~~~~~~~~~~~~^^
  File "/Library/Frameworks/Python.framework/Versions/3.14/lib/python3.14/site-packages/requests/models.py", line 1167, in raise_for_status
    raise HTTPError(http_error_msg, response=self)
requests.exceptions.HTTPError: 400 Client Error: Bad Request for url: https://api.benzinga.com/api/v2/news?token=bz.SHPKXEACLAI54NMQAVVFFDHNV5TPLG74&pageSize=50&displayOutput=full&updatedSince=2026-06-20T03%3A18%3A59Z

2026-06-20T04:19:29.507689+00:00 | ERROR | News poll failed:
Traceback (most recent call last):
  File "/Users/omaryoussef/Documents/GitHub/PulseTrade-AI/modules/news_engine.py", line 661, in poll_once
    raw_items = self.client.fetch_news(
        page_size=self.config.page_size,
    ...<2 lines>...
        updated_since=since,
    )
  File "/Users/omaryoussef/Documents/GitHub/PulseTrade-AI/modules/news_engine.py", line 551, in fetch_news
    response.raise_for_status()
    ~~~~~~~~~~~~~~~~~~~~~~~~~^^
  File "/Library/Frameworks/Python.framework/Versions/3.14/lib/python3.14/site-packages/requests/models.py", line 1167, in raise_for_status
    raise HTTPError(http_error_msg, response=self)
requests.exceptions.HTTPError: 400 Client Error: Bad Request for url: https://api.benzinga.com/api/v2/news?token=bz.SHPKXEACLAI54NMQAVVFFDHNV5TPLG74&pageSize=50&displayOutput=full&updatedSince=2026-06-20T03%3A19%3A29Z

2026-06-20T04:19:59.935711+00:00 | ERROR | News poll failed:
Traceback (most recent call last):
  File "/Users/omaryoussef/Documents/GitHub/PulseTrade-AI/modules/news_engine.py", line 661, in poll_once
    raw_items = self.client.fetch_news(
        page_size=self.config.page_size,
    ...<2 lines>...
        updated_since=since,
    )
  File "/Users/omaryoussef/Documents/GitHub/PulseTrade-AI/modules/news_engine.py", line 551, in fetch_news
    response.raise_for_status()
    ~~~~~~~~~~~~~~~~~~~~~~~~~^^
  File "/Library/Frameworks/Python.framework/Versions/3.14/lib/python3.14/site-packages/requests/models.py", line 1167, in raise_for_status
    raise HTTPError(http_error_msg, response=self)
requests.exceptions.HTTPError: 400 Client Error: Bad Request for url: https://api.benzinga.com/api/v2/news?token=bz.SHPKXEACLAI54NMQAVVFFDHNV5TPLG74&pageSize=50&displayOutput=full&updatedSince=2026-06-20T03%3A19%3A59Z

2026-06-20T04:20:30.347613+00:00 | ERROR | News poll failed:
Traceback (most recent call last):
  File "/Users/omaryoussef/Documents/GitHub/PulseTrade-AI/modules/news_engine.py", line 661, in poll_once
    raw_items = self.client.fetch_news(
        page_size=self.config.page_size,
    ...<2 lines>...
        updated_since=since,
    )
  File "/Users/omaryoussef/Documents/GitHub/PulseTrade-AI/modules/news_engine.py", line 551, in fetch_news
    response.raise_for_status()
    ~~~~~~~~~~~~~~~~~~~~~~~~~^^
  File "/Library/Frameworks/Python.framework/Versions/3.14/lib/python3.14/site-packages/requests/models.py", line 1167, in raise_for_status
    raise HTTPError(http_error_msg, response=self)
requests.exceptions.HTTPError: 400 Client Error: Bad Request for url: https://api.benzinga.com/api/v2/news?token=bz.SHPKXEACLAI54NMQAVVFFDHNV5TPLG74&pageSize=50&displayOutput=full&updatedSince=2026-06-20T03%3A20%3A29Z

2026-06-20T04:21:00.540711+00:00 | ERROR | News poll failed:
Traceback (most recent call last):
  File "/Users/omaryoussef/Documents/GitHub/PulseTrade-AI/modules/news_engine.py", line 661, in poll_once
    raw_items = self.client.fetch_news(
        page_size=self.config.page_size,
    ...<2 lines>...
        updated_since=since,
    )
  File "/Users/omaryoussef/Documents/GitHub/PulseTrade-AI/modules/news_engine.py", line 551, in fetch_news
    response.raise_for_status()
    ~~~~~~~~~~~~~~~~~~~~~~~~~^^
  File "/Library/Frameworks/Python.framework/Versions/3.14/lib/python3.14/site-packages/requests/models.py", line 1167, in raise_for_status
    raise HTTPError(http_error_msg, response=self)
requests.exceptions.HTTPError: 400 Client Error: Bad Request for url: https://api.benzinga.com/api/v2/news?token=bz.SHPKXEACLAI54NMQAVVFFDHNV5TPLG74&pageSize=50&displayOutput=full&updatedSince=2026-06-20T03%3A21%3A00Z

2026-06-20T04:21:30.967772+00:00 | ERROR | News poll failed:
Traceback (most recent call last):
  File "/Users/omaryoussef/Documents/GitHub/PulseTrade-AI/modules/news_engine.py", line 661, in poll_once
    raw_items = self.client.fetch_news(
        page_size=self.config.page_size,
    ...<2 lines>...
        updated_since=since,
    )
  File "/Users/omaryoussef/Documents/GitHub/PulseTrade-AI/modules/news_engine.py", line 551, in fetch_news
    response.raise_for_status()
    ~~~~~~~~~~~~~~~~~~~~~~~~~^^
  File "/Library/Frameworks/Python.framework/Versions/3.14/lib/python3.14/site-packages/requests/models.py", line 1167, in raise_for_status
    raise HTTPError(http_error_msg, response=self)
requests.exceptions.HTTPError: 400 Client Error: Bad Request for url: https://api.benzinga.com/api/v2/news?token=bz.SHPKXEACLAI54NMQAVVFFDHNV5TPLG74&pageSize=50&displayOutput=full&updatedSince=2026-06-20T03%3A21%3A30Z

2026-06-20T04:22:01.333194+00:00 | ERROR | News poll failed:
Traceback (most recent call last):
  File "/Users/omaryoussef/Documents/GitHub/PulseTrade-AI/modules/news_engine.py", line 661, in poll_once
    raw_items = self.client.fetch_news(
        page_size=self.config.page_size,
    ...<2 lines>...
        updated_since=since,
    )
  File "/Users/omaryoussef/Documents/GitHub/PulseTrade-AI/modules/news_engine.py", line 551, in fetch_news
    response.raise_for_status()
    ~~~~~~~~~~~~~~~~~~~~~~~~~^^
  File "/Library/Frameworks/Python.framework/Versions/3.14/lib/python3.14/site-packages/requests/models.py", line 1167, in raise_for_status
    raise HTTPError(http_error_msg, response=self)
requests.exceptions.HTTPError: 400 Client Error: Bad Request for url: https://api.benzinga.com/api/v2/news?token=bz.SHPKXEACLAI54NMQAVVFFDHNV5TPLG74&pageSize=50&displayOutput=full&updatedSince=2026-06-20T03%3A22%3A00Z

2026-06-20T04:22:31.505902+00:00 | ERROR | News poll failed:
Traceback (most recent call last):
  File "/Users/omaryoussef/Documents/GitHub/PulseTrade-AI/modules/news_engine.py", line 661, in poll_once
    raw_items = self.client.fetch_news(
        page_size=self.config.page_size,
    ...<2 lines>...
        updated_since=since,
    )
  File "/Users/omaryoussef/Documents/GitHub/PulseTrade-AI/modules/news_engine.py", line 551, in fetch_news
    response.raise_for_status()
    ~~~~~~~~~~~~~~~~~~~~~~~~~^^
  File "/Library/Frameworks/Python.framework/Versions/3.14/lib/python3.14/site-packages/requests/models.py", line 1167, in raise_for_status
    raise HTTPError(http_error_msg, response=self)
requests.exceptions.HTTPError: 400 Client Error: Bad Request for url: https://api.benzinga.com/api/v2/news?token=bz.SHPKXEACLAI54NMQAVVFFDHNV5TPLG74&pageSize=50&displayOutput=full&updatedSince=2026-06-20T03%3A22%3A31Z

2026-06-20T04:23:01.696362+00:00 | ERROR | News poll failed:
Traceback (most recent call last):
  File "/Users/omaryoussef/Documents/GitHub/PulseTrade-AI/modules/news_engine.py", line 661, in poll_once
    raw_items = self.client.fetch_news(
        page_size=self.config.page_size,
    ...<2 lines>...
        updated_since=since,
    )
  File "/Users/omaryoussef/Documents/GitHub/PulseTrade-AI/modules/news_engine.py", line 551, in fetch_news
    response.raise_for_status()
    ~~~~~~~~~~~~~~~~~~~~~~~~~^^
  File "/Library/Frameworks/Python.framework/Versions/3.14/lib/python3.14/site-packages/requests/models.py", line 1167, in raise_for_status
    raise HTTPError(http_error_msg, response=self)
requests.exceptions.HTTPError: 400 Client Error: Bad Request for url: https://api.benzinga.com/api/v2/news?token=bz.SHPKXEACLAI54NMQAVVFFDHNV5TPLG74&pageSize=50&displayOutput=full&updatedSince=2026-06-20T03%3A23%3A01Z

2026-06-20T04:23:31.877938+00:00 | ERROR | News poll failed:
Traceback (most recent call last):
  File "/Users/omaryoussef/Documents/GitHub/PulseTrade-AI/modules/news_engine.py", line 661, in poll_once
    raw_items = self.client.fetch_news(
        page_size=self.config.page_size,
    ...<2 lines>...
        updated_since=since,
    )
  File "/Users/omaryoussef/Documents/GitHub/PulseTrade-AI/modules/news_engine.py", line 551, in fetch_news
    response.raise_for_status()
    ~~~~~~~~~~~~~~~~~~~~~~~~~^^
  File "/Library/Frameworks/Python.framework/Versions/3.14/lib/python3.14/site-packages/requests/models.py", line 1167, in raise_for_status
    raise HTTPError(http_error_msg, response=self)
requests.exceptions.HTTPError: 400 Client Error: Bad Request for url: https://api.benzinga.com/api/v2/news?token=bz.SHPKXEACLAI54NMQAVVFFDHNV5TPLG74&pageSize=50&displayOutput=full&updatedSince=2026-06-20T03%3A23%3A31Z

2026-06-20T04:24:02.069265+00:00 | ERROR | News poll failed:
Traceback (most recent call last):
  File "/Users/omaryoussef/Documents/GitHub/PulseTrade-AI/modules/news_engine.py", line 661, in poll_once
    raw_items = self.client.fetch_news(
        page_size=self.config.page_size,
    ...<2 lines>...
        updated_since=since,
    )
  File "/Users/omaryoussef/Documents/GitHub/PulseTrade-AI/modules/news_engine.py", line 551, in fetch_news
    response.raise_for_status()
    ~~~~~~~~~~~~~~~~~~~~~~~~~^^
  File "/Library/Frameworks/Python.framework/Versions/3.14/lib/python3.14/site-packages/requests/models.py", line 1167, in raise_for_status
    raise HTTPError(http_error_msg, response=self)
requests.exceptions.HTTPError: 400 Client Error: Bad Request for url: https://api.benzinga.com/api/v2/news?token=bz.SHPKXEACLAI54NMQAVVFFDHNV5TPLG74&pageSize=50&displayOutput=full&updatedSince=2026-06-20T03%3A24%3A01Z

2026-06-20T04:24:32.249790+00:00 | ERROR | News poll failed:
Traceback (most recent call last):
  File "/Users/omaryoussef/Documents/GitHub/PulseTrade-AI/modules/news_engine.py", line 661, in poll_once
    raw_items = self.client.fetch_news(
        page_size=self.config.page_size,
    ...<2 lines>...
        updated_since=since,
    )
  File "/Users/omaryoussef/Documents/GitHub/PulseTrade-AI/modules/news_engine.py", line 551, in fetch_news
    response.raise_for_status()
    ~~~~~~~~~~~~~~~~~~~~~~~~~^^
  File "/Library/Frameworks/Python.framework/Versions/3.14/lib/python3.14/site-packages/requests/models.py", line 1167, in raise_for_status
    raise HTTPError(http_error_msg, response=self)
requests.exceptions.HTTPError: 400 Client Error: Bad Request for url: https://api.benzinga.com/api/v2/news?token=bz.SHPKXEACLAI54NMQAVVFFDHNV5TPLG74&pageSize=50&displayOutput=full&updatedSince=2026-06-20T03%3A24%3A32Z

2026-06-20T04:25:02.449753+00:00 | ERROR | News poll failed:
Traceback (most recent call last):
  File "/Users/omaryoussef/Documents/GitHub/PulseTrade-AI/modules/news_engine.py", line 661, in poll_once
    raw_items = self.client.fetch_news(
        page_size=self.config.page_size,
    ...<2 lines>...
        updated_since=since,
    )
  File "/Users/omaryoussef/Documents/GitHub/PulseTrade-AI/modules/news_engine.py", line 551, in fetch_news
    response.raise_for_status()
    ~~~~~~~~~~~~~~~~~~~~~~~~~^^
  File "/Library/Frameworks/Python.framework/Versions/3.14/lib/python3.14/site-packages/requests/models.py", line 1167, in raise_for_status
    raise HTTPError(http_error_msg, response=self)
requests.exceptions.HTTPError: 400 Client Error: Bad Request for url: https://api.benzinga.com/api/v2/news?token=bz.SHPKXEACLAI54NMQAVVFFDHNV5TPLG74&pageSize=50&displayOutput=full&updatedSince=2026-06-20T03%3A25%3A02Z

2026-06-20T04:25:32.645305+00:00 | ERROR | News poll failed:
Traceback (most recent call last):
  File "/Users/omaryoussef/Documents/GitHub/PulseTrade-AI/modules/news_engine.py", line 661, in poll_once
    raw_items = self.client.fetch_news(
        page_size=self.config.page_size,
    ...<2 lines>...
        updated_since=since,
    )
  File "/Users/omaryoussef/Documents/GitHub/PulseTrade-AI/modules/news_engine.py", line 551, in fetch_news
    response.raise_for_status()
    ~~~~~~~~~~~~~~~~~~~~~~~~~^^
  File "/Library/Frameworks/Python.framework/Versions/3.14/lib/python3.14/site-packages/requests/models.py", line 1167, in raise_for_status
    raise HTTPError(http_error_msg, response=self)
requests.exceptions.HTTPError: 400 Client Error: Bad Request for url: https://api.benzinga.com/api/v2/news?token=bz.SHPKXEACLAI54NMQAVVFFDHNV5TPLG74&pageSize=50&displayOutput=full&updatedSince=2026-06-20T03%3A25%3A32Z

2026-06-20T04:26:02.862716+00:00 | ERROR | News poll failed:
Traceback (most recent call last):
  File "/Users/omaryoussef/Documents/GitHub/PulseTrade-AI/modules/news_engine.py", line 661, in poll_once
    raw_items = self.client.fetch_news(
        page_size=self.config.page_size,
    ...<2 lines>...
        updated_since=since,
    )
  File "/Users/omaryoussef/Documents/GitHub/PulseTrade-AI/modules/news_engine.py", line 551, in fetch_news
    response.raise_for_status()
    ~~~~~~~~~~~~~~~~~~~~~~~~~^^
  File "/Library/Frameworks/Python.framework/Versions/3.14/lib/python3.14/site-packages/requests/models.py", line 1167, in raise_for_status
    raise HTTPError(http_error_msg, response=self)
requests.exceptions.HTTPError: 400 Client Error: Bad Request for url: https://api.benzinga.com/api/v2/news?token=bz.SHPKXEACLAI54NMQAVVFFDHNV5TPLG74&pageSize=50&displayOutput=full&updatedSince=2026-06-20T03%3A26%3A02Z

2026-06-20T04:26:33.055891+00:00 | ERROR | News poll failed:
Traceback (most recent call last):
  File "/Users/omaryoussef/Documents/GitHub/PulseTrade-AI/modules/news_engine.py", line 661, in poll_once
    raw_items = self.client.fetch_news(
        page_size=self.config.page_size,
    ...<2 lines>...
        updated_since=since,
    )
  File "/Users/omaryoussef/Documents/GitHub/PulseTrade-AI/modules/news_engine.py", line 551, in fetch_news
    response.raise_for_status()
    ~~~~~~~~~~~~~~~~~~~~~~~~~^^
  File "/Library/Frameworks/Python.framework/Versions/3.14/lib/python3.14/site-packages/requests/models.py", line 1167, in raise_for_status
    raise HTTPError(http_error_msg, response=self)
requests.exceptions.HTTPError: 400 Client Error: Bad Request for url: https://api.benzinga.com/api/v2/news?token=bz.SHPKXEACLAI54NMQAVVFFDHNV5TPLG74&pageSize=50&displayOutput=full&updatedSince=2026-06-20T03%3A26%3A32Z

2026-06-20T04:27:03.254338+00:00 | ERROR | News poll failed:
Traceback (most recent call last):
  File "/Users/omaryoussef/Documents/GitHub/PulseTrade-AI/modules/news_engine.py", line 661, in poll_once
    raw_items = self.client.fetch_news(
        page_size=self.config.page_size,
    ...<2 lines>...
        updated_since=since,
    )
  File "/Users/omaryoussef/Documents/GitHub/PulseTrade-AI/modules/news_engine.py", line 551, in fetch_news
    response.raise_for_status()
    ~~~~~~~~~~~~~~~~~~~~~~~~~^^
  File "/Library/Frameworks/Python.framework/Versions/3.14/lib/python3.14/site-packages/requests/models.py", line 1167, in raise_for_status
    raise HTTPError(http_error_msg, response=self)
requests.exceptions.HTTPError: 400 Client Error: Bad Request for url: https://api.benzinga.com/api/v2/news?token=bz.SHPKXEACLAI54NMQAVVFFDHNV5TPLG74&pageSize=50&displayOutput=full&updatedSince=2026-06-20T03%3A27%3A03Z

2026-06-20T04:27:33.438516+00:00 | ERROR | News poll failed:
Traceback (most recent call last):
  File "/Users/omaryoussef/Documents/GitHub/PulseTrade-AI/modules/news_engine.py", line 661, in poll_once
    raw_items = self.client.fetch_news(
        page_size=self.config.page_size,
    ...<2 lines>...
        updated_since=since,
    )
  File "/Users/omaryoussef/Documents/GitHub/PulseTrade-AI/modules/news_engine.py", line 551, in fetch_news
    response.raise_for_status()
    ~~~~~~~~~~~~~~~~~~~~~~~~~^^
  File "/Library/Frameworks/Python.framework/Versions/3.14/lib/python3.14/site-packages/requests/models.py", line 1167, in raise_for_status
    raise HTTPError(http_error_msg, response=self)
requests.exceptions.HTTPError: 400 Client Error: Bad Request for url: https://api.benzinga.com/api/v2/news?token=bz.SHPKXEACLAI54NMQAVVFFDHNV5TPLG74&pageSize=50&displayOutput=full&updatedSince=2026-06-20T03%3A27%3A33Z

2026-06-20T04:28:03.636493+00:00 | ERROR | News poll failed:
Traceback (most recent call last):
  File "/Users/omaryoussef/Documents/GitHub/PulseTrade-AI/modules/news_engine.py", line 661, in poll_once
    raw_items = self.client.fetch_news(
        page_size=self.config.page_size,
    ...<2 lines>...
        updated_since=since,
    )
  File "/Users/omaryoussef/Documents/GitHub/PulseTrade-AI/modules/news_engine.py", line 551, in fetch_news
    response.raise_for_status()
    ~~~~~~~~~~~~~~~~~~~~~~~~~^^
  File "/Library/Frameworks/Python.framework/Versions/3.14/lib/python3.14/site-packages/requests/models.py", line 1167, in raise_for_status
    raise HTTPError(http_error_msg, response=self)
requests.exceptions.HTTPError: 400 Client Error: Bad Request for url: https://api.benzinga.com/api/v2/news?token=bz.SHPKXEACLAI54NMQAVVFFDHNV5TPLG74&pageSize=50&displayOutput=full&updatedSince=2026-06-20T03%3A28%3A03Z

2026-06-20T04:28:33.826964+00:00 | ERROR | News poll failed:
Traceback (most recent call last):
  File "/Users/omaryoussef/Documents/GitHub/PulseTrade-AI/modules/news_engine.py", line 661, in poll_once
    raw_items = self.client.fetch_news(
        page_size=self.config.page_size,
    ...<2 lines>...
        updated_since=since,
    )
  File "/Users/omaryoussef/Documents/GitHub/PulseTrade-AI/modules/news_engine.py", line 551, in fetch_news
    response.raise_for_status()
    ~~~~~~~~~~~~~~~~~~~~~~~~~^^
  File "/Library/Frameworks/Python.framework/Versions/3.14/lib/python3.14/site-packages/requests/models.py", line 1167, in raise_for_status
    raise HTTPError(http_error_msg, response=self)
requests.exceptions.HTTPError: 400 Client Error: Bad Request for url: https://api.benzinga.com/api/v2/news?token=bz.SHPKXEACLAI54NMQAVVFFDHNV5TPLG74&pageSize=50&displayOutput=full&updatedSince=2026-06-20T03%3A28%3A33Z

2026-06-20T04:29:04.013229+00:00 | ERROR | News poll failed:
Traceback (most recent call last):
  File "/Users/omaryoussef/Documents/GitHub/PulseTrade-AI/modules/news_engine.py", line 661, in poll_once
    raw_items = self.client.fetch_news(
        page_size=self.config.page_size,
    ...<2 lines>...
        updated_since=since,
    )
  File "/Users/omaryoussef/Documents/GitHub/PulseTrade-AI/modules/news_engine.py", line 551, in fetch_news
    response.raise_for_status()
    ~~~~~~~~~~~~~~~~~~~~~~~~~^^
  File "/Library/Frameworks/Python.framework/Versions/3.14/lib/python3.14/site-packages/requests/models.py", line 1167, in raise_for_status
    raise HTTPError(http_error_msg, response=self)
requests.exceptions.HTTPError: 400 Client Error: Bad Request for url: https://api.benzinga.com/api/v2/news?token=bz.SHPKXEACLAI54NMQAVVFFDHNV5TPLG74&pageSize=50&displayOutput=full&updatedSince=2026-06-20T03%3A29%3A03Z

2026-06-20T04:29:34.199291+00:00 | ERROR | News poll failed:
Traceback (most recent call last):
  File "/Users/omaryoussef/Documents/GitHub/PulseTrade-AI/modules/news_engine.py", line 661, in poll_once
    raw_items = self.client.fetch_news(
        page_size=self.config.page_size,
    ...<2 lines>...
        updated_since=since,
    )
  File "/Users/omaryoussef/Documents/GitHub/PulseTrade-AI/modules/news_engine.py", line 551, in fetch_news
    response.raise_for_status()
    ~~~~~~~~~~~~~~~~~~~~~~~~~^^
  File "/Library/Frameworks/Python.framework/Versions/3.14/lib/python3.14/site-packages/requests/models.py", line 1167, in raise_for_status
    raise HTTPError(http_error_msg, response=self)
requests.exceptions.HTTPError: 400 Client Error: Bad Request for url: https://api.benzinga.com/api/v2/news?token=bz.SHPKXEACLAI54NMQAVVFFDHNV5TPLG74&pageSize=50&displayOutput=full&updatedSince=2026-06-20T03%3A29%3A34Z

2026-06-20T04:30:04.391059+00:00 | ERROR | News poll failed:
Traceback (most recent call last):
  File "/Users/omaryoussef/Documents/GitHub/PulseTrade-AI/modules/news_engine.py", line 661, in poll_once
    raw_items = self.client.fetch_news(
        page_size=self.config.page_size,
    ...<2 lines>...
        updated_since=since,
    )
  File "/Users/omaryoussef/Documents/GitHub/PulseTrade-AI/modules/news_engine.py", line 551, in fetch_news
    response.raise_for_status()
    ~~~~~~~~~~~~~~~~~~~~~~~~~^^
  File "/Library/Frameworks/Python.framework/Versions/3.14/lib/python3.14/site-packages/requests/models.py", line 1167, in raise_for_status
    raise HTTPError(http_error_msg, response=self)
requests.exceptions.HTTPError: 400 Client Error: Bad Request for url: https://api.benzinga.com/api/v2/news?token=bz.SHPKXEACLAI54NMQAVVFFDHNV5TPLG74&pageSize=50&displayOutput=full&updatedSince=2026-06-20T03%3A30%3A04Z

2026-06-20T04:30:34.752930+00:00 | ERROR | News poll failed:
Traceback (most recent call last):
  File "/Users/omaryoussef/Documents/GitHub/PulseTrade-AI/modules/news_engine.py", line 661, in poll_once
    raw_items = self.client.fetch_news(
        page_size=self.config.page_size,
    ...<2 lines>...
        updated_since=since,
    )
  File "/Users/omaryoussef/Documents/GitHub/PulseTrade-AI/modules/news_engine.py", line 551, in fetch_news
    response.raise_for_status()
    ~~~~~~~~~~~~~~~~~~~~~~~~~^^
  File "/Library/Frameworks/Python.framework/Versions/3.14/lib/python3.14/site-packages/requests/models.py", line 1167, in raise_for_status
    raise HTTPError(http_error_msg, response=self)
requests.exceptions.HTTPError: 400 Client Error: Bad Request for url: https://api.benzinga.com/api/v2/news?token=bz.SHPKXEACLAI54NMQAVVFFDHNV5TPLG74&pageSize=50&displayOutput=full&updatedSince=2026-06-20T03%3A30%3A34Z

2026-06-20T04:31:04.935814+00:00 | ERROR | News poll failed:
Traceback (most recent call last):
  File "/Users/omaryoussef/Documents/GitHub/PulseTrade-AI/modules/news_engine.py", line 661, in poll_once
    raw_items = self.client.fetch_news(
        page_size=self.config.page_size,
    ...<2 lines>...
        updated_since=since,
    )
  File "/Users/omaryoussef/Documents/GitHub/PulseTrade-AI/modules/news_engine.py", line 551, in fetch_news
    response.raise_for_status()
    ~~~~~~~~~~~~~~~~~~~~~~~~~^^
  File "/Library/Frameworks/Python.framework/Versions/3.14/lib/python3.14/site-packages/requests/models.py", line 1167, in raise_for_status
    raise HTTPError(http_error_msg, response=self)
requests.exceptions.HTTPError: 400 Client Error: Bad Request for url: https://api.benzinga.com/api/v2/news?token=bz.SHPKXEACLAI54NMQAVVFFDHNV5TPLG74&pageSize=50&displayOutput=full&updatedSince=2026-06-20T03%3A31%3A04Z

2026-06-20T04:31:35.110014+00:00 | ERROR | News poll failed:
Traceback (most recent call last):
  File "/Users/omaryoussef/Documents/GitHub/PulseTrade-AI/modules/news_engine.py", line 661, in poll_once
    raw_items = self.client.fetch_news(
        page_size=self.config.page_size,
    ...<2 lines>...
        updated_since=since,
    )
  File "/Users/omaryoussef/Documents/GitHub/PulseTrade-AI/modules/news_engine.py", line 551, in fetch_news
    response.raise_for_status()
    ~~~~~~~~~~~~~~~~~~~~~~~~~^^
  File "/Library/Frameworks/Python.framework/Versions/3.14/lib/python3.14/site-packages/requests/models.py", line 1167, in raise_for_status
    raise HTTPError(http_error_msg, response=self)
requests.exceptions.HTTPError: 400 Client Error: Bad Request for url: https://api.benzinga.com/api/v2/news?token=bz.SHPKXEACLAI54NMQAVVFFDHNV5TPLG74&pageSize=50&displayOutput=full&updatedSince=2026-06-20T03%3A31%3A34Z

2026-06-20T04:32:05.296197+00:00 | ERROR | News poll failed:
Traceback (most recent call last):
  File "/Users/omaryoussef/Documents/GitHub/PulseTrade-AI/modules/news_engine.py", line 661, in poll_once
    raw_items = self.client.fetch_news(
        page_size=self.config.page_size,
    ...<2 lines>...
        updated_since=since,
    )
  File "/Users/omaryoussef/Documents/GitHub/PulseTrade-AI/modules/news_engine.py", line 551, in fetch_news
    response.raise_for_status()
    ~~~~~~~~~~~~~~~~~~~~~~~~~^^
  File "/Library/Frameworks/Python.framework/Versions/3.14/lib/python3.14/site-packages/requests/models.py", line 1167, in raise_for_status
    raise HTTPError(http_error_msg, response=self)
requests.exceptions.HTTPError: 400 Client Error: Bad Request for url: https://api.benzinga.com/api/v2/news?token=bz.SHPKXEACLAI54NMQAVVFFDHNV5TPLG74&pageSize=50&displayOutput=full&updatedSince=2026-06-20T03%3A32%3A05Z

2026-06-20T04:32:35.481184+00:00 | ERROR | News poll failed:
Traceback (most recent call last):
  File "/Users/omaryoussef/Documents/GitHub/PulseTrade-AI/modules/news_engine.py", line 661, in poll_once
    raw_items = self.client.fetch_news(
        page_size=self.config.page_size,
    ...<2 lines>...
        updated_since=since,
    )
  File "/Users/omaryoussef/Documents/GitHub/PulseTrade-AI/modules/news_engine.py", line 551, in fetch_news
    response.raise_for_status()
    ~~~~~~~~~~~~~~~~~~~~~~~~~^^
  File "/Library/Frameworks/Python.framework/Versions/3.14/lib/python3.14/site-packages/requests/models.py", line 1167, in raise_for_status
    raise HTTPError(http_error_msg, response=self)
requests.exceptions.HTTPError: 400 Client Error: Bad Request for url: https://api.benzinga.com/api/v2/news?token=bz.SHPKXEACLAI54NMQAVVFFDHNV5TPLG74&pageSize=50&displayOutput=full&updatedSince=2026-06-20T03%3A32%3A35Z

2026-06-20T04:33:05.660186+00:00 | ERROR | News poll failed:
Traceback (most recent call last):
  File "/Users/omaryoussef/Documents/GitHub/PulseTrade-AI/modules/news_engine.py", line 661, in poll_once
    raw_items = self.client.fetch_news(
        page_size=self.config.page_size,
    ...<2 lines>...
        updated_since=since,
    )
  File "/Users/omaryoussef/Documents/GitHub/PulseTrade-AI/modules/news_engine.py", line 551, in fetch_news
    response.raise_for_status()
    ~~~~~~~~~~~~~~~~~~~~~~~~~^^
  File "/Library/Frameworks/Python.framework/Versions/3.14/lib/python3.14/site-packages/requests/models.py", line 1167, in raise_for_status
    raise HTTPError(http_error_msg, response=self)
requests.exceptions.HTTPError: 400 Client Error: Bad Request for url: https://api.benzinga.com/api/v2/news?token=bz.SHPKXEACLAI54NMQAVVFFDHNV5TPLG74&pageSize=50&displayOutput=full&updatedSince=2026-06-20T03%3A33%3A05Z

2026-06-20T04:33:35.845315+00:00 | ERROR | News poll failed:
Traceback (most recent call last):
  File "/Users/omaryoussef/Documents/GitHub/PulseTrade-AI/modules/news_engine.py", line 661, in poll_once
    raw_items = self.client.fetch_news(
        page_size=self.config.page_size,
    ...<2 lines>...
        updated_since=since,
    )
  File "/Users/omaryoussef/Documents/GitHub/PulseTrade-AI/modules/news_engine.py", line 551, in fetch_news
    response.raise_for_status()
    ~~~~~~~~~~~~~~~~~~~~~~~~~^^
  File "/Library/Frameworks/Python.framework/Versions/3.14/lib/python3.14/site-packages/requests/models.py", line 1167, in raise_for_status
    raise HTTPError(http_error_msg, response=self)
requests.exceptions.HTTPError: 400 Client Error: Bad Request for url: https://api.benzinga.com/api/v2/news?token=bz.SHPKXEACLAI54NMQAVVFFDHNV5TPLG74&pageSize=50&displayOutput=full&updatedSince=2026-06-20T03%3A33%3A35Z

2026-06-20T04:34:06.026876+00:00 | ERROR | News poll failed:
Traceback (most recent call last):
  File "/Users/omaryoussef/Documents/GitHub/PulseTrade-AI/modules/news_engine.py", line 661, in poll_once
    raw_items = self.client.fetch_news(
        page_size=self.config.page_size,
    ...<2 lines>...
        updated_since=since,
    )
  File "/Users/omaryoussef/Documents/GitHub/PulseTrade-AI/modules/news_engine.py", line 551, in fetch_news
    response.raise_for_status()
    ~~~~~~~~~~~~~~~~~~~~~~~~~^^
  File "/Library/Frameworks/Python.framework/Versions/3.14/lib/python3.14/site-packages/requests/models.py", line 1167, in raise_for_status
    raise HTTPError(http_error_msg, response=self)
requests.exceptions.HTTPError: 400 Client Error: Bad Request for url: https://api.benzinga.com/api/v2/news?token=bz.SHPKXEACLAI54NMQAVVFFDHNV5TPLG74&pageSize=50&displayOutput=full&updatedSince=2026-06-20T03%3A34%3A05Z

2026-06-20T04:34:36.187953+00:00 | ERROR | News poll failed:
Traceback (most recent call last):
  File "/Users/omaryoussef/Documents/GitHub/PulseTrade-AI/modules/news_engine.py", line 661, in poll_once
    raw_items = self.client.fetch_news(
        page_size=self.config.page_size,
    ...<2 lines>...
        updated_since=since,
    )
  File "/Users/omaryoussef/Documents/GitHub/PulseTrade-AI/modules/news_engine.py", line 551, in fetch_news
    response.raise_for_status()
    ~~~~~~~~~~~~~~~~~~~~~~~~~^^
  File "/Library/Frameworks/Python.framework/Versions/3.14/lib/python3.14/site-packages/requests/models.py", line 1167, in raise_for_status
    raise HTTPError(http_error_msg, response=self)
requests.exceptions.HTTPError: 400 Client Error: Bad Request for url: https://api.benzinga.com/api/v2/news?token=bz.SHPKXEACLAI54NMQAVVFFDHNV5TPLG74&pageSize=50&displayOutput=full&updatedSince=2026-06-20T03%3A34%3A36Z

2026-06-20T04:35:06.370199+00:00 | ERROR | News poll failed:
Traceback (most recent call last):
  File "/Users/omaryoussef/Documents/GitHub/PulseTrade-AI/modules/news_engine.py", line 661, in poll_once
    raw_items = self.client.fetch_news(
        page_size=self.config.page_size,
    ...<2 lines>...
        updated_since=since,
    )
  File "/Users/omaryoussef/Documents/GitHub/PulseTrade-AI/modules/news_engine.py", line 551, in fetch_news
    response.raise_for_status()
    ~~~~~~~~~~~~~~~~~~~~~~~~~^^
  File "/Library/Frameworks/Python.framework/Versions/3.14/lib/python3.14/site-packages/requests/models.py", line 1167, in raise_for_status
    raise HTTPError(http_error_msg, response=self)
requests.exceptions.HTTPError: 400 Client Error: Bad Request for url: https://api.benzinga.com/api/v2/news?token=bz.SHPKXEACLAI54NMQAVVFFDHNV5TPLG74&pageSize=50&displayOutput=full&updatedSince=2026-06-20T03%3A35%3A06Z

2026-06-20T04:35:36.557586+00:00 | ERROR | News poll failed:
Traceback (most recent call last):
  File "/Users/omaryoussef/Documents/GitHub/PulseTrade-AI/modules/news_engine.py", line 661, in poll_once
    raw_items = self.client.fetch_news(
        page_size=self.config.page_size,
    ...<2 lines>...
        updated_since=since,
    )
  File "/Users/omaryoussef/Documents/GitHub/PulseTrade-AI/modules/news_engine.py", line 551, in fetch_news
    response.raise_for_status()
    ~~~~~~~~~~~~~~~~~~~~~~~~~^^
  File "/Library/Frameworks/Python.framework/Versions/3.14/lib/python3.14/site-packages/requests/models.py", line 1167, in raise_for_status
    raise HTTPError(http_error_msg, response=self)
requests.exceptions.HTTPError: 400 Client Error: Bad Request for url: https://api.benzinga.com/api/v2/news?token=bz.SHPKXEACLAI54NMQAVVFFDHNV5TPLG74&pageSize=50&displayOutput=full&updatedSince=2026-06-20T03%3A35%3A36Z

2026-06-20T04:36:06.743827+00:00 | ERROR | News poll failed:
Traceback (most recent call last):
  File "/Users/omaryoussef/Documents/GitHub/PulseTrade-AI/modules/news_engine.py", line 661, in poll_once
    raw_items = self.client.fetch_news(
        page_size=self.config.page_size,
    ...<2 lines>...
        updated_since=since,
    )
  File "/Users/omaryoussef/Documents/GitHub/PulseTrade-AI/modules/news_engine.py", line 551, in fetch_news
    response.raise_for_status()
    ~~~~~~~~~~~~~~~~~~~~~~~~~^^
  File "/Library/Frameworks/Python.framework/Versions/3.14/lib/python3.14/site-packages/requests/models.py", line 1167, in raise_for_status
    raise HTTPError(http_error_msg, response=self)
requests.exceptions.HTTPError: 400 Client Error: Bad Request for url: https://api.benzinga.com/api/v2/news?token=bz.SHPKXEACLAI54NMQAVVFFDHNV5TPLG74&pageSize=50&displayOutput=full&updatedSince=2026-06-20T03%3A36%3A06Z

2026-06-20T04:36:36.935041+00:00 | ERROR | News poll failed:
Traceback (most recent call last):
  File "/Users/omaryoussef/Documents/GitHub/PulseTrade-AI/modules/news_engine.py", line 661, in poll_once
    raw_items = self.client.fetch_news(
        page_size=self.config.page_size,
    ...<2 lines>...
        updated_since=since,
    )
  File "/Users/omaryoussef/Documents/GitHub/PulseTrade-AI/modules/news_engine.py", line 551, in fetch_news
    response.raise_for_status()
    ~~~~~~~~~~~~~~~~~~~~~~~~~^^
  File "/Library/Frameworks/Python.framework/Versions/3.14/lib/python3.14/site-packages/requests/models.py", line 1167, in raise_for_status
    raise HTTPError(http_error_msg, response=self)
requests.exceptions.HTTPError: 400 Client Error: Bad Request for url: https://api.benzinga.com/api/v2/news?token=bz.SHPKXEACLAI54NMQAVVFFDHNV5TPLG74&pageSize=50&displayOutput=full&updatedSince=2026-06-20T03%3A36%3A36Z

2026-06-20T04:37:07.121428+00:00 | ERROR | News poll failed:
Traceback (most recent call last):
  File "/Users/omaryoussef/Documents/GitHub/PulseTrade-AI/modules/news_engine.py", line 661, in poll_once
    raw_items = self.client.fetch_news(
        page_size=self.config.page_size,
    ...<2 lines>...
        updated_since=since,
    )
  File "/Users/omaryoussef/Documents/GitHub/PulseTrade-AI/modules/news_engine.py", line 551, in fetch_news
    response.raise_for_status()
    ~~~~~~~~~~~~~~~~~~~~~~~~~^^
  File "/Library/Frameworks/Python.framework/Versions/3.14/lib/python3.14/site-packages/requests/models.py", line 1167, in raise_for_status
    raise HTTPError(http_error_msg, response=self)
requests.exceptions.HTTPError: 400 Client Error: Bad Request for url: https://api.benzinga.com/api/v2/news?token=bz.SHPKXEACLAI54NMQAVVFFDHNV5TPLG74&pageSize=50&displayOutput=full&updatedSince=2026-06-20T03%3A37%3A06Z

2026-06-20T04:37:37.301061+00:00 | ERROR | News poll failed:
Traceback (most recent call last):
  File "/Users/omaryoussef/Documents/GitHub/PulseTrade-AI/modules/news_engine.py", line 661, in poll_once
    raw_items = self.client.fetch_news(
        page_size=self.config.page_size,
    ...<2 lines>...
        updated_since=since,
    )
  File "/Users/omaryoussef/Documents/GitHub/PulseTrade-AI/modules/news_engine.py", line 551, in fetch_news
    response.raise_for_status()
    ~~~~~~~~~~~~~~~~~~~~~~~~~^^
  File "/Library/Frameworks/Python.framework/Versions/3.14/lib/python3.14/site-packages/requests/models.py", line 1167, in raise_for_status
    raise HTTPError(http_error_msg, response=self)
requests.exceptions.HTTPError: 400 Client Error: Bad Request for url: https://api.benzinga.com/api/v2/news?token=bz.SHPKXEACLAI54NMQAVVFFDHNV5TPLG74&pageSize=50&displayOutput=full&updatedSince=2026-06-20T03%3A37%3A37Z

2026-06-20T04:38:07.492275+00:00 | ERROR | News poll failed:
Traceback (most recent call last):
  File "/Users/omaryoussef/Documents/GitHub/PulseTrade-AI/modules/news_engine.py", line 661, in poll_once
    raw_items = self.client.fetch_news(
        page_size=self.config.page_size,
    ...<2 lines>...
        updated_since=since,
    )
  File "/Users/omaryoussef/Documents/GitHub/PulseTrade-AI/modules/news_engine.py", line 551, in fetch_news
    response.raise_for_status()
    ~~~~~~~~~~~~~~~~~~~~~~~~~^^
  File "/Library/Frameworks/Python.framework/Versions/3.14/lib/python3.14/site-packages/requests/models.py", line 1167, in raise_for_status
    raise HTTPError(http_error_msg, response=self)
requests.exceptions.HTTPError: 400 Client Error: Bad Request for url: https://api.benzinga.com/api/v2/news?token=bz.SHPKXEACLAI54NMQAVVFFDHNV5TPLG74&pageSize=50&displayOutput=full&updatedSince=2026-06-20T03%3A38%3A07Z

2026-06-20T04:38:37.683463+00:00 | ERROR | News poll failed:
Traceback (most recent call last):
  File "/Users/omaryoussef/Documents/GitHub/PulseTrade-AI/modules/news_engine.py", line 661, in poll_once
    raw_items = self.client.fetch_news(
        page_size=self.config.page_size,
    ...<2 lines>...
        updated_since=since,
    )
  File "/Users/omaryoussef/Documents/GitHub/PulseTrade-AI/modules/news_engine.py", line 551, in fetch_news
    response.raise_for_status()
    ~~~~~~~~~~~~~~~~~~~~~~~~~^^
  File "/Library/Frameworks/Python.framework/Versions/3.14/lib/python3.14/site-packages/requests/models.py", line 1167, in raise_for_status
    raise HTTPError(http_error_msg, response=self)
requests.exceptions.HTTPError: 400 Client Error: Bad Request for url: https://api.benzinga.com/api/v2/news?token=bz.SHPKXEACLAI54NMQAVVFFDHNV5TPLG74&pageSize=50&displayOutput=full&updatedSince=2026-06-20T03%3A38%3A37Z

2026-06-20T04:39:07.868214+00:00 | ERROR | News poll failed:
Traceback (most recent call last):
  File "/Users/omaryoussef/Documents/GitHub/PulseTrade-AI/modules/news_engine.py", line 661, in poll_once
    raw_items = self.client.fetch_news(
        page_size=self.config.page_size,
    ...<2 lines>...
        updated_since=since,
    )
  File "/Users/omaryoussef/Documents/GitHub/PulseTrade-AI/modules/news_engine.py", line 551, in fetch_news
    response.raise_for_status()
    ~~~~~~~~~~~~~~~~~~~~~~~~~^^
  File "/Library/Frameworks/Python.framework/Versions/3.14/lib/python3.14/site-packages/requests/models.py", line 1167, in raise_for_status
    raise HTTPError(http_error_msg, response=self)
requests.exceptions.HTTPError: 400 Client Error: Bad Request for url: https://api.benzinga.com/api/v2/news?token=bz.SHPKXEACLAI54NMQAVVFFDHNV5TPLG74&pageSize=50&displayOutput=full&updatedSince=2026-06-20T03%3A39%3A07Z

2026-06-20T04:39:38.053588+00:00 | ERROR | News poll failed:
Traceback (most recent call last):
  File "/Users/omaryoussef/Documents/GitHub/PulseTrade-AI/modules/news_engine.py", line 661, in poll_once
    raw_items = self.client.fetch_news(
        page_size=self.config.page_size,
    ...<2 lines>...
        updated_since=since,
    )
  File "/Users/omaryoussef/Documents/GitHub/PulseTrade-AI/modules/news_engine.py", line 551, in fetch_news
    response.raise_for_status()
    ~~~~~~~~~~~~~~~~~~~~~~~~~^^
  File "/Library/Frameworks/Python.framework/Versions/3.14/lib/python3.14/site-packages/requests/models.py", line 1167, in raise_for_status
    raise HTTPError(http_error_msg, response=self)
requests.exceptions.HTTPError: 400 Client Error: Bad Request for url: https://api.benzinga.com/api/v2/news?token=bz.SHPKXEACLAI54NMQAVVFFDHNV5TPLG74&pageSize=50&displayOutput=full&updatedSince=2026-06-20T03%3A39%3A37Z

2026-06-20T04:40:08.296358+00:00 | ERROR | News poll failed:
Traceback (most recent call last):
  File "/Users/omaryoussef/Documents/GitHub/PulseTrade-AI/modules/news_engine.py", line 661, in poll_once
    raw_items = self.client.fetch_news(
        page_size=self.config.page_size,
    ...<2 lines>...
        updated_since=since,
    )
  File "/Users/omaryoussef/Documents/GitHub/PulseTrade-AI/modules/news_engine.py", line 551, in fetch_news
    response.raise_for_status()
    ~~~~~~~~~~~~~~~~~~~~~~~~~^^
  File "/Library/Frameworks/Python.framework/Versions/3.14/lib/python3.14/site-packages/requests/models.py", line 1167, in raise_for_status
    raise HTTPError(http_error_msg, response=self)
requests.exceptions.HTTPError: 400 Client Error: Bad Request for url: https://api.benzinga.com/api/v2/news?token=bz.SHPKXEACLAI54NMQAVVFFDHNV5TPLG74&pageSize=50&displayOutput=full&updatedSince=2026-06-20T03%3A40%3A08Z

2026-06-20T04:40:38.476494+00:00 | ERROR | News poll failed:
Traceback (most recent call last):
  File "/Users/omaryoussef/Documents/GitHub/PulseTrade-AI/modules/news_engine.py", line 661, in poll_once
    raw_items = self.client.fetch_news(
        page_size=self.config.page_size,
    ...<2 lines>...
        updated_since=since,
    )
  File "/Users/omaryoussef/Documents/GitHub/PulseTrade-AI/modules/news_engine.py", line 551, in fetch_news
    response.raise_for_status()
    ~~~~~~~~~~~~~~~~~~~~~~~~~^^
  File "/Library/Frameworks/Python.framework/Versions/3.14/lib/python3.14/site-packages/requests/models.py", line 1167, in raise_for_status
    raise HTTPError(http_error_msg, response=self)
requests.exceptions.HTTPError: 400 Client Error: Bad Request for url: https://api.benzinga.com/api/v2/news?token=bz.SHPKXEACLAI54NMQAVVFFDHNV5TPLG74&pageSize=50&displayOutput=full&updatedSince=2026-06-20T03%3A40%3A38Z

2026-06-20T04:41:08.660676+00:00 | ERROR | News poll failed:
Traceback (most recent call last):
  File "/Users/omaryoussef/Documents/GitHub/PulseTrade-AI/modules/news_engine.py", line 661, in poll_once
    raw_items = self.client.fetch_news(
        page_size=self.config.page_size,
    ...<2 lines>...
        updated_since=since,
    )
  File "/Users/omaryoussef/Documents/GitHub/PulseTrade-AI/modules/news_engine.py", line 551, in fetch_news
    response.raise_for_status()
    ~~~~~~~~~~~~~~~~~~~~~~~~~^^
  File "/Library/Frameworks/Python.framework/Versions/3.14/lib/python3.14/site-packages/requests/models.py", line 1167, in raise_for_status
    raise HTTPError(http_error_msg, response=self)
requests.exceptions.HTTPError: 400 Client Error: Bad Request for url: https://api.benzinga.com/api/v2/news?token=bz.SHPKXEACLAI54NMQAVVFFDHNV5TPLG74&pageSize=50&displayOutput=full&updatedSince=2026-06-20T03%3A41%3A08Z

2026-06-20T04:41:38.841750+00:00 | ERROR | News poll failed:
Traceback (most recent call last):
  File "/Users/omaryoussef/Documents/GitHub/PulseTrade-AI/modules/news_engine.py", line 661, in poll_once
    raw_items = self.client.fetch_news(
        page_size=self.config.page_size,
    ...<2 lines>...
        updated_since=since,
    )
  File "/Users/omaryoussef/Documents/GitHub/PulseTrade-AI/modules/news_engine.py", line 551, in fetch_news
    response.raise_for_status()
    ~~~~~~~~~~~~~~~~~~~~~~~~~^^
  File "/Library/Frameworks/Python.framework/Versions/3.14/lib/python3.14/site-packages/requests/models.py", line 1167, in raise_for_status
    raise HTTPError(http_error_msg, response=self)
requests.exceptions.HTTPError: 400 Client Error: Bad Request for url: https://api.benzinga.com/api/v2/news?token=bz.SHPKXEACLAI54NMQAVVFFDHNV5TPLG74&pageSize=50&displayOutput=full&updatedSince=2026-06-20T03%3A41%3A38Z

2026-06-20T04:42:09.029317+00:00 | ERROR | News poll failed:
Traceback (most recent call last):
  File "/Users/omaryoussef/Documents/GitHub/PulseTrade-AI/modules/news_engine.py", line 661, in poll_once
    raw_items = self.client.fetch_news(
        page_size=self.config.page_size,
    ...<2 lines>...
        updated_since=since,
    )
  File "/Users/omaryoussef/Documents/GitHub/PulseTrade-AI/modules/news_engine.py", line 551, in fetch_news
    response.raise_for_status()
    ~~~~~~~~~~~~~~~~~~~~~~~~~^^
  File "/Library/Frameworks/Python.framework/Versions/3.14/lib/python3.14/site-packages/requests/models.py", line 1167, in raise_for_status
    raise HTTPError(http_error_msg, response=self)
requests.exceptions.HTTPError: 400 Client Error: Bad Request for url: https://api.benzinga.com/api/v2/news?token=bz.SHPKXEACLAI54NMQAVVFFDHNV5TPLG74&pageSize=50&displayOutput=full&updatedSince=2026-06-20T03%3A42%3A08Z

2026-06-20T04:42:39.221395+00:00 | ERROR | News poll failed:
Traceback (most recent call last):
  File "/Users/omaryoussef/Documents/GitHub/PulseTrade-AI/modules/news_engine.py", line 661, in poll_once
    raw_items = self.client.fetch_news(
        page_size=self.config.page_size,
    ...<2 lines>...
        updated_since=since,
    )
  File "/Users/omaryoussef/Documents/GitHub/PulseTrade-AI/modules/news_engine.py", line 551, in fetch_news
    response.raise_for_status()
    ~~~~~~~~~~~~~~~~~~~~~~~~~^^
  File "/Library/Frameworks/Python.framework/Versions/3.14/lib/python3.14/site-packages/requests/models.py", line 1167, in raise_for_status
    raise HTTPError(http_error_msg, response=self)
requests.exceptions.HTTPError: 400 Client Error: Bad Request for url: https://api.benzinga.com/api/v2/news?token=bz.SHPKXEACLAI54NMQAVVFFDHNV5TPLG74&pageSize=50&displayOutput=full&updatedSince=2026-06-20T03%3A42%3A39Z

2026-06-20T04:43:09.408746+00:00 | ERROR | News poll failed:
Traceback (most recent call last):
  File "/Users/omaryoussef/Documents/GitHub/PulseTrade-AI/modules/news_engine.py", line 661, in poll_once
    raw_items = self.client.fetch_news(
        page_size=self.config.page_size,
    ...<2 lines>...
        updated_since=since,
    )
  File "/Users/omaryoussef/Documents/GitHub/PulseTrade-AI/modules/news_engine.py", line 551, in fetch_news
    response.raise_for_status()
    ~~~~~~~~~~~~~~~~~~~~~~~~~^^
  File "/Library/Frameworks/Python.framework/Versions/3.14/lib/python3.14/site-packages/requests/models.py", line 1167, in raise_for_status
    raise HTTPError(http_error_msg, response=self)
requests.exceptions.HTTPError: 400 Client Error: Bad Request for url: https://api.benzinga.com/api/v2/news?token=bz.SHPKXEACLAI54NMQAVVFFDHNV5TPLG74&pageSize=50&displayOutput=full&updatedSince=2026-06-20T03%3A43%3A09Z

2026-06-20T04:43:39.596418+00:00 | ERROR | News poll failed:
Traceback (most recent call last):
  File "/Users/omaryoussef/Documents/GitHub/PulseTrade-AI/modules/news_engine.py", line 661, in poll_once
    raw_items = self.client.fetch_news(
        page_size=self.config.page_size,
    ...<2 lines>...
        updated_since=since,
    )
  File "/Users/omaryoussef/Documents/GitHub/PulseTrade-AI/modules/news_engine.py", line 551, in fetch_news
    response.raise_for_status()
    ~~~~~~~~~~~~~~~~~~~~~~~~~^^
  File "/Library/Frameworks/Python.framework/Versions/3.14/lib/python3.14/site-packages/requests/models.py", line 1167, in raise_for_status
    raise HTTPError(http_error_msg, response=self)
requests.exceptions.HTTPError: 400 Client Error: Bad Request for url: https://api.benzinga.com/api/v2/news?token=bz.SHPKXEACLAI54NMQAVVFFDHNV5TPLG74&pageSize=50&displayOutput=full&updatedSince=2026-06-20T03%3A43%3A39Z

2026-06-20T04:44:09.788019+00:00 | ERROR | News poll failed:
Traceback (most recent call last):
  File "/Users/omaryoussef/Documents/GitHub/PulseTrade-AI/modules/news_engine.py", line 661, in poll_once
    raw_items = self.client.fetch_news(
        page_size=self.config.page_size,
    ...<2 lines>...
        updated_since=since,
    )
  File "/Users/omaryoussef/Documents/GitHub/PulseTrade-AI/modules/news_engine.py", line 551, in fetch_news
    response.raise_for_status()
    ~~~~~~~~~~~~~~~~~~~~~~~~~^^
  File "/Library/Frameworks/Python.framework/Versions/3.14/lib/python3.14/site-packages/requests/models.py", line 1167, in raise_for_status
    raise HTTPError(http_error_msg, response=self)
requests.exceptions.HTTPError: 400 Client Error: Bad Request for url: https://api.benzinga.com/api/v2/news?token=bz.SHPKXEACLAI54NMQAVVFFDHNV5TPLG74&pageSize=50&displayOutput=full&updatedSince=2026-06-20T03%3A44%3A09Z

2026-06-20T04:44:39.967657+00:00 | ERROR | News poll failed:
Traceback (most recent call last):
  File "/Users/omaryoussef/Documents/GitHub/PulseTrade-AI/modules/news_engine.py", line 661, in poll_once
    raw_items = self.client.fetch_news(
        page_size=self.config.page_size,
    ...<2 lines>...
        updated_since=since,
    )
  File "/Users/omaryoussef/Documents/GitHub/PulseTrade-AI/modules/news_engine.py", line 551, in fetch_news
    response.raise_for_status()
    ~~~~~~~~~~~~~~~~~~~~~~~~~^^
  File "/Library/Frameworks/Python.framework/Versions/3.14/lib/python3.14/site-packages/requests/models.py", line 1167, in raise_for_status
    raise HTTPError(http_error_msg, response=self)
requests.exceptions.HTTPError: 400 Client Error: Bad Request for url: https://api.benzinga.com/api/v2/news?token=bz.SHPKXEACLAI54NMQAVVFFDHNV5TPLG74&pageSize=50&displayOutput=full&updatedSince=2026-06-20T03%3A44%3A39Z

2026-06-20T04:45:10.155488+00:00 | ERROR | News poll failed:
Traceback (most recent call last):
  File "/Users/omaryoussef/Documents/GitHub/PulseTrade-AI/modules/news_engine.py", line 661, in poll_once
    raw_items = self.client.fetch_news(
        page_size=self.config.page_size,
    ...<2 lines>...
        updated_since=since,
    )
  File "/Users/omaryoussef/Documents/GitHub/PulseTrade-AI/modules/news_engine.py", line 551, in fetch_news
    response.raise_for_status()
    ~~~~~~~~~~~~~~~~~~~~~~~~~^^
  File "/Library/Frameworks/Python.framework/Versions/3.14/lib/python3.14/site-packages/requests/models.py", line 1167, in raise_for_status
    raise HTTPError(http_error_msg, response=self)
requests.exceptions.HTTPError: 400 Client Error: Bad Request for url: https://api.benzinga.com/api/v2/news?token=bz.SHPKXEACLAI54NMQAVVFFDHNV5TPLG74&pageSize=50&displayOutput=full&updatedSince=2026-06-20T03%3A45%3A09Z

2026-06-20T04:45:40.341887+00:00 | ERROR | News poll failed:
Traceback (most recent call last):
  File "/Users/omaryoussef/Documents/GitHub/PulseTrade-AI/modules/news_engine.py", line 661, in poll_once
    raw_items = self.client.fetch_news(
        page_size=self.config.page_size,
    ...<2 lines>...
        updated_since=since,
    )
  File "/Users/omaryoussef/Documents/GitHub/PulseTrade-AI/modules/news_engine.py", line 551, in fetch_news
    response.raise_for_status()
    ~~~~~~~~~~~~~~~~~~~~~~~~~^^
  File "/Library/Frameworks/Python.framework/Versions/3.14/lib/python3.14/site-packages/requests/models.py", line 1167, in raise_for_status
    raise HTTPError(http_error_msg, response=self)
requests.exceptions.HTTPError: 400 Client Error: Bad Request for url: https://api.benzinga.com/api/v2/news?token=bz.SHPKXEACLAI54NMQAVVFFDHNV5TPLG74&pageSize=50&displayOutput=full&updatedSince=2026-06-20T03%3A45%3A40Z

2026-06-20T04:46:10.526350+00:00 | ERROR | News poll failed:
Traceback (most recent call last):
  File "/Users/omaryoussef/Documents/GitHub/PulseTrade-AI/modules/news_engine.py", line 661, in poll_once
    raw_items = self.client.fetch_news(
        page_size=self.config.page_size,
    ...<2 lines>...
        updated_since=since,
    )
  File "/Users/omaryoussef/Documents/GitHub/PulseTrade-AI/modules/news_engine.py", line 551, in fetch_news
    response.raise_for_status()
    ~~~~~~~~~~~~~~~~~~~~~~~~~^^
  File "/Library/Frameworks/Python.framework/Versions/3.14/lib/python3.14/site-packages/requests/models.py", line 1167, in raise_for_status
    raise HTTPError(http_error_msg, response=self)
requests.exceptions.HTTPError: 400 Client Error: Bad Request for url: https://api.benzinga.com/api/v2/news?token=bz.SHPKXEACLAI54NMQAVVFFDHNV5TPLG74&pageSize=50&displayOutput=full&updatedSince=2026-06-20T03%3A46%3A10Z

2026-06-20T04:46:40.714041+00:00 | ERROR | News poll failed:
Traceback (most recent call last):
  File "/Users/omaryoussef/Documents/GitHub/PulseTrade-AI/modules/news_engine.py", line 661, in poll_once
    raw_items = self.client.fetch_news(
        page_size=self.config.page_size,
    ...<2 lines>...
        updated_since=since,
    )
  File "/Users/omaryoussef/Documents/GitHub/PulseTrade-AI/modules/news_engine.py", line 551, in fetch_news
    response.raise_for_status()
    ~~~~~~~~~~~~~~~~~~~~~~~~~^^
  File "/Library/Frameworks/Python.framework/Versions/3.14/lib/python3.14/site-packages/requests/models.py", line 1167, in raise_for_status
    raise HTTPError(http_error_msg, response=self)
requests.exceptions.HTTPError: 400 Client Error: Bad Request for url: https://api.benzinga.com/api/v2/news?token=bz.SHPKXEACLAI54NMQAVVFFDHNV5TPLG74&pageSize=50&displayOutput=full&updatedSince=2026-06-20T03%3A46%3A40Z

2026-06-20T04:47:10.892805+00:00 | ERROR | News poll failed:
Traceback (most recent call last):
  File "/Users/omaryoussef/Documents/GitHub/PulseTrade-AI/modules/news_engine.py", line 661, in poll_once
    raw_items = self.client.fetch_news(
        page_size=self.config.page_size,
    ...<2 lines>...
        updated_since=since,
    )
  File "/Users/omaryoussef/Documents/GitHub/PulseTrade-AI/modules/news_engine.py", line 551, in fetch_news
    response.raise_for_status()
    ~~~~~~~~~~~~~~~~~~~~~~~~~^^
  File "/Library/Frameworks/Python.framework/Versions/3.14/lib/python3.14/site-packages/requests/models.py", line 1167, in raise_for_status
    raise HTTPError(http_error_msg, response=self)
requests.exceptions.HTTPError: 400 Client Error: Bad Request for url: https://api.benzinga.com/api/v2/news?token=bz.SHPKXEACLAI54NMQAVVFFDHNV5TPLG74&pageSize=50&displayOutput=full&updatedSince=2026-06-20T03%3A47%3A10Z

2026-06-20T04:47:41.073451+00:00 | ERROR | News poll failed:
Traceback (most recent call last):
  File "/Users/omaryoussef/Documents/GitHub/PulseTrade-AI/modules/news_engine.py", line 661, in poll_once
    raw_items = self.client.fetch_news(
        page_size=self.config.page_size,
    ...<2 lines>...
        updated_since=since,
    )
  File "/Users/omaryoussef/Documents/GitHub/PulseTrade-AI/modules/news_engine.py", line 551, in fetch_news
    response.raise_for_status()
    ~~~~~~~~~~~~~~~~~~~~~~~~~^^
  File "/Library/Frameworks/Python.framework/Versions/3.14/lib/python3.14/site-packages/requests/models.py", line 1167, in raise_for_status
    raise HTTPError(http_error_msg, response=self)
requests.exceptions.HTTPError: 400 Client Error: Bad Request for url: https://api.benzinga.com/api/v2/news?token=bz.SHPKXEACLAI54NMQAVVFFDHNV5TPLG74&pageSize=50&displayOutput=full&updatedSince=2026-06-20T03%3A47%3A40Z

2026-06-20T04:48:11.456527+00:00 | ERROR | News poll failed:
Traceback (most recent call last):
  File "/Users/omaryoussef/Documents/GitHub/PulseTrade-AI/modules/news_engine.py", line 661, in poll_once
    raw_items = self.client.fetch_news(
        page_size=self.config.page_size,
    ...<2 lines>...
        updated_since=since,
    )
  File "/Users/omaryoussef/Documents/GitHub/PulseTrade-AI/modules/news_engine.py", line 551, in fetch_news
    response.raise_for_status()
    ~~~~~~~~~~~~~~~~~~~~~~~~~^^
  File "/Library/Frameworks/Python.framework/Versions/3.14/lib/python3.14/site-packages/requests/models.py", line 1167, in raise_for_status
    raise HTTPError(http_error_msg, response=self)
requests.exceptions.HTTPError: 400 Client Error: Bad Request for url: https://api.benzinga.com/api/v2/news?token=bz.SHPKXEACLAI54NMQAVVFFDHNV5TPLG74&pageSize=50&displayOutput=full&updatedSince=2026-06-20T03%3A48%3A11Z

2026-06-20T04:48:41.624519+00:00 | ERROR | News poll failed:
Traceback (most recent call last):
  File "/Users/omaryoussef/Documents/GitHub/PulseTrade-AI/modules/news_engine.py", line 661, in poll_once
    raw_items = self.client.fetch_news(
        page_size=self.config.page_size,
    ...<2 lines>...
        updated_since=since,
    )
  File "/Users/omaryoussef/Documents/GitHub/PulseTrade-AI/modules/news_engine.py", line 551, in fetch_news
    response.raise_for_status()
    ~~~~~~~~~~~~~~~~~~~~~~~~~^^
  File "/Library/Frameworks/Python.framework/Versions/3.14/lib/python3.14/site-packages/requests/models.py", line 1167, in raise_for_status
    raise HTTPError(http_error_msg, response=self)
requests.exceptions.HTTPError: 400 Client Error: Bad Request for url: https://api.benzinga.com/api/v2/news?token=bz.SHPKXEACLAI54NMQAVVFFDHNV5TPLG74&pageSize=50&displayOutput=full&updatedSince=2026-06-20T03%3A48%3A41Z

2026-06-20T04:49:11.798959+00:00 | ERROR | News poll failed:
Traceback (most recent call last):
  File "/Users/omaryoussef/Documents/GitHub/PulseTrade-AI/modules/news_engine.py", line 661, in poll_once
    raw_items = self.client.fetch_news(
        page_size=self.config.page_size,
    ...<2 lines>...
        updated_since=since,
    )
  File "/Users/omaryoussef/Documents/GitHub/PulseTrade-AI/modules/news_engine.py", line 551, in fetch_news
    response.raise_for_status()
    ~~~~~~~~~~~~~~~~~~~~~~~~~^^
  File "/Library/Frameworks/Python.framework/Versions/3.14/lib/python3.14/site-packages/requests/models.py", line 1167, in raise_for_status
    raise HTTPError(http_error_msg, response=self)
requests.exceptions.HTTPError: 400 Client Error: Bad Request for url: https://api.benzinga.com/api/v2/news?token=bz.SHPKXEACLAI54NMQAVVFFDHNV5TPLG74&pageSize=50&displayOutput=full&updatedSince=2026-06-20T03%3A49%3A11Z

2026-06-20T04:49:41.991668+00:00 | ERROR | News poll failed:
Traceback (most recent call last):
  File "/Users/omaryoussef/Documents/GitHub/PulseTrade-AI/modules/news_engine.py", line 661, in poll_once
    raw_items = self.client.fetch_news(
        page_size=self.config.page_size,
    ...<2 lines>...
        updated_since=since,
    )
  File "/Users/omaryoussef/Documents/GitHub/PulseTrade-AI/modules/news_engine.py", line 551, in fetch_news
    response.raise_for_status()
    ~~~~~~~~~~~~~~~~~~~~~~~~~^^
  File "/Library/Frameworks/Python.framework/Versions/3.14/lib/python3.14/site-packages/requests/models.py", line 1167, in raise_for_status
    raise HTTPError(http_error_msg, response=self)
requests.exceptions.HTTPError: 400 Client Error: Bad Request for url: https://api.benzinga.com/api/v2/news?token=bz.SHPKXEACLAI54NMQAVVFFDHNV5TPLG74&pageSize=50&displayOutput=full&updatedSince=2026-06-20T03%3A49%3A41Z

2026-06-20T04:50:12.386376+00:00 | ERROR | News poll failed:
Traceback (most recent call last):
  File "/Users/omaryoussef/Documents/GitHub/PulseTrade-AI/modules/news_engine.py", line 661, in poll_once
    raw_items = self.client.fetch_news(
        page_size=self.config.page_size,
    ...<2 lines>...
        updated_since=since,
    )
  File "/Users/omaryoussef/Documents/GitHub/PulseTrade-AI/modules/news_engine.py", line 551, in fetch_news
    response.raise_for_status()
    ~~~~~~~~~~~~~~~~~~~~~~~~~^^
  File "/Library/Frameworks/Python.framework/Versions/3.14/lib/python3.14/site-packages/requests/models.py", line 1167, in raise_for_status
    raise HTTPError(http_error_msg, response=self)
requests.exceptions.HTTPError: 400 Client Error: Bad Request for url: https://api.benzinga.com/api/v2/news?token=bz.SHPKXEACLAI54NMQAVVFFDHNV5TPLG74&pageSize=50&displayOutput=full&updatedSince=2026-06-20T03%3A50%3A12Z

2026-06-20T04:50:42.574955+00:00 | ERROR | News poll failed:
Traceback (most recent call last):
  File "/Users/omaryoussef/Documents/GitHub/PulseTrade-AI/modules/news_engine.py", line 661, in poll_once
    raw_items = self.client.fetch_news(
        page_size=self.config.page_size,
    ...<2 lines>...
        updated_since=since,
    )
  File "/Users/omaryoussef/Documents/GitHub/PulseTrade-AI/modules/news_engine.py", line 551, in fetch_news
    response.raise_for_status()
    ~~~~~~~~~~~~~~~~~~~~~~~~~^^
  File "/Library/Frameworks/Python.framework/Versions/3.14/lib/python3.14/site-packages/requests/models.py", line 1167, in raise_for_status
    raise HTTPError(http_error_msg, response=self)
requests.exceptions.HTTPError: 400 Client Error: Bad Request for url: https://api.benzinga.com/api/v2/news?token=bz.SHPKXEACLAI54NMQAVVFFDHNV5TPLG74&pageSize=50&displayOutput=full&updatedSince=2026-06-20T03%3A50%3A42Z

2026-06-20T04:51:12.763191+00:00 | ERROR | News poll failed:
Traceback (most recent call last):
  File "/Users/omaryoussef/Documents/GitHub/PulseTrade-AI/modules/news_engine.py", line 661, in poll_once
    raw_items = self.client.fetch_news(
        page_size=self.config.page_size,
    ...<2 lines>...
        updated_since=since,
    )
  File "/Users/omaryoussef/Documents/GitHub/PulseTrade-AI/modules/news_engine.py", line 551, in fetch_news
    response.raise_for_status()
    ~~~~~~~~~~~~~~~~~~~~~~~~~^^
  File "/Library/Frameworks/Python.framework/Versions/3.14/lib/python3.14/site-packages/requests/models.py", line 1167, in raise_for_status
    raise HTTPError(http_error_msg, response=self)
requests.exceptions.HTTPError: 400 Client Error: Bad Request for url: https://api.benzinga.com/api/v2/news?token=bz.SHPKXEACLAI54NMQAVVFFDHNV5TPLG74&pageSize=50&displayOutput=full&updatedSince=2026-06-20T03%3A51%3A12Z

2026-06-20T04:51:42.955403+00:00 | ERROR | News poll failed:
Traceback (most recent call last):
  File "/Users/omaryoussef/Documents/GitHub/PulseTrade-AI/modules/news_engine.py", line 661, in poll_once
    raw_items = self.client.fetch_news(
        page_size=self.config.page_size,
    ...<2 lines>...
        updated_since=since,
    )
  File "/Users/omaryoussef/Documents/GitHub/PulseTrade-AI/modules/news_engine.py", line 551, in fetch_news
    response.raise_for_status()
    ~~~~~~~~~~~~~~~~~~~~~~~~~^^
  File "/Library/Frameworks/Python.framework/Versions/3.14/lib/python3.14/site-packages/requests/models.py", line 1167, in raise_for_status
    raise HTTPError(http_error_msg, response=self)
requests.exceptions.HTTPError: 400 Client Error: Bad Request for url: https://api.benzinga.com/api/v2/news?token=bz.SHPKXEACLAI54NMQAVVFFDHNV5TPLG74&pageSize=50&displayOutput=full&updatedSince=2026-06-20T03%3A51%3A42Z

2026-06-20T04:52:13.138523+00:00 | ERROR | News poll failed:
Traceback (most recent call last):
  File "/Users/omaryoussef/Documents/GitHub/PulseTrade-AI/modules/news_engine.py", line 661, in poll_once
    raw_items = self.client.fetch_news(
        page_size=self.config.page_size,
    ...<2 lines>...
        updated_since=since,
    )
  File "/Users/omaryoussef/Documents/GitHub/PulseTrade-AI/modules/news_engine.py", line 551, in fetch_news
    response.raise_for_status()
    ~~~~~~~~~~~~~~~~~~~~~~~~~^^
  File "/Library/Frameworks/Python.framework/Versions/3.14/lib/python3.14/site-packages/requests/models.py", line 1167, in raise_for_status
    raise HTTPError(http_error_msg, response=self)
requests.exceptions.HTTPError: 400 Client Error: Bad Request for url: https://api.benzinga.com/api/v2/news?token=bz.SHPKXEACLAI54NMQAVVFFDHNV5TPLG74&pageSize=50&displayOutput=full&updatedSince=2026-06-20T03%3A52%3A12Z

2026-06-20T04:52:43.320999+00:00 | ERROR | News poll failed:
Traceback (most recent call last):
  File "/Users/omaryoussef/Documents/GitHub/PulseTrade-AI/modules/news_engine.py", line 661, in poll_once
    raw_items = self.client.fetch_news(
        page_size=self.config.page_size,
    ...<2 lines>...
        updated_since=since,
    )
  File "/Users/omaryoussef/Documents/GitHub/PulseTrade-AI/modules/news_engine.py", line 551, in fetch_news
    response.raise_for_status()
    ~~~~~~~~~~~~~~~~~~~~~~~~~^^
  File "/Library/Frameworks/Python.framework/Versions/3.14/lib/python3.14/site-packages/requests/models.py", line 1167, in raise_for_status
    raise HTTPError(http_error_msg, response=self)
requests.exceptions.HTTPError: 400 Client Error: Bad Request for url: https://api.benzinga.com/api/v2/news?token=bz.SHPKXEACLAI54NMQAVVFFDHNV5TPLG74&pageSize=50&displayOutput=full&updatedSince=2026-06-20T03%3A52%3A43Z

2026-06-20T04:53:13.493871+00:00 | ERROR | News poll failed:
Traceback (most recent call last):
  File "/Users/omaryoussef/Documents/GitHub/PulseTrade-AI/modules/news_engine.py", line 661, in poll_once
    raw_items = self.client.fetch_news(
        page_size=self.config.page_size,
    ...<2 lines>...
        updated_since=since,
    )
  File "/Users/omaryoussef/Documents/GitHub/PulseTrade-AI/modules/news_engine.py", line 551, in fetch_news
    response.raise_for_status()
    ~~~~~~~~~~~~~~~~~~~~~~~~~^^
  File "/Library/Frameworks/Python.framework/Versions/3.14/lib/python3.14/site-packages/requests/models.py", line 1167, in raise_for_status
    raise HTTPError(http_error_msg, response=self)
requests.exceptions.HTTPError: 400 Client Error: Bad Request for url: https://api.benzinga.com/api/v2/news?token=bz.SHPKXEACLAI54NMQAVVFFDHNV5TPLG74&pageSize=50&displayOutput=full&updatedSince=2026-06-20T03%3A53%3A13Z

2026-06-20T04:53:43.676570+00:00 | ERROR | News poll failed:
Traceback (most recent call last):
  File "/Users/omaryoussef/Documents/GitHub/PulseTrade-AI/modules/news_engine.py", line 661, in poll_once
    raw_items = self.client.fetch_news(
        page_size=self.config.page_size,
    ...<2 lines>...
        updated_since=since,
    )
  File "/Users/omaryoussef/Documents/GitHub/PulseTrade-AI/modules/news_engine.py", line 551, in fetch_news
    response.raise_for_status()
    ~~~~~~~~~~~~~~~~~~~~~~~~~^^
  File "/Library/Frameworks/Python.framework/Versions/3.14/lib/python3.14/site-packages/requests/models.py", line 1167, in raise_for_status
    raise HTTPError(http_error_msg, response=self)
requests.exceptions.HTTPError: 400 Client Error: Bad Request for url: https://api.benzinga.com/api/v2/news?token=bz.SHPKXEACLAI54NMQAVVFFDHNV5TPLG74&pageSize=50&displayOutput=full&updatedSince=2026-06-20T03%3A53%3A43Z

2026-06-20T04:54:13.864458+00:00 | ERROR | News poll failed:
Traceback (most recent call last):
  File "/Users/omaryoussef/Documents/GitHub/PulseTrade-AI/modules/news_engine.py", line 661, in poll_once
    raw_items = self.client.fetch_news(
        page_size=self.config.page_size,
    ...<2 lines>...
        updated_since=since,
    )
  File "/Users/omaryoussef/Documents/GitHub/PulseTrade-AI/modules/news_engine.py", line 551, in fetch_news
    response.raise_for_status()
    ~~~~~~~~~~~~~~~~~~~~~~~~~^^
  File "/Library/Frameworks/Python.framework/Versions/3.14/lib/python3.14/site-packages/requests/models.py", line 1167, in raise_for_status
    raise HTTPError(http_error_msg, response=self)
requests.exceptions.HTTPError: 400 Client Error: Bad Request for url: https://api.benzinga.com/api/v2/news?token=bz.SHPKXEACLAI54NMQAVVFFDHNV5TPLG74&pageSize=50&displayOutput=full&updatedSince=2026-06-20T03%3A54%3A13Z

2026-06-20T04:54:44.051532+00:00 | ERROR | News poll failed:
Traceback (most recent call last):
  File "/Users/omaryoussef/Documents/GitHub/PulseTrade-AI/modules/news_engine.py", line 661, in poll_once
    raw_items = self.client.fetch_news(
        page_size=self.config.page_size,
    ...<2 lines>...
        updated_since=since,
    )
  File "/Users/omaryoussef/Documents/GitHub/PulseTrade-AI/modules/news_engine.py", line 551, in fetch_news
    response.raise_for_status()
    ~~~~~~~~~~~~~~~~~~~~~~~~~^^
  File "/Library/Frameworks/Python.framework/Versions/3.14/lib/python3.14/site-packages/requests/models.py", line 1167, in raise_for_status
    raise HTTPError(http_error_msg, response=self)
requests.exceptions.HTTPError: 400 Client Error: Bad Request for url: https://api.benzinga.com/api/v2/news?token=bz.SHPKXEACLAI54NMQAVVFFDHNV5TPLG74&pageSize=50&displayOutput=full&updatedSince=2026-06-20T03%3A54%3A43Z

2026-06-20T04:55:14.234052+00:00 | ERROR | News poll failed:
Traceback (most recent call last):
  File "/Users/omaryoussef/Documents/GitHub/PulseTrade-AI/modules/news_engine.py", line 661, in poll_once
    raw_items = self.client.fetch_news(
        page_size=self.config.page_size,
    ...<2 lines>...
        updated_since=since,
    )
  File "/Users/omaryoussef/Documents/GitHub/PulseTrade-AI/modules/news_engine.py", line 551, in fetch_news
    response.raise_for_status()
    ~~~~~~~~~~~~~~~~~~~~~~~~~^^
  File "/Library/Frameworks/Python.framework/Versions/3.14/lib/python3.14/site-packages/requests/models.py", line 1167, in raise_for_status
    raise HTTPError(http_error_msg, response=self)
requests.exceptions.HTTPError: 400 Client Error: Bad Request for url: https://api.benzinga.com/api/v2/news?token=bz.SHPKXEACLAI54NMQAVVFFDHNV5TPLG74&pageSize=50&displayOutput=full&updatedSince=2026-06-20T03%3A55%3A14Z

2026-06-20T04:55:44.425004+00:00 | ERROR | News poll failed:
Traceback (most recent call last):
  File "/Users/omaryoussef/Documents/GitHub/PulseTrade-AI/modules/news_engine.py", line 661, in poll_once
    raw_items = self.client.fetch_news(
        page_size=self.config.page_size,
    ...<2 lines>...
        updated_since=since,
    )
  File "/Users/omaryoussef/Documents/GitHub/PulseTrade-AI/modules/news_engine.py", line 551, in fetch_news
    response.raise_for_status()
    ~~~~~~~~~~~~~~~~~~~~~~~~~^^
  File "/Library/Frameworks/Python.framework/Versions/3.14/lib/python3.14/site-packages/requests/models.py", line 1167, in raise_for_status
    raise HTTPError(http_error_msg, response=self)
requests.exceptions.HTTPError: 400 Client Error: Bad Request for url: https://api.benzinga.com/api/v2/news?token=bz.SHPKXEACLAI54NMQAVVFFDHNV5TPLG74&pageSize=50&displayOutput=full&updatedSince=2026-06-20T03%3A55%3A44Z

2026-06-20T04:56:14.610927+00:00 | ERROR | News poll failed:
Traceback (most recent call last):
  File "/Users/omaryoussef/Documents/GitHub/PulseTrade-AI/modules/news_engine.py", line 661, in poll_once
    raw_items = self.client.fetch_news(
        page_size=self.config.page_size,
    ...<2 lines>...
        updated_since=since,
    )
  File "/Users/omaryoussef/Documents/GitHub/PulseTrade-AI/modules/news_engine.py", line 551, in fetch_news
    response.raise_for_status()
    ~~~~~~~~~~~~~~~~~~~~~~~~~^^
  File "/Library/Frameworks/Python.framework/Versions/3.14/lib/python3.14/site-packages/requests/models.py", line 1167, in raise_for_status
    raise HTTPError(http_error_msg, response=self)
requests.exceptions.HTTPError: 400 Client Error: Bad Request for url: https://api.benzinga.com/api/v2/news?token=bz.SHPKXEACLAI54NMQAVVFFDHNV5TPLG74&pageSize=50&displayOutput=full&updatedSince=2026-06-20T03%3A56%3A14Z

2026-06-20T04:56:44.795233+00:00 | ERROR | News poll failed:
Traceback (most recent call last):
  File "/Users/omaryoussef/Documents/GitHub/PulseTrade-AI/modules/news_engine.py", line 661, in poll_once
    raw_items = self.client.fetch_news(
        page_size=self.config.page_size,
    ...<2 lines>...
        updated_since=since,
    )
  File "/Users/omaryoussef/Documents/GitHub/PulseTrade-AI/modules/news_engine.py", line 551, in fetch_news
    response.raise_for_status()
    ~~~~~~~~~~~~~~~~~~~~~~~~~^^
  File "/Library/Frameworks/Python.framework/Versions/3.14/lib/python3.14/site-packages/requests/models.py", line 1167, in raise_for_status
    raise HTTPError(http_error_msg, response=self)
requests.exceptions.HTTPError: 400 Client Error: Bad Request for url: https://api.benzinga.com/api/v2/news?token=bz.SHPKXEACLAI54NMQAVVFFDHNV5TPLG74&pageSize=50&displayOutput=full&updatedSince=2026-06-20T03%3A56%3A44Z

2026-06-20T04:57:15.002115+00:00 | ERROR | News poll failed:
Traceback (most recent call last):
  File "/Users/omaryoussef/Documents/GitHub/PulseTrade-AI/modules/news_engine.py", line 661, in poll_once
    raw_items = self.client.fetch_news(
        page_size=self.config.page_size,
    ...<2 lines>...
        updated_since=since,
    )
  File "/Users/omaryoussef/Documents/GitHub/PulseTrade-AI/modules/news_engine.py", line 551, in fetch_news
    response.raise_for_status()
    ~~~~~~~~~~~~~~~~~~~~~~~~~^^
  File "/Library/Frameworks/Python.framework/Versions/3.14/lib/python3.14/site-packages/requests/models.py", line 1167, in raise_for_status
    raise HTTPError(http_error_msg, response=self)
requests.exceptions.HTTPError: 400 Client Error: Bad Request for url: https://api.benzinga.com/api/v2/news?token=bz.SHPKXEACLAI54NMQAVVFFDHNV5TPLG74&pageSize=50&displayOutput=full&updatedSince=2026-06-20T03%3A57%3A14Z

2026-06-20T04:57:45.190768+00:00 | ERROR | News poll failed:
Traceback (most recent call last):
  File "/Users/omaryoussef/Documents/GitHub/PulseTrade-AI/modules/news_engine.py", line 661, in poll_once
    raw_items = self.client.fetch_news(
        page_size=self.config.page_size,
    ...<2 lines>...
        updated_since=since,
    )
  File "/Users/omaryoussef/Documents/GitHub/PulseTrade-AI/modules/news_engine.py", line 551, in fetch_news
    response.raise_for_status()
    ~~~~~~~~~~~~~~~~~~~~~~~~~^^
  File "/Library/Frameworks/Python.framework/Versions/3.14/lib/python3.14/site-packages/requests/models.py", line 1167, in raise_for_status
    raise HTTPError(http_error_msg, response=self)
requests.exceptions.HTTPError: 400 Client Error: Bad Request for url: https://api.benzinga.com/api/v2/news?token=bz.SHPKXEACLAI54NMQAVVFFDHNV5TPLG74&pageSize=50&displayOutput=full&updatedSince=2026-06-20T03%3A57%3A45Z

2026-06-20T04:58:15.375728+00:00 | ERROR | News poll failed:
Traceback (most recent call last):
  File "/Users/omaryoussef/Documents/GitHub/PulseTrade-AI/modules/news_engine.py", line 661, in poll_once
    raw_items = self.client.fetch_news(
        page_size=self.config.page_size,
    ...<2 lines>...
        updated_since=since,
    )
  File "/Users/omaryoussef/Documents/GitHub/PulseTrade-AI/modules/news_engine.py", line 551, in fetch_news
    response.raise_for_status()
    ~~~~~~~~~~~~~~~~~~~~~~~~~^^
  File "/Library/Frameworks/Python.framework/Versions/3.14/lib/python3.14/site-packages/requests/models.py", line 1167, in raise_for_status
    raise HTTPError(http_error_msg, response=self)
requests.exceptions.HTTPError: 400 Client Error: Bad Request for url: https://api.benzinga.com/api/v2/news?token=bz.SHPKXEACLAI54NMQAVVFFDHNV5TPLG74&pageSize=50&displayOutput=full&updatedSince=2026-06-20T03%3A58%3A15Z

2026-06-20T04:58:45.565931+00:00 | ERROR | News poll failed:
Traceback (most recent call last):
  File "/Users/omaryoussef/Documents/GitHub/PulseTrade-AI/modules/news_engine.py", line 661, in poll_once
    raw_items = self.client.fetch_news(
        page_size=self.config.page_size,
    ...<2 lines>...
        updated_since=since,
    )
  File "/Users/omaryoussef/Documents/GitHub/PulseTrade-AI/modules/news_engine.py", line 551, in fetch_news
    response.raise_for_status()
    ~~~~~~~~~~~~~~~~~~~~~~~~~^^
  File "/Library/Frameworks/Python.framework/Versions/3.14/lib/python3.14/site-packages/requests/models.py", line 1167, in raise_for_status
    raise HTTPError(http_error_msg, response=self)
requests.exceptions.HTTPError: 400 Client Error: Bad Request for url: https://api.benzinga.com/api/v2/news?token=bz.SHPKXEACLAI54NMQAVVFFDHNV5TPLG74&pageSize=50&displayOutput=full&updatedSince=2026-06-20T03%3A58%3A45Z

2026-06-20T04:59:15.751006+00:00 | ERROR | News poll failed:
Traceback (most recent call last):
  File "/Users/omaryoussef/Documents/GitHub/PulseTrade-AI/modules/news_engine.py", line 661, in poll_once
    raw_items = self.client.fetch_news(
        page_size=self.config.page_size,
    ...<2 lines>...
        updated_since=since,
    )
  File "/Users/omaryoussef/Documents/GitHub/PulseTrade-AI/modules/news_engine.py", line 551, in fetch_news
    response.raise_for_status()
    ~~~~~~~~~~~~~~~~~~~~~~~~~^^
  File "/Library/Frameworks/Python.framework/Versions/3.14/lib/python3.14/site-packages/requests/models.py", line 1167, in raise_for_status
    raise HTTPError(http_error_msg, response=self)
requests.exceptions.HTTPError: 400 Client Error: Bad Request for url: https://api.benzinga.com/api/v2/news?token=bz.SHPKXEACLAI54NMQAVVFFDHNV5TPLG74&pageSize=50&displayOutput=full&updatedSince=2026-06-20T03%3A59%3A15Z

2026-06-20T04:59:45.936842+00:00 | ERROR | News poll failed:
Traceback (most recent call last):
  File "/Users/omaryoussef/Documents/GitHub/PulseTrade-AI/modules/news_engine.py", line 661, in poll_once
    raw_items = self.client.fetch_news(
        page_size=self.config.page_size,
    ...<2 lines>...
        updated_since=since,
    )
  File "/Users/omaryoussef/Documents/GitHub/PulseTrade-AI/modules/news_engine.py", line 551, in fetch_news
    response.raise_for_status()
    ~~~~~~~~~~~~~~~~~~~~~~~~~^^
  File "/Library/Frameworks/Python.framework/Versions/3.14/lib/python3.14/site-packages/requests/models.py", line 1167, in raise_for_status
    raise HTTPError(http_error_msg, response=self)
requests.exceptions.HTTPError: 400 Client Error: Bad Request for url: https://api.benzinga.com/api/v2/news?token=bz.SHPKXEACLAI54NMQAVVFFDHNV5TPLG74&pageSize=50&displayOutput=full&updatedSince=2026-06-20T03%3A59%3A45Z

2026-06-20T05:00:16.120223+00:00 | ERROR | News poll failed:
Traceback (most recent call last):
  File "/Users/omaryoussef/Documents/GitHub/PulseTrade-AI/modules/news_engine.py", line 661, in poll_once
    raw_items = self.client.fetch_news(
        page_size=self.config.page_size,
    ...<2 lines>...
        updated_since=since,
    )
  File "/Users/omaryoussef/Documents/GitHub/PulseTrade-AI/modules/news_engine.py", line 551, in fetch_news
    response.raise_for_status()
    ~~~~~~~~~~~~~~~~~~~~~~~~~^^
  File "/Library/Frameworks/Python.framework/Versions/3.14/lib/python3.14/site-packages/requests/models.py", line 1167, in raise_for_status
    raise HTTPError(http_error_msg, response=self)
requests.exceptions.HTTPError: 400 Client Error: Bad Request for url: https://api.benzinga.com/api/v2/news?token=bz.SHPKXEACLAI54NMQAVVFFDHNV5TPLG74&pageSize=50&displayOutput=full&updatedSince=2026-06-20T04%3A00%3A15Z

2026-06-20T05:00:46.298878+00:00 | ERROR | News poll failed:
Traceback (most recent call last):
  File "/Users/omaryoussef/Documents/GitHub/PulseTrade-AI/modules/news_engine.py", line 661, in poll_once
    raw_items = self.client.fetch_news(
        page_size=self.config.page_size,
    ...<2 lines>...
        updated_since=since,
    )
  File "/Users/omaryoussef/Documents/GitHub/PulseTrade-AI/modules/news_engine.py", line 551, in fetch_news
    response.raise_for_status()
    ~~~~~~~~~~~~~~~~~~~~~~~~~^^
  File "/Library/Frameworks/Python.framework/Versions/3.14/lib/python3.14/site-packages/requests/models.py", line 1167, in raise_for_status
    raise HTTPError(http_error_msg, response=self)
requests.exceptions.HTTPError: 400 Client Error: Bad Request for url: https://api.benzinga.com/api/v2/news?token=bz.SHPKXEACLAI54NMQAVVFFDHNV5TPLG74&pageSize=50&displayOutput=full&updatedSince=2026-06-20T04%3A00%3A46Z

2026-06-20T05:01:16.487041+00:00 | ERROR | News poll failed:
Traceback (most recent call last):
  File "/Users/omaryoussef/Documents/GitHub/PulseTrade-AI/modules/news_engine.py", line 661, in poll_once
    raw_items = self.client.fetch_news(
        page_size=self.config.page_size,
    ...<2 lines>...
        updated_since=since,
    )
  File "/Users/omaryoussef/Documents/GitHub/PulseTrade-AI/modules/news_engine.py", line 551, in fetch_news
    response.raise_for_status()
    ~~~~~~~~~~~~~~~~~~~~~~~~~^^
  File "/Library/Frameworks/Python.framework/Versions/3.14/lib/python3.14/site-packages/requests/models.py", line 1167, in raise_for_status
    raise HTTPError(http_error_msg, response=self)
requests.exceptions.HTTPError: 400 Client Error: Bad Request for url: https://api.benzinga.com/api/v2/news?token=bz.SHPKXEACLAI54NMQAVVFFDHNV5TPLG74&pageSize=50&displayOutput=full&updatedSince=2026-06-20T04%3A01%3A16Z

2026-06-20T05:01:46.672400+00:00 | ERROR | News poll failed:
Traceback (most recent call last):
  File "/Users/omaryoussef/Documents/GitHub/PulseTrade-AI/modules/news_engine.py", line 661, in poll_once
    raw_items = self.client.fetch_news(
        page_size=self.config.page_size,
    ...<2 lines>...
        updated_since=since,
    )
  File "/Users/omaryoussef/Documents/GitHub/PulseTrade-AI/modules/news_engine.py", line 551, in fetch_news
    response.raise_for_status()
    ~~~~~~~~~~~~~~~~~~~~~~~~~^^
  File "/Library/Frameworks/Python.framework/Versions/3.14/lib/python3.14/site-packages/requests/models.py", line 1167, in raise_for_status
    raise HTTPError(http_error_msg, response=self)
requests.exceptions.HTTPError: 400 Client Error: Bad Request for url: https://api.benzinga.com/api/v2/news?token=bz.SHPKXEACLAI54NMQAVVFFDHNV5TPLG74&pageSize=50&displayOutput=full&updatedSince=2026-06-20T04%3A01%3A46Z

2026-06-20T05:02:16.850765+00:00 | ERROR | News poll failed:
Traceback (most recent call last):
  File "/Users/omaryoussef/Documents/GitHub/PulseTrade-AI/modules/news_engine.py", line 661, in poll_once
    raw_items = self.client.fetch_news(
        page_size=self.config.page_size,
    ...<2 lines>...
        updated_since=since,
    )
  File "/Users/omaryoussef/Documents/GitHub/PulseTrade-AI/modules/news_engine.py", line 551, in fetch_news
    response.raise_for_status()
    ~~~~~~~~~~~~~~~~~~~~~~~~~^^
  File "/Library/Frameworks/Python.framework/Versions/3.14/lib/python3.14/site-packages/requests/models.py", line 1167, in raise_for_status
    raise HTTPError(http_error_msg, response=self)
requests.exceptions.HTTPError: 400 Client Error: Bad Request for url: https://api.benzinga.com/api/v2/news?token=bz.SHPKXEACLAI54NMQAVVFFDHNV5TPLG74&pageSize=50&displayOutput=full&updatedSince=2026-06-20T04%3A02%3A16Z

2026-06-20T05:02:47.036299+00:00 | ERROR | News poll failed:
Traceback (most recent call last):
  File "/Users/omaryoussef/Documents/GitHub/PulseTrade-AI/modules/news_engine.py", line 661, in poll_once
    raw_items = self.client.fetch_news(
        page_size=self.config.page_size,
    ...<2 lines>...
        updated_since=since,
    )
  File "/Users/omaryoussef/Documents/GitHub/PulseTrade-AI/modules/news_engine.py", line 551, in fetch_news
    response.raise_for_status()
    ~~~~~~~~~~~~~~~~~~~~~~~~~^^
  File "/Library/Frameworks/Python.framework/Versions/3.14/lib/python3.14/site-packages/requests/models.py", line 1167, in raise_for_status
    raise HTTPError(http_error_msg, response=self)
requests.exceptions.HTTPError: 400 Client Error: Bad Request for url: https://api.benzinga.com/api/v2/news?token=bz.SHPKXEACLAI54NMQAVVFFDHNV5TPLG74&pageSize=50&displayOutput=full&updatedSince=2026-06-20T04%3A02%3A46Z

2026-06-20T05:03:17.225393+00:00 | ERROR | News poll failed:
Traceback (most recent call last):
  File "/Users/omaryoussef/Documents/GitHub/PulseTrade-AI/modules/news_engine.py", line 661, in poll_once
    raw_items = self.client.fetch_news(
        page_size=self.config.page_size,
    ...<2 lines>...
        updated_since=since,
    )
  File "/Users/omaryoussef/Documents/GitHub/PulseTrade-AI/modules/news_engine.py", line 551, in fetch_news
    response.raise_for_status()
    ~~~~~~~~~~~~~~~~~~~~~~~~~^^
  File "/Library/Frameworks/Python.framework/Versions/3.14/lib/python3.14/site-packages/requests/models.py", line 1167, in raise_for_status
    raise HTTPError(http_error_msg, response=self)
requests.exceptions.HTTPError: 400 Client Error: Bad Request for url: https://api.benzinga.com/api/v2/news?token=bz.SHPKXEACLAI54NMQAVVFFDHNV5TPLG74&pageSize=50&displayOutput=full&updatedSince=2026-06-20T04%3A03%3A17Z

2026-06-20T05:03:47.413837+00:00 | ERROR | News poll failed:
Traceback (most recent call last):
  File "/Users/omaryoussef/Documents/GitHub/PulseTrade-AI/modules/news_engine.py", line 661, in poll_once
    raw_items = self.client.fetch_news(
        page_size=self.config.page_size,
    ...<2 lines>...
        updated_since=since,
    )
  File "/Users/omaryoussef/Documents/GitHub/PulseTrade-AI/modules/news_engine.py", line 551, in fetch_news
    response.raise_for_status()
    ~~~~~~~~~~~~~~~~~~~~~~~~~^^
  File "/Library/Frameworks/Python.framework/Versions/3.14/lib/python3.14/site-packages/requests/models.py", line 1167, in raise_for_status
    raise HTTPError(http_error_msg, response=self)
requests.exceptions.HTTPError: 400 Client Error: Bad Request for url: https://api.benzinga.com/api/v2/news?token=bz.SHPKXEACLAI54NMQAVVFFDHNV5TPLG74&pageSize=50&displayOutput=full&updatedSince=2026-06-20T04%3A03%3A47Z

2026-06-20T05:04:17.600267+00:00 | ERROR | News poll failed:
Traceback (most recent call last):
  File "/Users/omaryoussef/Documents/GitHub/PulseTrade-AI/modules/news_engine.py", line 661, in poll_once
    raw_items = self.client.fetch_news(
        page_size=self.config.page_size,
    ...<2 lines>...
        updated_since=since,
    )
  File "/Users/omaryoussef/Documents/GitHub/PulseTrade-AI/modules/news_engine.py", line 551, in fetch_news
    response.raise_for_status()
    ~~~~~~~~~~~~~~~~~~~~~~~~~^^
  File "/Library/Frameworks/Python.framework/Versions/3.14/lib/python3.14/site-packages/requests/models.py", line 1167, in raise_for_status
    raise HTTPError(http_error_msg, response=self)
requests.exceptions.HTTPError: 400 Client Error: Bad Request for url: https://api.benzinga.com/api/v2/news?token=bz.SHPKXEACLAI54NMQAVVFFDHNV5TPLG74&pageSize=50&displayOutput=full&updatedSince=2026-06-20T04%3A04%3A17Z

2026-06-20T05:04:47.784223+00:00 | ERROR | News poll failed:
Traceback (most recent call last):
  File "/Users/omaryoussef/Documents/GitHub/PulseTrade-AI/modules/news_engine.py", line 661, in poll_once
    raw_items = self.client.fetch_news(
        page_size=self.config.page_size,
    ...<2 lines>...
        updated_since=since,
    )
  File "/Users/omaryoussef/Documents/GitHub/PulseTrade-AI/modules/news_engine.py", line 551, in fetch_news
    response.raise_for_status()
    ~~~~~~~~~~~~~~~~~~~~~~~~~^^
  File "/Library/Frameworks/Python.framework/Versions/3.14/lib/python3.14/site-packages/requests/models.py", line 1167, in raise_for_status
    raise HTTPError(http_error_msg, response=self)
requests.exceptions.HTTPError: 400 Client Error: Bad Request for url: https://api.benzinga.com/api/v2/news?token=bz.SHPKXEACLAI54NMQAVVFFDHNV5TPLG74&pageSize=50&displayOutput=full&updatedSince=2026-06-20T04%3A04%3A47Z

2026-06-20T05:05:18.008485+00:00 | ERROR | News poll failed:
Traceback (most recent call last):
  File "/Users/omaryoussef/Documents/GitHub/PulseTrade-AI/modules/news_engine.py", line 661, in poll_once
    raw_items = self.client.fetch_news(
        page_size=self.config.page_size,
    ...<2 lines>...
        updated_since=since,
    )
  File "/Users/omaryoussef/Documents/GitHub/PulseTrade-AI/modules/news_engine.py", line 551, in fetch_news
    response.raise_for_status()
    ~~~~~~~~~~~~~~~~~~~~~~~~~^^
  File "/Library/Frameworks/Python.framework/Versions/3.14/lib/python3.14/site-packages/requests/models.py", line 1167, in raise_for_status
    raise HTTPError(http_error_msg, response=self)
requests.exceptions.HTTPError: 400 Client Error: Bad Request for url: https://api.benzinga.com/api/v2/news?token=bz.SHPKXEACLAI54NMQAVVFFDHNV5TPLG74&pageSize=50&displayOutput=full&updatedSince=2026-06-20T04%3A05%3A17Z

2026-06-20T05:05:48.188473+00:00 | ERROR | News poll failed:
Traceback (most recent call last):
  File "/Users/omaryoussef/Documents/GitHub/PulseTrade-AI/modules/news_engine.py", line 661, in poll_once
    raw_items = self.client.fetch_news(
        page_size=self.config.page_size,
    ...<2 lines>...
        updated_since=since,
    )
  File "/Users/omaryoussef/Documents/GitHub/PulseTrade-AI/modules/news_engine.py", line 551, in fetch_news
    response.raise_for_status()
    ~~~~~~~~~~~~~~~~~~~~~~~~~^^
  File "/Library/Frameworks/Python.framework/Versions/3.14/lib/python3.14/site-packages/requests/models.py", line 1167, in raise_for_status
    raise HTTPError(http_error_msg, response=self)
requests.exceptions.HTTPError: 400 Client Error: Bad Request for url: https://api.benzinga.com/api/v2/news?token=bz.SHPKXEACLAI54NMQAVVFFDHNV5TPLG74&pageSize=50&displayOutput=full&updatedSince=2026-06-20T04%3A05%3A48Z

2026-06-20T05:06:18.367133+00:00 | ERROR | News poll failed:
Traceback (most recent call last):
  File "/Users/omaryoussef/Documents/GitHub/PulseTrade-AI/modules/news_engine.py", line 661, in poll_once
    raw_items = self.client.fetch_news(
        page_size=self.config.page_size,
    ...<2 lines>...
        updated_since=since,
    )
  File "/Users/omaryoussef/Documents/GitHub/PulseTrade-AI/modules/news_engine.py", line 551, in fetch_news
    response.raise_for_status()
    ~~~~~~~~~~~~~~~~~~~~~~~~~^^
  File "/Library/Frameworks/Python.framework/Versions/3.14/lib/python3.14/site-packages/requests/models.py", line 1167, in raise_for_status
    raise HTTPError(http_error_msg, response=self)
requests.exceptions.HTTPError: 400 Client Error: Bad Request for url: https://api.benzinga.com/api/v2/news?token=bz.SHPKXEACLAI54NMQAVVFFDHNV5TPLG74&pageSize=50&displayOutput=full&updatedSince=2026-06-20T04%3A06%3A18Z

2026-06-20T05:06:48.760537+00:00 | ERROR | News poll failed:
Traceback (most recent call last):
  File "/Users/omaryoussef/Documents/GitHub/PulseTrade-AI/modules/news_engine.py", line 661, in poll_once
    raw_items = self.client.fetch_news(
        page_size=self.config.page_size,
    ...<2 lines>...
        updated_since=since,
    )
  File "/Users/omaryoussef/Documents/GitHub/PulseTrade-AI/modules/news_engine.py", line 551, in fetch_news
    response.raise_for_status()
    ~~~~~~~~~~~~~~~~~~~~~~~~~^^
  File "/Library/Frameworks/Python.framework/Versions/3.14/lib/python3.14/site-packages/requests/models.py", line 1167, in raise_for_status
    raise HTTPError(http_error_msg, response=self)
requests.exceptions.HTTPError: 400 Client Error: Bad Request for url: https://api.benzinga.com/api/v2/news?token=bz.SHPKXEACLAI54NMQAVVFFDHNV5TPLG74&pageSize=50&displayOutput=full&updatedSince=2026-06-20T04%3A06%3A48Z

2026-06-20T05:07:18.943214+00:00 | ERROR | News poll failed:
Traceback (most recent call last):
  File "/Users/omaryoussef/Documents/GitHub/PulseTrade-AI/modules/news_engine.py", line 661, in poll_once
    raw_items = self.client.fetch_news(
        page_size=self.config.page_size,
    ...<2 lines>...
        updated_since=since,
    )
  File "/Users/omaryoussef/Documents/GitHub/PulseTrade-AI/modules/news_engine.py", line 551, in fetch_news
    response.raise_for_status()
    ~~~~~~~~~~~~~~~~~~~~~~~~~^^
  File "/Library/Frameworks/Python.framework/Versions/3.14/lib/python3.14/site-packages/requests/models.py", line 1167, in raise_for_status
    raise HTTPError(http_error_msg, response=self)
requests.exceptions.HTTPError: 400 Client Error: Bad Request for url: https://api.benzinga.com/api/v2/news?token=bz.SHPKXEACLAI54NMQAVVFFDHNV5TPLG74&pageSize=50&displayOutput=full&updatedSince=2026-06-20T04%3A07%3A18Z

2026-06-20T05:07:49.132016+00:00 | ERROR | News poll failed:
Traceback (most recent call last):
  File "/Users/omaryoussef/Documents/GitHub/PulseTrade-AI/modules/news_engine.py", line 661, in poll_once
    raw_items = self.client.fetch_news(
        page_size=self.config.page_size,
    ...<2 lines>...
        updated_since=since,
    )
  File "/Users/omaryoussef/Documents/GitHub/PulseTrade-AI/modules/news_engine.py", line 551, in fetch_news
    response.raise_for_status()
    ~~~~~~~~~~~~~~~~~~~~~~~~~^^
  File "/Library/Frameworks/Python.framework/Versions/3.14/lib/python3.14/site-packages/requests/models.py", line 1167, in raise_for_status
    raise HTTPError(http_error_msg, response=self)
requests.exceptions.HTTPError: 400 Client Error: Bad Request for url: https://api.benzinga.com/api/v2/news?token=bz.SHPKXEACLAI54NMQAVVFFDHNV5TPLG74&pageSize=50&displayOutput=full&updatedSince=2026-06-20T04%3A07%3A48Z

2026-06-20T05:08:19.318207+00:00 | ERROR | News poll failed:
Traceback (most recent call last):
  File "/Users/omaryoussef/Documents/GitHub/PulseTrade-AI/modules/news_engine.py", line 661, in poll_once
    raw_items = self.client.fetch_news(
        page_size=self.config.page_size,
    ...<2 lines>...
        updated_since=since,
    )
  File "/Users/omaryoussef/Documents/GitHub/PulseTrade-AI/modules/news_engine.py", line 551, in fetch_news
    response.raise_for_status()
    ~~~~~~~~~~~~~~~~~~~~~~~~~^^
  File "/Library/Frameworks/Python.framework/Versions/3.14/lib/python3.14/site-packages/requests/models.py", line 1167, in raise_for_status
    raise HTTPError(http_error_msg, response=self)
requests.exceptions.HTTPError: 400 Client Error: Bad Request for url: https://api.benzinga.com/api/v2/news?token=bz.SHPKXEACLAI54NMQAVVFFDHNV5TPLG74&pageSize=50&displayOutput=full&updatedSince=2026-06-20T04%3A08%3A19Z

2026-06-20T05:08:49.504165+00:00 | ERROR | News poll failed:
Traceback (most recent call last):
  File "/Users/omaryoussef/Documents/GitHub/PulseTrade-AI/modules/news_engine.py", line 661, in poll_once
    raw_items = self.client.fetch_news(
        page_size=self.config.page_size,
    ...<2 lines>...
        updated_since=since,
    )
  File "/Users/omaryoussef/Documents/GitHub/PulseTrade-AI/modules/news_engine.py", line 551, in fetch_news
    response.raise_for_status()
    ~~~~~~~~~~~~~~~~~~~~~~~~~^^
  File "/Library/Frameworks/Python.framework/Versions/3.14/lib/python3.14/site-packages/requests/models.py", line 1167, in raise_for_status
    raise HTTPError(http_error_msg, response=self)
requests.exceptions.HTTPError: 400 Client Error: Bad Request for url: https://api.benzinga.com/api/v2/news?token=bz.SHPKXEACLAI54NMQAVVFFDHNV5TPLG74&pageSize=50&displayOutput=full&updatedSince=2026-06-20T04%3A08%3A49Z

2026-06-20T05:09:19.896699+00:00 | ERROR | News poll failed:
Traceback (most recent call last):
  File "/Users/omaryoussef/Documents/GitHub/PulseTrade-AI/modules/news_engine.py", line 661, in poll_once
    raw_items = self.client.fetch_news(
        page_size=self.config.page_size,
    ...<2 lines>...
        updated_since=since,
    )
  File "/Users/omaryoussef/Documents/GitHub/PulseTrade-AI/modules/news_engine.py", line 551, in fetch_news
    response.raise_for_status()
    ~~~~~~~~~~~~~~~~~~~~~~~~~^^
  File "/Library/Frameworks/Python.framework/Versions/3.14/lib/python3.14/site-packages/requests/models.py", line 1167, in raise_for_status
    raise HTTPError(http_error_msg, response=self)
requests.exceptions.HTTPError: 400 Client Error: Bad Request for url: https://api.benzinga.com/api/v2/news?token=bz.SHPKXEACLAI54NMQAVVFFDHNV5TPLG74&pageSize=50&displayOutput=full&updatedSince=2026-06-20T04%3A09%3A19Z

2026-06-20T05:09:50.084461+00:00 | ERROR | News poll failed:
Traceback (most recent call last):
  File "/Users/omaryoussef/Documents/GitHub/PulseTrade-AI/modules/news_engine.py", line 661, in poll_once
    raw_items = self.client.fetch_news(
        page_size=self.config.page_size,
    ...<2 lines>...
        updated_since=since,
    )
  File "/Users/omaryoussef/Documents/GitHub/PulseTrade-AI/modules/news_engine.py", line 551, in fetch_news
    response.raise_for_status()
    ~~~~~~~~~~~~~~~~~~~~~~~~~^^
  File "/Library/Frameworks/Python.framework/Versions/3.14/lib/python3.14/site-packages/requests/models.py", line 1167, in raise_for_status
    raise HTTPError(http_error_msg, response=self)
requests.exceptions.HTTPError: 400 Client Error: Bad Request for url: https://api.benzinga.com/api/v2/news?token=bz.SHPKXEACLAI54NMQAVVFFDHNV5TPLG74&pageSize=50&displayOutput=full&updatedSince=2026-06-20T04%3A09%3A49Z

2026-06-20T05:10:20.266155+00:00 | ERROR | News poll failed:
Traceback (most recent call last):
  File "/Users/omaryoussef/Documents/GitHub/PulseTrade-AI/modules/news_engine.py", line 661, in poll_once
    raw_items = self.client.fetch_news(
        page_size=self.config.page_size,
    ...<2 lines>...
        updated_since=since,
    )
  File "/Users/omaryoussef/Documents/GitHub/PulseTrade-AI/modules/news_engine.py", line 551, in fetch_news
    response.raise_for_status()
    ~~~~~~~~~~~~~~~~~~~~~~~~~^^
  File "/Library/Frameworks/Python.framework/Versions/3.14/lib/python3.14/site-packages/requests/models.py", line 1167, in raise_for_status
    raise HTTPError(http_error_msg, response=self)
requests.exceptions.HTTPError: 400 Client Error: Bad Request for url: https://api.benzinga.com/api/v2/news?token=bz.SHPKXEACLAI54NMQAVVFFDHNV5TPLG74&pageSize=50&displayOutput=full&updatedSince=2026-06-20T04%3A10%3A20Z

2026-06-20T05:10:50.446438+00:00 | ERROR | News poll failed:
Traceback (most recent call last):
  File "/Users/omaryoussef/Documents/GitHub/PulseTrade-AI/modules/news_engine.py", line 661, in poll_once
    raw_items = self.client.fetch_news(
        page_size=self.config.page_size,
    ...<2 lines>...
        updated_since=since,
    )
  File "/Users/omaryoussef/Documents/GitHub/PulseTrade-AI/modules/news_engine.py", line 551, in fetch_news
    response.raise_for_status()
    ~~~~~~~~~~~~~~~~~~~~~~~~~^^
  File "/Library/Frameworks/Python.framework/Versions/3.14/lib/python3.14/site-packages/requests/models.py", line 1167, in raise_for_status
    raise HTTPError(http_error_msg, response=self)
requests.exceptions.HTTPError: 400 Client Error: Bad Request for url: https://api.benzinga.com/api/v2/news?token=bz.SHPKXEACLAI54NMQAVVFFDHNV5TPLG74&pageSize=50&displayOutput=full&updatedSince=2026-06-20T04%3A10%3A50Z

2026-06-20T05:11:20.632216+00:00 | ERROR | News poll failed:
Traceback (most recent call last):
  File "/Users/omaryoussef/Documents/GitHub/PulseTrade-AI/modules/news_engine.py", line 661, in poll_once
    raw_items = self.client.fetch_news(
        page_size=self.config.page_size,
    ...<2 lines>...
        updated_since=since,
    )
  File "/Users/omaryoussef/Documents/GitHub/PulseTrade-AI/modules/news_engine.py", line 551, in fetch_news
    response.raise_for_status()
    ~~~~~~~~~~~~~~~~~~~~~~~~~^^
  File "/Library/Frameworks/Python.framework/Versions/3.14/lib/python3.14/site-packages/requests/models.py", line 1167, in raise_for_status
    raise HTTPError(http_error_msg, response=self)
requests.exceptions.HTTPError: 400 Client Error: Bad Request for url: https://api.benzinga.com/api/v2/news?token=bz.SHPKXEACLAI54NMQAVVFFDHNV5TPLG74&pageSize=50&displayOutput=full&updatedSince=2026-06-20T04%3A11%3A20Z

2026-06-20T05:11:50.820849+00:00 | ERROR | News poll failed:
Traceback (most recent call last):
  File "/Users/omaryoussef/Documents/GitHub/PulseTrade-AI/modules/news_engine.py", line 661, in poll_once
    raw_items = self.client.fetch_news(
        page_size=self.config.page_size,
    ...<2 lines>...
        updated_since=since,
    )
  File "/Users/omaryoussef/Documents/GitHub/PulseTrade-AI/modules/news_engine.py", line 551, in fetch_news
    response.raise_for_status()
    ~~~~~~~~~~~~~~~~~~~~~~~~~^^
  File "/Library/Frameworks/Python.framework/Versions/3.14/lib/python3.14/site-packages/requests/models.py", line 1167, in raise_for_status
    raise HTTPError(http_error_msg, response=self)
requests.exceptions.HTTPError: 400 Client Error: Bad Request for url: https://api.benzinga.com/api/v2/news?token=bz.SHPKXEACLAI54NMQAVVFFDHNV5TPLG74&pageSize=50&displayOutput=full&updatedSince=2026-06-20T04%3A11%3A50Z

2026-06-20T05:12:21.007392+00:00 | ERROR | News poll failed:
Traceback (most recent call last):
  File "/Users/omaryoussef/Documents/GitHub/PulseTrade-AI/modules/news_engine.py", line 661, in poll_once
    raw_items = self.client.fetch_news(
        page_size=self.config.page_size,
    ...<2 lines>...
        updated_since=since,
    )
  File "/Users/omaryoussef/Documents/GitHub/PulseTrade-AI/modules/news_engine.py", line 551, in fetch_news
    response.raise_for_status()
    ~~~~~~~~~~~~~~~~~~~~~~~~~^^
  File "/Library/Frameworks/Python.framework/Versions/3.14/lib/python3.14/site-packages/requests/models.py", line 1167, in raise_for_status
    raise HTTPError(http_error_msg, response=self)
requests.exceptions.HTTPError: 400 Client Error: Bad Request for url: https://api.benzinga.com/api/v2/news?token=bz.SHPKXEACLAI54NMQAVVFFDHNV5TPLG74&pageSize=50&displayOutput=full&updatedSince=2026-06-20T04%3A12%3A20Z

2026-06-20T05:12:51.186911+00:00 | ERROR | News poll failed:
Traceback (most recent call last):
  File "/Users/omaryoussef/Documents/GitHub/PulseTrade-AI/modules/news_engine.py", line 661, in poll_once
    raw_items = self.client.fetch_news(
        page_size=self.config.page_size,
    ...<2 lines>...
        updated_since=since,
    )
  File "/Users/omaryoussef/Documents/GitHub/PulseTrade-AI/modules/news_engine.py", line 551, in fetch_news
    response.raise_for_status()
    ~~~~~~~~~~~~~~~~~~~~~~~~~^^
  File "/Library/Frameworks/Python.framework/Versions/3.14/lib/python3.14/site-packages/requests/models.py", line 1167, in raise_for_status
    raise HTTPError(http_error_msg, response=self)
requests.exceptions.HTTPError: 400 Client Error: Bad Request for url: https://api.benzinga.com/api/v2/news?token=bz.SHPKXEACLAI54NMQAVVFFDHNV5TPLG74&pageSize=50&displayOutput=full&updatedSince=2026-06-20T04%3A12%3A51Z

2026-06-20T05:13:21.372937+00:00 | ERROR | News poll failed:
Traceback (most recent call last):
  File "/Users/omaryoussef/Documents/GitHub/PulseTrade-AI/modules/news_engine.py", line 661, in poll_once
    raw_items = self.client.fetch_news(
        page_size=self.config.page_size,
    ...<2 lines>...
        updated_since=since,
    )
  File "/Users/omaryoussef/Documents/GitHub/PulseTrade-AI/modules/news_engine.py", line 551, in fetch_news
    response.raise_for_status()
    ~~~~~~~~~~~~~~~~~~~~~~~~~^^
  File "/Library/Frameworks/Python.framework/Versions/3.14/lib/python3.14/site-packages/requests/models.py", line 1167, in raise_for_status
    raise HTTPError(http_error_msg, response=self)
requests.exceptions.HTTPError: 400 Client Error: Bad Request for url: https://api.benzinga.com/api/v2/news?token=bz.SHPKXEACLAI54NMQAVVFFDHNV5TPLG74&pageSize=50&displayOutput=full&updatedSince=2026-06-20T04%3A13%3A21Z

2026-06-20T05:13:51.567238+00:00 | ERROR | News poll failed:
Traceback (most recent call last):
  File "/Users/omaryoussef/Documents/GitHub/PulseTrade-AI/modules/news_engine.py", line 661, in poll_once
    raw_items = self.client.fetch_news(
        page_size=self.config.page_size,
    ...<2 lines>...
        updated_since=since,
    )
  File "/Users/omaryoussef/Documents/GitHub/PulseTrade-AI/modules/news_engine.py", line 551, in fetch_news
    response.raise_for_status()
    ~~~~~~~~~~~~~~~~~~~~~~~~~^^
  File "/Library/Frameworks/Python.framework/Versions/3.14/lib/python3.14/site-packages/requests/models.py", line 1167, in raise_for_status
    raise HTTPError(http_error_msg, response=self)
requests.exceptions.HTTPError: 400 Client Error: Bad Request for url: https://api.benzinga.com/api/v2/news?token=bz.SHPKXEACLAI54NMQAVVFFDHNV5TPLG74&pageSize=50&displayOutput=full&updatedSince=2026-06-20T04%3A13%3A51Z

2026-06-20T05:14:21.758226+00:00 | ERROR | News poll failed:
Traceback (most recent call last):
  File "/Users/omaryoussef/Documents/GitHub/PulseTrade-AI/modules/news_engine.py", line 661, in poll_once
    raw_items = self.client.fetch_news(
        page_size=self.config.page_size,
    ...<2 lines>...
        updated_since=since,
    )
  File "/Users/omaryoussef/Documents/GitHub/PulseTrade-AI/modules/news_engine.py", line 551, in fetch_news
    response.raise_for_status()
    ~~~~~~~~~~~~~~~~~~~~~~~~~^^
  File "/Library/Frameworks/Python.framework/Versions/3.14/lib/python3.14/site-packages/requests/models.py", line 1167, in raise_for_status
    raise HTTPError(http_error_msg, response=self)
requests.exceptions.HTTPError: 400 Client Error: Bad Request for url: https://api.benzinga.com/api/v2/news?token=bz.SHPKXEACLAI54NMQAVVFFDHNV5TPLG74&pageSize=50&displayOutput=full&updatedSince=2026-06-20T04%3A14%3A21Z

2026-06-20T05:14:51.946968+00:00 | ERROR | News poll failed:
Traceback (most recent call last):
  File "/Users/omaryoussef/Documents/GitHub/PulseTrade-AI/modules/news_engine.py", line 661, in poll_once
    raw_items = self.client.fetch_news(
        page_size=self.config.page_size,
    ...<2 lines>...
        updated_since=since,
    )
  File "/Users/omaryoussef/Documents/GitHub/PulseTrade-AI/modules/news_engine.py", line 551, in fetch_news
    response.raise_for_status()
    ~~~~~~~~~~~~~~~~~~~~~~~~~^^
  File "/Library/Frameworks/Python.framework/Versions/3.14/lib/python3.14/site-packages/requests/models.py", line 1167, in raise_for_status
    raise HTTPError(http_error_msg, response=self)
requests.exceptions.HTTPError: 400 Client Error: Bad Request for url: https://api.benzinga.com/api/v2/news?token=bz.SHPKXEACLAI54NMQAVVFFDHNV5TPLG74&pageSize=50&displayOutput=full&updatedSince=2026-06-20T04%3A14%3A51Z

2026-06-20T05:15:22.137551+00:00 | ERROR | News poll failed:
Traceback (most recent call last):
  File "/Users/omaryoussef/Documents/GitHub/PulseTrade-AI/modules/news_engine.py", line 661, in poll_once
    raw_items = self.client.fetch_news(
        page_size=self.config.page_size,
    ...<2 lines>...
        updated_since=since,
    )
  File "/Users/omaryoussef/Documents/GitHub/PulseTrade-AI/modules/news_engine.py", line 551, in fetch_news
    response.raise_for_status()
    ~~~~~~~~~~~~~~~~~~~~~~~~~^^
  File "/Library/Frameworks/Python.framework/Versions/3.14/lib/python3.14/site-packages/requests/models.py", line 1167, in raise_for_status
    raise HTTPError(http_error_msg, response=self)
requests.exceptions.HTTPError: 400 Client Error: Bad Request for url: https://api.benzinga.com/api/v2/news?token=bz.SHPKXEACLAI54NMQAVVFFDHNV5TPLG74&pageSize=50&displayOutput=full&updatedSince=2026-06-20T04%3A15%3A21Z

2026-06-20T05:15:52.335756+00:00 | ERROR | News poll failed:
Traceback (most recent call last):
  File "/Users/omaryoussef/Documents/GitHub/PulseTrade-AI/modules/news_engine.py", line 661, in poll_once
    raw_items = self.client.fetch_news(
        page_size=self.config.page_size,
    ...<2 lines>...
        updated_since=since,
    )
  File "/Users/omaryoussef/Documents/GitHub/PulseTrade-AI/modules/news_engine.py", line 551, in fetch_news
    response.raise_for_status()
    ~~~~~~~~~~~~~~~~~~~~~~~~~^^
  File "/Library/Frameworks/Python.framework/Versions/3.14/lib/python3.14/site-packages/requests/models.py", line 1167, in raise_for_status
    raise HTTPError(http_error_msg, response=self)
requests.exceptions.HTTPError: 400 Client Error: Bad Request for url: https://api.benzinga.com/api/v2/news?token=bz.SHPKXEACLAI54NMQAVVFFDHNV5TPLG74&pageSize=50&displayOutput=full&updatedSince=2026-06-20T04%3A15%3A52Z

2026-06-20T05:16:22.515973+00:00 | ERROR | News poll failed:
Traceback (most recent call last):
  File "/Users/omaryoussef/Documents/GitHub/PulseTrade-AI/modules/news_engine.py", line 661, in poll_once
    raw_items = self.client.fetch_news(
        page_size=self.config.page_size,
    ...<2 lines>...
        updated_since=since,
    )
  File "/Users/omaryoussef/Documents/GitHub/PulseTrade-AI/modules/news_engine.py", line 551, in fetch_news
    response.raise_for_status()
    ~~~~~~~~~~~~~~~~~~~~~~~~~^^
  File "/Library/Frameworks/Python.framework/Versions/3.14/lib/python3.14/site-packages/requests/models.py", line 1167, in raise_for_status
    raise HTTPError(http_error_msg, response=self)
requests.exceptions.HTTPError: 400 Client Error: Bad Request for url: https://api.benzinga.com/api/v2/news?token=bz.SHPKXEACLAI54NMQAVVFFDHNV5TPLG74&pageSize=50&displayOutput=full&updatedSince=2026-06-20T04%3A16%3A22Z

2026-06-20T05:16:52.705503+00:00 | ERROR | News poll failed:
Traceback (most recent call last):
  File "/Users/omaryoussef/Documents/GitHub/PulseTrade-AI/modules/news_engine.py", line 661, in poll_once
    raw_items = self.client.fetch_news(
        page_size=self.config.page_size,
    ...<2 lines>...
        updated_since=since,
    )
  File "/Users/omaryoussef/Documents/GitHub/PulseTrade-AI/modules/news_engine.py", line 551, in fetch_news
    response.raise_for_status()
    ~~~~~~~~~~~~~~~~~~~~~~~~~^^
  File "/Library/Frameworks/Python.framework/Versions/3.14/lib/python3.14/site-packages/requests/models.py", line 1167, in raise_for_status
    raise HTTPError(http_error_msg, response=self)
requests.exceptions.HTTPError: 400 Client Error: Bad Request for url: https://api.benzinga.com/api/v2/news?token=bz.SHPKXEACLAI54NMQAVVFFDHNV5TPLG74&pageSize=50&displayOutput=full&updatedSince=2026-06-20T04%3A16%3A52Z

2026-06-20T05:17:22.893136+00:00 | ERROR | News poll failed:
Traceback (most recent call last):
  File "/Users/omaryoussef/Documents/GitHub/PulseTrade-AI/modules/news_engine.py", line 661, in poll_once
    raw_items = self.client.fetch_news(
        page_size=self.config.page_size,
    ...<2 lines>...
        updated_since=since,
    )
  File "/Users/omaryoussef/Documents/GitHub/PulseTrade-AI/modules/news_engine.py", line 551, in fetch_news
    response.raise_for_status()
    ~~~~~~~~~~~~~~~~~~~~~~~~~^^
  File "/Library/Frameworks/Python.framework/Versions/3.14/lib/python3.14/site-packages/requests/models.py", line 1167, in raise_for_status
    raise HTTPError(http_error_msg, response=self)
requests.exceptions.HTTPError: 400 Client Error: Bad Request for url: https://api.benzinga.com/api/v2/news?token=bz.SHPKXEACLAI54NMQAVVFFDHNV5TPLG74&pageSize=50&displayOutput=full&updatedSince=2026-06-20T04%3A17%3A22Z

2026-06-20T05:17:53.081525+00:00 | ERROR | News poll failed:
Traceback (most recent call last):
  File "/Users/omaryoussef/Documents/GitHub/PulseTrade-AI/modules/news_engine.py", line 661, in poll_once
    raw_items = self.client.fetch_news(
        page_size=self.config.page_size,
    ...<2 lines>...
        updated_since=since,
    )
  File "/Users/omaryoussef/Documents/GitHub/PulseTrade-AI/modules/news_engine.py", line 551, in fetch_news
    response.raise_for_status()
    ~~~~~~~~~~~~~~~~~~~~~~~~~^^
  File "/Library/Frameworks/Python.framework/Versions/3.14/lib/python3.14/site-packages/requests/models.py", line 1167, in raise_for_status
    raise HTTPError(http_error_msg, response=self)
requests.exceptions.HTTPError: 400 Client Error: Bad Request for url: https://api.benzinga.com/api/v2/news?token=bz.SHPKXEACLAI54NMQAVVFFDHNV5TPLG74&pageSize=50&displayOutput=full&updatedSince=2026-06-20T04%3A17%3A52Z

2026-06-20T05:18:23.260106+00:00 | ERROR | News poll failed:
Traceback (most recent call last):
  File "/Users/omaryoussef/Documents/GitHub/PulseTrade-AI/modules/news_engine.py", line 661, in poll_once
    raw_items = self.client.fetch_news(
        page_size=self.config.page_size,
    ...<2 lines>...
        updated_since=since,
    )
  File "/Users/omaryoussef/Documents/GitHub/PulseTrade-AI/modules/news_engine.py", line 551, in fetch_news
    response.raise_for_status()
    ~~~~~~~~~~~~~~~~~~~~~~~~~^^
  File "/Library/Frameworks/Python.framework/Versions/3.14/lib/python3.14/site-packages/requests/models.py", line 1167, in raise_for_status
    raise HTTPError(http_error_msg, response=self)
requests.exceptions.HTTPError: 400 Client Error: Bad Request for url: https://api.benzinga.com/api/v2/news?token=bz.SHPKXEACLAI54NMQAVVFFDHNV5TPLG74&pageSize=50&displayOutput=full&updatedSince=2026-06-20T04%3A18%3A23Z

2026-06-20T05:18:53.452360+00:00 | ERROR | News poll failed:
Traceback (most recent call last):
  File "/Users/omaryoussef/Documents/GitHub/PulseTrade-AI/modules/news_engine.py", line 661, in poll_once
    raw_items = self.client.fetch_news(
        page_size=self.config.page_size,
    ...<2 lines>...
        updated_since=since,
    )
  File "/Users/omaryoussef/Documents/GitHub/PulseTrade-AI/modules/news_engine.py", line 551, in fetch_news
    response.raise_for_status()
    ~~~~~~~~~~~~~~~~~~~~~~~~~^^
  File "/Library/Frameworks/Python.framework/Versions/3.14/lib/python3.14/site-packages/requests/models.py", line 1167, in raise_for_status
    raise HTTPError(http_error_msg, response=self)
requests.exceptions.HTTPError: 400 Client Error: Bad Request for url: https://api.benzinga.com/api/v2/news?token=bz.SHPKXEACLAI54NMQAVVFFDHNV5TPLG74&pageSize=50&displayOutput=full&updatedSince=2026-06-20T04%3A18%3A53Z

2026-06-20T05:19:23.634763+00:00 | ERROR | News poll failed:
Traceback (most recent call last):
  File "/Users/omaryoussef/Documents/GitHub/PulseTrade-AI/modules/news_engine.py", line 661, in poll_once
    raw_items = self.client.fetch_news(
        page_size=self.config.page_size,
    ...<2 lines>...
        updated_since=since,
    )
  File "/Users/omaryoussef/Documents/GitHub/PulseTrade-AI/modules/news_engine.py", line 551, in fetch_news
    response.raise_for_status()
    ~~~~~~~~~~~~~~~~~~~~~~~~~^^
  File "/Library/Frameworks/Python.framework/Versions/3.14/lib/python3.14/site-packages/requests/models.py", line 1167, in raise_for_status
    raise HTTPError(http_error_msg, response=self)
requests.exceptions.HTTPError: 400 Client Error: Bad Request for url: https://api.benzinga.com/api/v2/news?token=bz.SHPKXEACLAI54NMQAVVFFDHNV5TPLG74&pageSize=50&displayOutput=full&updatedSince=2026-06-20T04%3A19%3A23Z

2026-06-20T05:19:53.806413+00:00 | ERROR | News poll failed:
Traceback (most recent call last):
  File "/Users/omaryoussef/Documents/GitHub/PulseTrade-AI/modules/news_engine.py", line 661, in poll_once
    raw_items = self.client.fetch_news(
        page_size=self.config.page_size,
    ...<2 lines>...
        updated_since=since,
    )
  File "/Users/omaryoussef/Documents/GitHub/PulseTrade-AI/modules/news_engine.py", line 551, in fetch_news
    response.raise_for_status()
    ~~~~~~~~~~~~~~~~~~~~~~~~~^^
  File "/Library/Frameworks/Python.framework/Versions/3.14/lib/python3.14/site-packages/requests/models.py", line 1167, in raise_for_status
    raise HTTPError(http_error_msg, response=self)
requests.exceptions.HTTPError: 400 Client Error: Bad Request for url: https://api.benzinga.com/api/v2/news?token=bz.SHPKXEACLAI54NMQAVVFFDHNV5TPLG74&pageSize=50&displayOutput=full&updatedSince=2026-06-20T04%3A19%3A53Z

2026-06-20T05:20:24.005230+00:00 | ERROR | News poll failed:
Traceback (most recent call last):
  File "/Users/omaryoussef/Documents/GitHub/PulseTrade-AI/modules/news_engine.py", line 661, in poll_once
    raw_items = self.client.fetch_news(
        page_size=self.config.page_size,
    ...<2 lines>...
        updated_since=since,
    )
  File "/Users/omaryoussef/Documents/GitHub/PulseTrade-AI/modules/news_engine.py", line 551, in fetch_news
    response.raise_for_status()
    ~~~~~~~~~~~~~~~~~~~~~~~~~^^
  File "/Library/Frameworks/Python.framework/Versions/3.14/lib/python3.14/site-packages/requests/models.py", line 1167, in raise_for_status
    raise HTTPError(http_error_msg, response=self)
requests.exceptions.HTTPError: 400 Client Error: Bad Request for url: https://api.benzinga.com/api/v2/news?token=bz.SHPKXEACLAI54NMQAVVFFDHNV5TPLG74&pageSize=50&displayOutput=full&updatedSince=2026-06-20T04%3A20%3A23Z

2026-06-20T05:20:54.190230+00:00 | ERROR | News poll failed:
Traceback (most recent call last):
  File "/Users/omaryoussef/Documents/GitHub/PulseTrade-AI/modules/news_engine.py", line 661, in poll_once
    raw_items = self.client.fetch_news(
        page_size=self.config.page_size,
    ...<2 lines>...
        updated_since=since,
    )
  File "/Users/omaryoussef/Documents/GitHub/PulseTrade-AI/modules/news_engine.py", line 551, in fetch_news
    response.raise_for_status()
    ~~~~~~~~~~~~~~~~~~~~~~~~~^^
  File "/Library/Frameworks/Python.framework/Versions/3.14/lib/python3.14/site-packages/requests/models.py", line 1167, in raise_for_status
    raise HTTPError(http_error_msg, response=self)
requests.exceptions.HTTPError: 400 Client Error: Bad Request for url: https://api.benzinga.com/api/v2/news?token=bz.SHPKXEACLAI54NMQAVVFFDHNV5TPLG74&pageSize=50&displayOutput=full&updatedSince=2026-06-20T04%3A20%3A54Z

2026-06-20T05:21:24.378913+00:00 | ERROR | News poll failed:
Traceback (most recent call last):
  File "/Users/omaryoussef/Documents/GitHub/PulseTrade-AI/modules/news_engine.py", line 661, in poll_once
    raw_items = self.client.fetch_news(
        page_size=self.config.page_size,
    ...<2 lines>...
        updated_since=since,
    )
  File "/Users/omaryoussef/Documents/GitHub/PulseTrade-AI/modules/news_engine.py", line 551, in fetch_news
    response.raise_for_status()
    ~~~~~~~~~~~~~~~~~~~~~~~~~^^
  File "/Library/Frameworks/Python.framework/Versions/3.14/lib/python3.14/site-packages/requests/models.py", line 1167, in raise_for_status
    raise HTTPError(http_error_msg, response=self)
requests.exceptions.HTTPError: 400 Client Error: Bad Request for url: https://api.benzinga.com/api/v2/news?token=bz.SHPKXEACLAI54NMQAVVFFDHNV5TPLG74&pageSize=50&displayOutput=full&updatedSince=2026-06-20T04%3A21%3A24Z

2026-06-20T05:21:54.570847+00:00 | ERROR | News poll failed:
Traceback (most recent call last):
  File "/Users/omaryoussef/Documents/GitHub/PulseTrade-AI/modules/news_engine.py", line 661, in poll_once
    raw_items = self.client.fetch_news(
        page_size=self.config.page_size,
    ...<2 lines>...
        updated_since=since,
    )
  File "/Users/omaryoussef/Documents/GitHub/PulseTrade-AI/modules/news_engine.py", line 551, in fetch_news
    response.raise_for_status()
    ~~~~~~~~~~~~~~~~~~~~~~~~~^^
  File "/Library/Frameworks/Python.framework/Versions/3.14/lib/python3.14/site-packages/requests/models.py", line 1167, in raise_for_status
    raise HTTPError(http_error_msg, response=self)
requests.exceptions.HTTPError: 400 Client Error: Bad Request for url: https://api.benzinga.com/api/v2/news?token=bz.SHPKXEACLAI54NMQAVVFFDHNV5TPLG74&pageSize=50&displayOutput=full&updatedSince=2026-06-20T04%3A21%3A54Z

2026-06-20T05:22:24.751474+00:00 | ERROR | News poll failed:
Traceback (most recent call last):
  File "/Users/omaryoussef/Documents/GitHub/PulseTrade-AI/modules/news_engine.py", line 661, in poll_once
    raw_items = self.client.fetch_news(
        page_size=self.config.page_size,
    ...<2 lines>...
        updated_since=since,
    )
  File "/Users/omaryoussef/Documents/GitHub/PulseTrade-AI/modules/news_engine.py", line 551, in fetch_news
    response.raise_for_status()
    ~~~~~~~~~~~~~~~~~~~~~~~~~^^
  File "/Library/Frameworks/Python.framework/Versions/3.14/lib/python3.14/site-packages/requests/models.py", line 1167, in raise_for_status
    raise HTTPError(http_error_msg, response=self)
requests.exceptions.HTTPError: 400 Client Error: Bad Request for url: https://api.benzinga.com/api/v2/news?token=bz.SHPKXEACLAI54NMQAVVFFDHNV5TPLG74&pageSize=50&displayOutput=full&updatedSince=2026-06-20T04%3A22%3A24Z

2026-06-20T05:22:54.936457+00:00 | ERROR | News poll failed:
Traceback (most recent call last):
  File "/Users/omaryoussef/Documents/GitHub/PulseTrade-AI/modules/news_engine.py", line 661, in poll_once
    raw_items = self.client.fetch_news(
        page_size=self.config.page_size,
    ...<2 lines>...
        updated_since=since,
    )
  File "/Users/omaryoussef/Documents/GitHub/PulseTrade-AI/modules/news_engine.py", line 551, in fetch_news
    response.raise_for_status()
    ~~~~~~~~~~~~~~~~~~~~~~~~~^^
  File "/Library/Frameworks/Python.framework/Versions/3.14/lib/python3.14/site-packages/requests/models.py", line 1167, in raise_for_status
    raise HTTPError(http_error_msg, response=self)
requests.exceptions.HTTPError: 400 Client Error: Bad Request for url: https://api.benzinga.com/api/v2/news?token=bz.SHPKXEACLAI54NMQAVVFFDHNV5TPLG74&pageSize=50&displayOutput=full&updatedSince=2026-06-20T04%3A22%3A54Z

2026-06-20T05:23:25.120967+00:00 | ERROR | News poll failed:
Traceback (most recent call last):
  File "/Users/omaryoussef/Documents/GitHub/PulseTrade-AI/modules/news_engine.py", line 661, in poll_once
    raw_items = self.client.fetch_news(
        page_size=self.config.page_size,
    ...<2 lines>...
        updated_since=since,
    )
  File "/Users/omaryoussef/Documents/GitHub/PulseTrade-AI/modules/news_engine.py", line 551, in fetch_news
    response.raise_for_status()
    ~~~~~~~~~~~~~~~~~~~~~~~~~^^
  File "/Library/Frameworks/Python.framework/Versions/3.14/lib/python3.14/site-packages/requests/models.py", line 1167, in raise_for_status
    raise HTTPError(http_error_msg, response=self)
requests.exceptions.HTTPError: 400 Client Error: Bad Request for url: https://api.benzinga.com/api/v2/news?token=bz.SHPKXEACLAI54NMQAVVFFDHNV5TPLG74&pageSize=50&displayOutput=full&updatedSince=2026-06-20T04%3A23%3A24Z

2026-06-20T05:23:55.311866+00:00 | ERROR | News poll failed:
Traceback (most recent call last):
  File "/Users/omaryoussef/Documents/GitHub/PulseTrade-AI/modules/news_engine.py", line 661, in poll_once
    raw_items = self.client.fetch_news(
        page_size=self.config.page_size,
    ...<2 lines>...
        updated_since=since,
    )
  File "/Users/omaryoussef/Documents/GitHub/PulseTrade-AI/modules/news_engine.py", line 551, in fetch_news
    response.raise_for_status()
    ~~~~~~~~~~~~~~~~~~~~~~~~~^^
  File "/Library/Frameworks/Python.framework/Versions/3.14/lib/python3.14/site-packages/requests/models.py", line 1167, in raise_for_status
    raise HTTPError(http_error_msg, response=self)
requests.exceptions.HTTPError: 400 Client Error: Bad Request for url: https://api.benzinga.com/api/v2/news?token=bz.SHPKXEACLAI54NMQAVVFFDHNV5TPLG74&pageSize=50&displayOutput=full&updatedSince=2026-06-20T04%3A23%3A55Z

2026-06-20T05:24:25.496692+00:00 | ERROR | News poll failed:
Traceback (most recent call last):
  File "/Users/omaryoussef/Documents/GitHub/PulseTrade-AI/modules/news_engine.py", line 661, in poll_once
    raw_items = self.client.fetch_news(
        page_size=self.config.page_size,
    ...<2 lines>...
        updated_since=since,
    )
  File "/Users/omaryoussef/Documents/GitHub/PulseTrade-AI/modules/news_engine.py", line 551, in fetch_news
    response.raise_for_status()
    ~~~~~~~~~~~~~~~~~~~~~~~~~^^
  File "/Library/Frameworks/Python.framework/Versions/3.14/lib/python3.14/site-packages/requests/models.py", line 1167, in raise_for_status
    raise HTTPError(http_error_msg, response=self)
requests.exceptions.HTTPError: 400 Client Error: Bad Request for url: https://api.benzinga.com/api/v2/news?token=bz.SHPKXEACLAI54NMQAVVFFDHNV5TPLG74&pageSize=50&displayOutput=full&updatedSince=2026-06-20T04%3A24%3A25Z

2026-06-20T05:24:55.680973+00:00 | ERROR | News poll failed:
Traceback (most recent call last):
  File "/Users/omaryoussef/Documents/GitHub/PulseTrade-AI/modules/news_engine.py", line 661, in poll_once
    raw_items = self.client.fetch_news(
        page_size=self.config.page_size,
    ...<2 lines>...
        updated_since=since,
    )
  File "/Users/omaryoussef/Documents/GitHub/PulseTrade-AI/modules/news_engine.py", line 551, in fetch_news
    response.raise_for_status()
    ~~~~~~~~~~~~~~~~~~~~~~~~~^^
  File "/Library/Frameworks/Python.framework/Versions/3.14/lib/python3.14/site-packages/requests/models.py", line 1167, in raise_for_status
    raise HTTPError(http_error_msg, response=self)
requests.exceptions.HTTPError: 400 Client Error: Bad Request for url: https://api.benzinga.com/api/v2/news?token=bz.SHPKXEACLAI54NMQAVVFFDHNV5TPLG74&pageSize=50&displayOutput=full&updatedSince=2026-06-20T04%3A24%3A55Z

2026-06-20T05:25:25.870525+00:00 | ERROR | News poll failed:
Traceback (most recent call last):
  File "/Users/omaryoussef/Documents/GitHub/PulseTrade-AI/modules/news_engine.py", line 661, in poll_once
    raw_items = self.client.fetch_news(
        page_size=self.config.page_size,
    ...<2 lines>...
        updated_since=since,
    )
  File "/Users/omaryoussef/Documents/GitHub/PulseTrade-AI/modules/news_engine.py", line 551, in fetch_news
    response.raise_for_status()
    ~~~~~~~~~~~~~~~~~~~~~~~~~^^
  File "/Library/Frameworks/Python.framework/Versions/3.14/lib/python3.14/site-packages/requests/models.py", line 1167, in raise_for_status
    raise HTTPError(http_error_msg, response=self)
requests.exceptions.HTTPError: 400 Client Error: Bad Request for url: https://api.benzinga.com/api/v2/news?token=bz.SHPKXEACLAI54NMQAVVFFDHNV5TPLG74&pageSize=50&displayOutput=full&updatedSince=2026-06-20T04%3A25%3A25Z

2026-06-20T05:25:56.090678+00:00 | ERROR | News poll failed:
Traceback (most recent call last):
  File "/Users/omaryoussef/Documents/GitHub/PulseTrade-AI/modules/news_engine.py", line 661, in poll_once
    raw_items = self.client.fetch_news(
        page_size=self.config.page_size,
    ...<2 lines>...
        updated_since=since,
    )
  File "/Users/omaryoussef/Documents/GitHub/PulseTrade-AI/modules/news_engine.py", line 551, in fetch_news
    response.raise_for_status()
    ~~~~~~~~~~~~~~~~~~~~~~~~~^^
  File "/Library/Frameworks/Python.framework/Versions/3.14/lib/python3.14/site-packages/requests/models.py", line 1167, in raise_for_status
    raise HTTPError(http_error_msg, response=self)
requests.exceptions.HTTPError: 400 Client Error: Bad Request for url: https://api.benzinga.com/api/v2/news?token=bz.SHPKXEACLAI54NMQAVVFFDHNV5TPLG74&pageSize=50&displayOutput=full&updatedSince=2026-06-20T04%3A25%3A55Z

2026-06-20T05:26:26.277310+00:00 | ERROR | News poll failed:
Traceback (most recent call last):
  File "/Users/omaryoussef/Documents/GitHub/PulseTrade-AI/modules/news_engine.py", line 661, in poll_once
    raw_items = self.client.fetch_news(
        page_size=self.config.page_size,
    ...<2 lines>...
        updated_since=since,
    )
  File "/Users/omaryoussef/Documents/GitHub/PulseTrade-AI/modules/news_engine.py", line 551, in fetch_news
    response.raise_for_status()
    ~~~~~~~~~~~~~~~~~~~~~~~~~^^
  File "/Library/Frameworks/Python.framework/Versions/3.14/lib/python3.14/site-packages/requests/models.py", line 1167, in raise_for_status
    raise HTTPError(http_error_msg, response=self)
requests.exceptions.HTTPError: 400 Client Error: Bad Request for url: https://api.benzinga.com/api/v2/news?token=bz.SHPKXEACLAI54NMQAVVFFDHNV5TPLG74&pageSize=50&displayOutput=full&updatedSince=2026-06-20T04%3A26%3A26Z

2026-06-20T05:26:56.470180+00:00 | ERROR | News poll failed:
Traceback (most recent call last):
  File "/Users/omaryoussef/Documents/GitHub/PulseTrade-AI/modules/news_engine.py", line 661, in poll_once
    raw_items = self.client.fetch_news(
        page_size=self.config.page_size,
    ...<2 lines>...
        updated_since=since,
    )
  File "/Users/omaryoussef/Documents/GitHub/PulseTrade-AI/modules/news_engine.py", line 551, in fetch_news
    response.raise_for_status()
    ~~~~~~~~~~~~~~~~~~~~~~~~~^^
  File "/Library/Frameworks/Python.framework/Versions/3.14/lib/python3.14/site-packages/requests/models.py", line 1167, in raise_for_status
    raise HTTPError(http_error_msg, response=self)
requests.exceptions.HTTPError: 400 Client Error: Bad Request for url: https://api.benzinga.com/api/v2/news?token=bz.SHPKXEACLAI54NMQAVVFFDHNV5TPLG74&pageSize=50&displayOutput=full&updatedSince=2026-06-20T04%3A26%3A56Z

2026-06-20T05:27:26.683825+00:00 | ERROR | News poll failed:
Traceback (most recent call last):
  File "/Users/omaryoussef/Documents/GitHub/PulseTrade-AI/modules/news_engine.py", line 661, in poll_once
    raw_items = self.client.fetch_news(
        page_size=self.config.page_size,
    ...<2 lines>...
        updated_since=since,
    )
  File "/Users/omaryoussef/Documents/GitHub/PulseTrade-AI/modules/news_engine.py", line 551, in fetch_news
    response.raise_for_status()
    ~~~~~~~~~~~~~~~~~~~~~~~~~^^
  File "/Library/Frameworks/Python.framework/Versions/3.14/lib/python3.14/site-packages/requests/models.py", line 1167, in raise_for_status
    raise HTTPError(http_error_msg, response=self)
requests.exceptions.HTTPError: 400 Client Error: Bad Request for url: https://api.benzinga.com/api/v2/news?token=bz.SHPKXEACLAI54NMQAVVFFDHNV5TPLG74&pageSize=50&displayOutput=full&updatedSince=2026-06-20T04%3A27%3A26Z

2026-06-20T05:27:56.907291+00:00 | ERROR | News poll failed:
Traceback (most recent call last):
  File "/Users/omaryoussef/Documents/GitHub/PulseTrade-AI/modules/news_engine.py", line 661, in poll_once
    raw_items = self.client.fetch_news(
        page_size=self.config.page_size,
    ...<2 lines>...
        updated_since=since,
    )
  File "/Users/omaryoussef/Documents/GitHub/PulseTrade-AI/modules/news_engine.py", line 551, in fetch_news
    response.raise_for_status()
    ~~~~~~~~~~~~~~~~~~~~~~~~~^^
  File "/Library/Frameworks/Python.framework/Versions/3.14/lib/python3.14/site-packages/requests/models.py", line 1167, in raise_for_status
    raise HTTPError(http_error_msg, response=self)
requests.exceptions.HTTPError: 400 Client Error: Bad Request for url: https://api.benzinga.com/api/v2/news?token=bz.SHPKXEACLAI54NMQAVVFFDHNV5TPLG74&pageSize=50&displayOutput=full&updatedSince=2026-06-20T04%3A27%3A56Z

Traceback (most recent call last):
  File "/Users/omaryoussef/Documents/GitHub/PulseTrade-AI/modules/news_engine.py", line 661, in poll_once
    raw_items = self.client.fetch_news(
        page_size=self.config.page_size,
    ...<2 lines>...
        updated_since=since,
    )
  File "/Users/omaryoussef/Documents/GitHub/PulseTrade-AI/modules/news_engine.py", line 551, in fetch_news
    response.raise_for_status()
    ~~~~~~~~~~~~~~~~~~~~~~~~~^^
  File "/Library/Frameworks/Python.framework/Versions/3.14/lib/python3.14/site-packages/requests/models.py", line 1167, in raise_for_status
    raise HTTPError(http_error_msg, response=self)
requests.exceptions.HTTPError: 400 Client Error: Bad Request for url: https://api.benzinga.com/api/v2/news?token=bz.SHPKXEACLAI54NMQAVVFFDHNV5TPLG74&pageSize=50&displayOutput=full&updatedSince=2026-06-20T04%3A28%3A26Z

During handling of the above exception, another exception occurred:

Traceback (most recent call last):
  File "/Users/omaryoussef/Documents/GitHub/PulseTrade-AI/modules/news_engine.py", line 779, in <module>
    main()
    ~~~~^^
  File "/Users/omaryoussef/Documents/GitHub/PulseTrade-AI/modules/news_engine.py", line 775, in main
    engine.run_forever()
    ~~~~~~~~~~~~~~~~~~^^
  File "/Users/omaryoussef/Documents/GitHub/PulseTrade-AI/modules/news_engine.py", line 744, in run_forever
    self.poll_once(dry_run=False)
    ~~~~~~~~~~~~~~^^^^^^^^^^^^^^^
  File "/Users/omaryoussef/Documents/GitHub/PulseTrade-AI/modules/news_engine.py", line 723, in poll_once
    self.db.update_health(
    ~~~~~~~~~~~~~~~~~~~~~^
        engine_running=True,
        ^^^^^^^^^^^^^^^^^^^^
    ...<2 lines>...
        last_error=err,
        ^^^^^^^^^^^^^^^
    )
    ^
  File "/Users/omaryoussef/Documents/GitHub/PulseTrade-AI/modules/news_database.py", line 339, in update_health
  File "/Users/omaryoussef/Documents/GitHub/PulseTrade-AI/modules/news_database.py", line 89, in connect
sqlite3.OperationalError: unable to open database file

--- Manual one-shot poll ---
2026-06-20T06:08:26.185092+00:00 | ERROR | News poll failed:
Traceback (most recent call last):
  File "/Users/omaryoussef/Documents/GitHub/PulseTrade-AI/modules/news_engine.py", line 661, in poll_once
    raw_items = self.client.fetch_news(
        page_size=self.config.page_size,
    ...<2 lines>...
        updated_since=since,
    )
  File "/Users/omaryoussef/Documents/GitHub/PulseTrade-AI/modules/news_engine.py", line 551, in fetch_news
    response.raise_for_status()
    ~~~~~~~~~~~~~~~~~~~~~~~~~^^
  File "/Library/Frameworks/Python.framework/Versions/3.14/lib/python3.14/site-packages/requests/models.py", line 1167, in raise_for_status
    raise HTTPError(http_error_msg, response=self)
requests.exceptions.HTTPError: 400 Client Error: Bad Request for url: https://api.benzinga.com/api/v2/news?token=bz.SHPKXEACLAI54NMQAVVFFDHNV5TPLG74&pageSize=50&displayOutput=full&updatedSince=2026-06-20T05%3A08%3A25Z

{
  "seen": 0,
  "inserted": 0,
  "duplicates": 0,
  "watchlist_hits": 0,
  "alerts_sent": 0,
  "errors": [
    "400 Client Error: Bad Request for url: https://api.benzinga.com/api/v2/news?token=bz.SHPKXEACLAI54NMQAVVFFDHNV5TPLG74&pageSize=50&displayOutput=full&updatedSince=2026-06-20T05%3A08%3A25Z"
  ]
}

--- Manual one-shot poll ---
2026-06-20T06:08:40.262459+00:00 | ERROR | News poll failed:
Traceback (most recent call last):
  File "/Users/omaryoussef/Documents/GitHub/PulseTrade-AI/modules/news_engine.py", line 661, in poll_once
    raw_items = self.client.fetch_news(
        page_size=self.config.page_size,
    ...<2 lines>...
        updated_since=since,
    )
  File "/Users/omaryoussef/Documents/GitHub/PulseTrade-AI/modules/news_engine.py", line 551, in fetch_news
    response.raise_for_status()
    ~~~~~~~~~~~~~~~~~~~~~~~~~^^
  File "/Library/Frameworks/Python.framework/Versions/3.14/lib/python3.14/site-packages/requests/models.py", line 1167, in raise_for_status
    raise HTTPError(http_error_msg, response=self)
requests.exceptions.HTTPError: 400 Client Error: Bad Request for url: https://api.benzinga.com/api/v2/news?token=bz.SHPKXEACLAI54NMQAVVFFDHNV5TPLG74&pageSize=50&displayOutput=full&updatedSince=2026-06-20T05%3A08%3A39Z

{
  "seen": 0,
  "inserted": 0,
  "duplicates": 0,
  "watchlist_hits": 0,
  "alerts_sent": 0,
  "errors": [
    "400 Client Error: Bad Request for url: https://api.benzinga.com/api/v2/news?token=bz.SHPKXEACLAI54NMQAVVFFDHNV5TPLG74&pageSize=50&displayOutput=full&updatedSince=2026-06-20T05%3A08%3A39Z"
  ]
}

--- Starting PulseTrade AI news engine ---
2026-06-20T06:10:02.110578+00:00 | INFO | News engine started.
2026-06-20T06:10:02.441431+00:00 | ERROR | News poll failed:
Traceback (most recent call last):
  File "/Users/omaryoussef/Documents/GitHub/PulseTrade-AI/modules/news_engine.py", line 661, in poll_once
    raw_items = self.client.fetch_news(
        page_size=self.config.page_size,
    ...<2 lines>...
        updated_since=since,
    )
  File "/Users/omaryoussef/Documents/GitHub/PulseTrade-AI/modules/news_engine.py", line 551, in fetch_news
    response.raise_for_status()
    ~~~~~~~~~~~~~~~~~~~~~~~~~^^
  File "/Library/Frameworks/Python.framework/Versions/3.14/lib/python3.14/site-packages/requests/models.py", line 1167, in raise_for_status
    raise HTTPError(http_error_msg, response=self)
requests.exceptions.HTTPError: 400 Client Error: Bad Request for url: https://api.benzinga.com/api/v2/news?token=bz.SHPKXEACLAI54NMQAVVFFDHNV5TPLG74&pageSize=50&displayOutput=full&updatedSince=2026-06-20T05%3A10%3A02Z


--- Manual one-shot poll ---
2026-06-20T06:10:04.111368+00:00 | ERROR | News poll failed:
Traceback (most recent call last):
  File "/Users/omaryoussef/Documents/GitHub/PulseTrade-AI/modules/news_engine.py", line 661, in poll_once
    raw_items = self.client.fetch_news(
        page_size=self.config.page_size,
    ...<2 lines>...
        updated_since=since,
    )
  File "/Users/omaryoussef/Documents/GitHub/PulseTrade-AI/modules/news_engine.py", line 551, in fetch_news
    response.raise_for_status()
    ~~~~~~~~~~~~~~~~~~~~~~~~~^^
  File "/Library/Frameworks/Python.framework/Versions/3.14/lib/python3.14/site-packages/requests/models.py", line 1167, in raise_for_status
    raise HTTPError(http_error_msg, response=self)
requests.exceptions.HTTPError: 400 Client Error: Bad Request for url: https://api.benzinga.com/api/v2/news?token=bz.SHPKXEACLAI54NMQAVVFFDHNV5TPLG74&pageSize=50&displayOutput=full&updatedSince=2026-06-20T05%3A10%3A03Z

{
  "seen": 0,
  "inserted": 0,
  "duplicates": 0,
  "watchlist_hits": 0,
  "alerts_sent": 0,
  "errors": [
    "400 Client Error: Bad Request for url: https://api.benzinga.com/api/v2/news?token=bz.SHPKXEACLAI54NMQAVVFFDHNV5TPLG74&pageSize=50&displayOutput=full&updatedSince=2026-06-20T05%3A10%3A03Z"
  ]
}
2026-06-20T06:10:32.643059+00:00 | ERROR | News poll failed:
Traceback (most recent call last):
  File "/Users/omaryoussef/Documents/GitHub/PulseTrade-AI/modules/news_engine.py", line 661, in poll_once
    raw_items = self.client.fetch_news(
        page_size=self.config.page_size,
    ...<2 lines>...
        updated_since=since,
    )
  File "/Users/omaryoussef/Documents/GitHub/PulseTrade-AI/modules/news_engine.py", line 551, in fetch_news
    response.raise_for_status()
    ~~~~~~~~~~~~~~~~~~~~~~~~~^^
  File "/Library/Frameworks/Python.framework/Versions/3.14/lib/python3.14/site-packages/requests/models.py", line 1167, in raise_for_status
    raise HTTPError(http_error_msg, response=self)
requests.exceptions.HTTPError: 400 Client Error: Bad Request for url: https://api.benzinga.com/api/v2/news?token=bz.SHPKXEACLAI54NMQAVVFFDHNV5TPLG74&pageSize=50&displayOutput=full&updatedSince=2026-06-20T05%3A10%3A32Z

2026-06-20T06:11:02.818511+00:00 | ERROR | News poll failed:
Traceback (most recent call last):
  File "/Users/omaryoussef/Documents/GitHub/PulseTrade-AI/modules/news_engine.py", line 661, in poll_once
    raw_items = self.client.fetch_news(
        page_size=self.config.page_size,
    ...<2 lines>...
        updated_since=since,
    )
  File "/Users/omaryoussef/Documents/GitHub/PulseTrade-AI/modules/news_engine.py", line 551, in fetch_news
    response.raise_for_status()
    ~~~~~~~~~~~~~~~~~~~~~~~~~^^
  File "/Library/Frameworks/Python.framework/Versions/3.14/lib/python3.14/site-packages/requests/models.py", line 1167, in raise_for_status
    raise HTTPError(http_error_msg, response=self)
requests.exceptions.HTTPError: 400 Client Error: Bad Request for url: https://api.benzinga.com/api/v2/news?token=bz.SHPKXEACLAI54NMQAVVFFDHNV5TPLG74&pageSize=50&displayOutput=full&updatedSince=2026-06-20T05%3A11%3A02Z

2026-06-20T06:11:32.987066+00:00 | ERROR | News poll failed:
Traceback (most recent call last):
  File "/Users/omaryoussef/Documents/GitHub/PulseTrade-AI/modules/news_engine.py", line 661, in poll_once
    raw_items = self.client.fetch_news(
        page_size=self.config.page_size,
    ...<2 lines>...
        updated_since=since,
    )
  File "/Users/omaryoussef/Documents/GitHub/PulseTrade-AI/modules/news_engine.py", line 551, in fetch_news
    response.raise_for_status()
    ~~~~~~~~~~~~~~~~~~~~~~~~~^^
  File "/Library/Frameworks/Python.framework/Versions/3.14/lib/python3.14/site-packages/requests/models.py", line 1167, in raise_for_status
    raise HTTPError(http_error_msg, response=self)
requests.exceptions.HTTPError: 400 Client Error: Bad Request for url: https://api.benzinga.com/api/v2/news?token=bz.SHPKXEACLAI54NMQAVVFFDHNV5TPLG74&pageSize=50&displayOutput=full&updatedSince=2026-06-20T05%3A11%3A32Z

2026-06-20T06:12:03.349581+00:00 | ERROR | News poll failed:
Traceback (most recent call last):
  File "/Users/omaryoussef/Documents/GitHub/PulseTrade-AI/modules/news_engine.py", line 661, in poll_once
    raw_items = self.client.fetch_news(
        page_size=self.config.page_size,
    ...<2 lines>...
        updated_since=since,
    )
  File "/Users/omaryoussef/Documents/GitHub/PulseTrade-AI/modules/news_engine.py", line 551, in fetch_news
    response.raise_for_status()
    ~~~~~~~~~~~~~~~~~~~~~~~~~^^
  File "/Library/Frameworks/Python.framework/Versions/3.14/lib/python3.14/site-packages/requests/models.py", line 1167, in raise_for_status
    raise HTTPError(http_error_msg, response=self)
requests.exceptions.HTTPError: 400 Client Error: Bad Request for url: https://api.benzinga.com/api/v2/news?token=bz.SHPKXEACLAI54NMQAVVFFDHNV5TPLG74&pageSize=50&displayOutput=full&updatedSince=2026-06-20T05%3A12%3A02Z


--- Manual one-shot poll ---
2026-06-20T06:12:19.140522+00:00 | INFO | Poll complete | seen=25 inserted=1 duplicates=24 hits=1 alerts=1
{
  "seen": 25,
  "inserted": 1,
  "duplicates": 24,
  "watchlist_hits": 1,
  "alerts_sent": 1,
  "errors": []
}
2026-06-20T06:12:33.527553+00:00 | ERROR | News poll failed:
Traceback (most recent call last):
  File "/Users/omaryoussef/Documents/GitHub/PulseTrade-AI/modules/news_engine.py", line 661, in poll_once
        return self.config.tickers
                        ^^^^^^^^^^
    ...<4 lines>...
        Articles are still stored in SQLite even when alerts are suppressed.
        ^^^^^
  File "/Users/omaryoussef/Documents/GitHub/PulseTrade-AI/modules/news_engine.py", line 551, in fetch_news
    ) -> list[dict[str, Any]]:
        ^^^^^^^^^^^^^^^^^^^^^^
  File "/Library/Frameworks/Python.framework/Versions/3.14/lib/python3.14/site-packages/requests/models.py", line 1167, in raise_for_status
    raise HTTPError(http_error_msg, response=self)
requests.exceptions.HTTPError: 400 Client Error: Bad Request for url: https://api.benzinga.com/api/v2/news?token=bz.SHPKXEACLAI54NMQAVVFFDHNV5TPLG74&pageSize=50&displayOutput=full&updatedSince=2026-06-20T05%3A12%3A33Z

2026-06-20T06:13:03.719425+00:00 | ERROR | News poll failed:
Traceback (most recent call last):
  File "/Users/omaryoussef/Documents/GitHub/PulseTrade-AI/modules/news_engine.py", line 661, in poll_once
        return self.config.tickers
                        ^^^^^^^^^^
    ...<4 lines>...
        Articles are still stored in SQLite even when alerts are suppressed.
        ^^^^^
  File "/Users/omaryoussef/Documents/GitHub/PulseTrade-AI/modules/news_engine.py", line 551, in fetch_news
    ) -> list[dict[str, Any]]:
        ^^^^^^^^^^^^^^^^^^^^^^
  File "/Library/Frameworks/Python.framework/Versions/3.14/lib/python3.14/site-packages/requests/models.py", line 1167, in raise_for_status
    raise HTTPError(http_error_msg, response=self)
requests.exceptions.HTTPError: 400 Client Error: Bad Request for url: https://api.benzinga.com/api/v2/news?token=bz.SHPKXEACLAI54NMQAVVFFDHNV5TPLG74&pageSize=50&displayOutput=full&updatedSince=2026-06-20T05%3A13%3A03Z

2026-06-20T06:13:33.903308+00:00 | ERROR | News poll failed:
Traceback (most recent call last):
  File "/Users/omaryoussef/Documents/GitHub/PulseTrade-AI/modules/news_engine.py", line 661, in poll_once
        return self.config.tickers
                        ^^^^^^^^^^
    ...<4 lines>...
        Articles are still stored in SQLite even when alerts are suppressed.
        ^^^^^
  File "/Users/omaryoussef/Documents/GitHub/PulseTrade-AI/modules/news_engine.py", line 551, in fetch_news
    ) -> list[dict[str, Any]]:
        ^^^^^^^^^^^^^^^^^^^^^^
  File "/Library/Frameworks/Python.framework/Versions/3.14/lib/python3.14/site-packages/requests/models.py", line 1167, in raise_for_status
    raise HTTPError(http_error_msg, response=self)
requests.exceptions.HTTPError: 400 Client Error: Bad Request for url: https://api.benzinga.com/api/v2/news?token=bz.SHPKXEACLAI54NMQAVVFFDHNV5TPLG74&pageSize=50&displayOutput=full&updatedSince=2026-06-20T05%3A13%3A33Z

2026-06-20T06:14:04.088075+00:00 | ERROR | News poll failed:
Traceback (most recent call last):
  File "/Users/omaryoussef/Documents/GitHub/PulseTrade-AI/modules/news_engine.py", line 661, in poll_once
        return self.config.tickers
                        ^^^^^^^^^^
    ...<4 lines>...
        Articles are still stored in SQLite even when alerts are suppressed.
        ^^^^^
  File "/Users/omaryoussef/Documents/GitHub/PulseTrade-AI/modules/news_engine.py", line 551, in fetch_news
    ) -> list[dict[str, Any]]:
        ^^^^^^^^^^^^^^^^^^^^^^
  File "/Library/Frameworks/Python.framework/Versions/3.14/lib/python3.14/site-packages/requests/models.py", line 1167, in raise_for_status
    raise HTTPError(http_error_msg, response=self)
requests.exceptions.HTTPError: 400 Client Error: Bad Request for url: https://api.benzinga.com/api/v2/news?token=bz.SHPKXEACLAI54NMQAVVFFDHNV5TPLG74&pageSize=50&displayOutput=full&updatedSince=2026-06-20T05%3A14%3A03Z

2026-06-20T06:14:34.272552+00:00 | ERROR | News poll failed:
Traceback (most recent call last):
  File "/Users/omaryoussef/Documents/GitHub/PulseTrade-AI/modules/news_engine.py", line 661, in poll_once
        return self.config.tickers
                        ^^^^^^^^^^
    ...<4 lines>...
        Articles are still stored in SQLite even when alerts are suppressed.
        ^^^^^
  File "/Users/omaryoussef/Documents/GitHub/PulseTrade-AI/modules/news_engine.py", line 551, in fetch_news
    ) -> list[dict[str, Any]]:
        ^^^^^^^^^^^^^^^^^^^^^^
  File "/Library/Frameworks/Python.framework/Versions/3.14/lib/python3.14/site-packages/requests/models.py", line 1167, in raise_for_status
    raise HTTPError(http_error_msg, response=self)
requests.exceptions.HTTPError: 400 Client Error: Bad Request for url: https://api.benzinga.com/api/v2/news?token=bz.SHPKXEACLAI54NMQAVVFFDHNV5TPLG74&pageSize=50&displayOutput=full&updatedSince=2026-06-20T05%3A14%3A34Z

2026-06-20T06:15:04.448676+00:00 | ERROR | News poll failed:
Traceback (most recent call last):
  File "/Users/omaryoussef/Documents/GitHub/PulseTrade-AI/modules/news_engine.py", line 661, in poll_once
        return self.config.tickers
                        ^^^^^^^^^^
    ...<4 lines>...
        Articles are still stored in SQLite even when alerts are suppressed.
        ^^^^^
  File "/Users/omaryoussef/Documents/GitHub/PulseTrade-AI/modules/news_engine.py", line 551, in fetch_news
    ) -> list[dict[str, Any]]:
        ^^^^^^^^^^^^^^^^^^^^^^
  File "/Library/Frameworks/Python.framework/Versions/3.14/lib/python3.14/site-packages/requests/models.py", line 1167, in raise_for_status
    raise HTTPError(http_error_msg, response=self)
requests.exceptions.HTTPError: 400 Client Error: Bad Request for url: https://api.benzinga.com/api/v2/news?token=bz.SHPKXEACLAI54NMQAVVFFDHNV5TPLG74&pageSize=50&displayOutput=full&updatedSince=2026-06-20T05%3A15%3A04Z

2026-06-20T06:15:34.620833+00:00 | ERROR | News poll failed:
Traceback (most recent call last):
  File "/Users/omaryoussef/Documents/GitHub/PulseTrade-AI/modules/news_engine.py", line 661, in poll_once
        return self.config.tickers
                        ^^^^^^^^^^
    ...<4 lines>...
        Articles are still stored in SQLite even when alerts are suppressed.
        ^^^^^
  File "/Users/omaryoussef/Documents/GitHub/PulseTrade-AI/modules/news_engine.py", line 551, in fetch_news
    ) -> list[dict[str, Any]]:
        ^^^^^^^^^^^^^^^^^^^^^^
  File "/Library/Frameworks/Python.framework/Versions/3.14/lib/python3.14/site-packages/requests/models.py", line 1167, in raise_for_status
    raise HTTPError(http_error_msg, response=self)
requests.exceptions.HTTPError: 400 Client Error: Bad Request for url: https://api.benzinga.com/api/v2/news?token=bz.SHPKXEACLAI54NMQAVVFFDHNV5TPLG74&pageSize=50&displayOutput=full&updatedSince=2026-06-20T05%3A15%3A34Z

2026-06-20T06:16:04.797641+00:00 | ERROR | News poll failed:
Traceback (most recent call last):
  File "/Users/omaryoussef/Documents/GitHub/PulseTrade-AI/modules/news_engine.py", line 661, in poll_once
        return self.config.tickers
                        ^^^^^^^^^^
    ...<4 lines>...
        Articles are still stored in SQLite even when alerts are suppressed.
        ^^^^^
  File "/Users/omaryoussef/Documents/GitHub/PulseTrade-AI/modules/news_engine.py", line 551, in fetch_news
    ) -> list[dict[str, Any]]:
        ^^^^^^^^^^^^^^^^^^^^^^
  File "/Library/Frameworks/Python.framework/Versions/3.14/lib/python3.14/site-packages/requests/models.py", line 1167, in raise_for_status
    raise HTTPError(http_error_msg, response=self)
requests.exceptions.HTTPError: 400 Client Error: Bad Request for url: https://api.benzinga.com/api/v2/news?token=bz.SHPKXEACLAI54NMQAVVFFDHNV5TPLG74&pageSize=50&displayOutput=full&updatedSince=2026-06-20T05%3A16%3A04Z

2026-06-20T06:16:34.971362+00:00 | ERROR | News poll failed:
Traceback (most recent call last):
  File "/Users/omaryoussef/Documents/GitHub/PulseTrade-AI/modules/news_engine.py", line 661, in poll_once
        return self.config.tickers
                        ^^^^^^^^^^
    ...<4 lines>...
        Articles are still stored in SQLite even when alerts are suppressed.
        ^^^^^
  File "/Users/omaryoussef/Documents/GitHub/PulseTrade-AI/modules/news_engine.py", line 551, in fetch_news
    ) -> list[dict[str, Any]]:
        ^^^^^^^^^^^^^^^^^^^^^^
  File "/Library/Frameworks/Python.framework/Versions/3.14/lib/python3.14/site-packages/requests/models.py", line 1167, in raise_for_status
    raise HTTPError(http_error_msg, response=self)
requests.exceptions.HTTPError: 400 Client Error: Bad Request for url: https://api.benzinga.com/api/v2/news?token=bz.SHPKXEACLAI54NMQAVVFFDHNV5TPLG74&pageSize=50&displayOutput=full&updatedSince=2026-06-20T05%3A16%3A34Z

2026-06-20T06:17:05.150064+00:00 | ERROR | News poll failed:
Traceback (most recent call last):
  File "/Users/omaryoussef/Documents/GitHub/PulseTrade-AI/modules/news_engine.py", line 661, in poll_once
        return self.config.tickers
                        ^^^^^^^^^^
    ...<4 lines>...
        Articles are still stored in SQLite even when alerts are suppressed.
        ^^^^^
  File "/Users/omaryoussef/Documents/GitHub/PulseTrade-AI/modules/news_engine.py", line 551, in fetch_news
    ) -> list[dict[str, Any]]:
        ^^^^^^^^^^^^^^^^^^^^^^
  File "/Library/Frameworks/Python.framework/Versions/3.14/lib/python3.14/site-packages/requests/models.py", line 1167, in raise_for_status
    raise HTTPError(http_error_msg, response=self)
requests.exceptions.HTTPError: 400 Client Error: Bad Request for url: https://api.benzinga.com/api/v2/news?token=bz.SHPKXEACLAI54NMQAVVFFDHNV5TPLG74&pageSize=50&displayOutput=full&updatedSince=2026-06-20T05%3A17%3A04Z

2026-06-20T06:17:35.324516+00:00 | ERROR | News poll failed:
Traceback (most recent call last):
  File "/Users/omaryoussef/Documents/GitHub/PulseTrade-AI/modules/news_engine.py", line 661, in poll_once
        return self.config.tickers
                        ^^^^^^^^^^
    ...<4 lines>...
        Articles are still stored in SQLite even when alerts are suppressed.
        ^^^^^
  File "/Users/omaryoussef/Documents/GitHub/PulseTrade-AI/modules/news_engine.py", line 551, in fetch_news
    ) -> list[dict[str, Any]]:
        ^^^^^^^^^^^^^^^^^^^^^^
  File "/Library/Frameworks/Python.framework/Versions/3.14/lib/python3.14/site-packages/requests/models.py", line 1167, in raise_for_status
    raise HTTPError(http_error_msg, response=self)
requests.exceptions.HTTPError: 400 Client Error: Bad Request for url: https://api.benzinga.com/api/v2/news?token=bz.SHPKXEACLAI54NMQAVVFFDHNV5TPLG74&pageSize=50&displayOutput=full&updatedSince=2026-06-20T05%3A17%3A35Z

2026-06-20T06:18:05.497146+00:00 | ERROR | News poll failed:
Traceback (most recent call last):
  File "/Users/omaryoussef/Documents/GitHub/PulseTrade-AI/modules/news_engine.py", line 661, in poll_once
        return self.config.tickers
                        ^^^^^^^^^^
    ...<4 lines>...
        Articles are still stored in SQLite even when alerts are suppressed.
        ^^^^^
  File "/Users/omaryoussef/Documents/GitHub/PulseTrade-AI/modules/news_engine.py", line 551, in fetch_news
    ) -> list[dict[str, Any]]:
        ^^^^^^^^^^^^^^^^^^^^^^
  File "/Library/Frameworks/Python.framework/Versions/3.14/lib/python3.14/site-packages/requests/models.py", line 1167, in raise_for_status
    raise HTTPError(http_error_msg, response=self)
requests.exceptions.HTTPError: 400 Client Error: Bad Request for url: https://api.benzinga.com/api/v2/news?token=bz.SHPKXEACLAI54NMQAVVFFDHNV5TPLG74&pageSize=50&displayOutput=full&updatedSince=2026-06-20T05%3A18%3A05Z

2026-06-20T06:18:35.727194+00:00 | ERROR | News poll failed:
Traceback (most recent call last):
  File "/Users/omaryoussef/Documents/GitHub/PulseTrade-AI/modules/news_engine.py", line 661, in poll_once
        return self.config.tickers
                        ^^^^^^^^^^
    ...<4 lines>...
        Articles are still stored in SQLite even when alerts are suppressed.
        ^^^^^
  File "/Users/omaryoussef/Documents/GitHub/PulseTrade-AI/modules/news_engine.py", line 551, in fetch_news
    ) -> list[dict[str, Any]]:
        ^^^^^^^^^^^^^^^^^^^^^^
  File "/Library/Frameworks/Python.framework/Versions/3.14/lib/python3.14/site-packages/requests/models.py", line 1167, in raise_for_status
    raise HTTPError(http_error_msg, response=self)
requests.exceptions.HTTPError: 400 Client Error: Bad Request for url: https://api.benzinga.com/api/v2/news?token=bz.SHPKXEACLAI54NMQAVVFFDHNV5TPLG74&pageSize=50&displayOutput=full&updatedSince=2026-06-20T05%3A18%3A35Z

2026-06-20T06:19:05.903462+00:00 | ERROR | News poll failed:
Traceback (most recent call last):
  File "/Users/omaryoussef/Documents/GitHub/PulseTrade-AI/modules/news_engine.py", line 661, in poll_once
        return self.config.tickers
                        ^^^^^^^^^^
    ...<4 lines>...
        Articles are still stored in SQLite even when alerts are suppressed.
        ^^^^^
  File "/Users/omaryoussef/Documents/GitHub/PulseTrade-AI/modules/news_engine.py", line 551, in fetch_news
    ) -> list[dict[str, Any]]:
        ^^^^^^^^^^^^^^^^^^^^^^
  File "/Library/Frameworks/Python.framework/Versions/3.14/lib/python3.14/site-packages/requests/models.py", line 1167, in raise_for_status
    raise HTTPError(http_error_msg, response=self)
requests.exceptions.HTTPError: 400 Client Error: Bad Request for url: https://api.benzinga.com/api/v2/news?token=bz.SHPKXEACLAI54NMQAVVFFDHNV5TPLG74&pageSize=50&displayOutput=full&updatedSince=2026-06-20T05%3A19%3A05Z

2026-06-20T06:19:36.096358+00:00 | ERROR | News poll failed:
Traceback (most recent call last):
  File "/Users/omaryoussef/Documents/GitHub/PulseTrade-AI/modules/news_engine.py", line 661, in poll_once
        return self.config.tickers
                        ^^^^^^^^^^
    ...<4 lines>...
        Articles are still stored in SQLite even when alerts are suppressed.
        ^^^^^
  File "/Users/omaryoussef/Documents/GitHub/PulseTrade-AI/modules/news_engine.py", line 551, in fetch_news
    ) -> list[dict[str, Any]]:
        ^^^^^^^^^^^^^^^^^^^^^^
  File "/Library/Frameworks/Python.framework/Versions/3.14/lib/python3.14/site-packages/requests/models.py", line 1167, in raise_for_status
    raise HTTPError(http_error_msg, response=self)
requests.exceptions.HTTPError: 400 Client Error: Bad Request for url: https://api.benzinga.com/api/v2/news?token=bz.SHPKXEACLAI54NMQAVVFFDHNV5TPLG74&pageSize=50&displayOutput=full&updatedSince=2026-06-20T05%3A19%3A35Z


--- Starting PulseTrade AI news engine ---
2026-06-20T07:53:48.478761+00:00 | INFO | News engine started.
2026-06-20T07:53:49.378710+00:00 | INFO | Poll complete | seen=25 inserted=1 duplicates=24 hits=0 alerts=0

--- Manual one-shot poll ---
2026-06-20T07:53:50.191573+00:00 | INFO | Poll complete | seen=25 inserted=0 duplicates=25 hits=0 alerts=0
{
  "seen": 25,
  "inserted": 0,
  "duplicates": 25,
  "watchlist_hits": 0,
  "alerts_sent": 0,
  "errors": []
}

--- Manual one-shot poll ---
2026-06-20T07:54:10.332051+00:00 | INFO | Poll complete | seen=25 inserted=0 duplicates=25 hits=0 alerts=0
{
  "seen": 25,
  "inserted": 0,
  "duplicates": 25,
  "watchlist_hits": 0,
  "alerts_sent": 0,
  "errors": []
}
2026-06-20T07:54:19.614604+00:00 | INFO | Poll complete | seen=25 inserted=0 duplicates=25 hits=0 alerts=0
2026-06-20T07:54:50.584164+00:00 | INFO | Poll complete | seen=25 inserted=0 duplicates=25 hits=0 alerts=0
2026-06-20T07:55:21.490272+00:00 | INFO | Poll complete | seen=25 inserted=0 duplicates=25 hits=0 alerts=0
2026-06-20T07:55:52.246940+00:00 | INFO | Poll complete | seen=25 inserted=0 duplicates=25 hits=0 alerts=0
2026-06-20T07:56:23.169554+00:00 | INFO | Poll complete | seen=25 inserted=0 duplicates=25 hits=0 alerts=0
2026-06-20T07:56:53.955281+00:00 | INFO | Poll complete | seen=25 inserted=0 duplicates=25 hits=0 alerts=0
2026-06-20T07:57:27.215627+00:00 | INFO | Poll complete | seen=25 inserted=0 duplicates=25 hits=0 alerts=0
2026-06-20T08:17:57.339146+00:00 | ERROR | News poll failed:
Traceback (most recent call last):
  File "/Library/Frameworks/Python.framework/Versions/3.14/lib/python3.14/site-packages/urllib3/connectionpool.py", line 534, in _make_request
    response = conn.getresponse()
  File "/Library/Frameworks/Python.framework/Versions/3.14/lib/python3.14/site-packages/urllib3/connection.py", line 571, in getresponse
    httplib_response = super().getresponse()
  File "/Library/Frameworks/Python.framework/Versions/3.14/lib/python3.14/http/client.py", line 1459, in getresponse
    response.begin()
    ~~~~~~~~~~~~~~^^
  File "/Library/Frameworks/Python.framework/Versions/3.14/lib/python3.14/http/client.py", line 336, in begin
    version, status, reason = self._read_status()
                              ~~~~~~~~~~~~~~~~~^^
  File "/Library/Frameworks/Python.framework/Versions/3.14/lib/python3.14/http/client.py", line 297, in _read_status
    line = str(self.fp.readline(_MAXLINE + 1), "iso-8859-1")
               ~~~~~~~~~~~~~~~~^^^^^^^^^^^^^^
  File "/Library/Frameworks/Python.framework/Versions/3.14/lib/python3.14/socket.py", line 729, in readinto
    return self._sock.recv_into(b)
           ~~~~~~~~~~~~~~~~~~~~^^^
  File "/Library/Frameworks/Python.framework/Versions/3.14/lib/python3.14/ssl.py", line 1304, in recv_into
    return self.read(nbytes, buffer)
           ~~~~~~~~~^^^^^^^^^^^^^^^^
  File "/Library/Frameworks/Python.framework/Versions/3.14/lib/python3.14/ssl.py", line 1138, in read
    return self._sslobj.read(len, buffer)
           ~~~~~~~~~~~~~~~~~^^^^^^^^^^^^^
TimeoutError: The read operation timed out

The above exception was the direct cause of the following exception:

Traceback (most recent call last):
  File "/Library/Frameworks/Python.framework/Versions/3.14/lib/python3.14/site-packages/requests/adapters.py", line 696, in send
    resp = conn.urlopen(
        method=request.method,
    ...<9 lines>...
        chunked=chunked,
    )
  File "/Library/Frameworks/Python.framework/Versions/3.14/lib/python3.14/site-packages/urllib3/connectionpool.py", line 842, in urlopen
    retries = retries.increment(
        method, url, error=new_e, _pool=self, _stacktrace=sys.exc_info()[2]
    )
  File "/Library/Frameworks/Python.framework/Versions/3.14/lib/python3.14/site-packages/urllib3/util/retry.py", line 498, in increment
    raise reraise(type(error), error, _stacktrace)
          ~~~~~~~^^^^^^^^^^^^^^^^^^^^^^^^^^^^^^^^^
  File "/Library/Frameworks/Python.framework/Versions/3.14/lib/python3.14/site-packages/urllib3/util/util.py", line 39, in reraise
    raise value
  File "/Library/Frameworks/Python.framework/Versions/3.14/lib/python3.14/site-packages/urllib3/connectionpool.py", line 788, in urlopen
    response = self._make_request(
        conn,
    ...<10 lines>...
        **response_kw,
    )
  File "/Library/Frameworks/Python.framework/Versions/3.14/lib/python3.14/site-packages/urllib3/connectionpool.py", line 536, in _make_request
    self._raise_timeout(err=e, url=url, timeout_value=read_timeout)
    ~~~~~~~~~~~~~~~~~~~^^^^^^^^^^^^^^^^^^^^^^^^^^^^^^^^^^^^^^^^^^^^
  File "/Library/Frameworks/Python.framework/Versions/3.14/lib/python3.14/site-packages/urllib3/connectionpool.py", line 367, in _raise_timeout
    raise ReadTimeoutError(
        self, url, f"Read timed out. (read timeout={timeout_value})"
    ) from err
urllib3.exceptions.ReadTimeoutError: HTTPSConnectionPool(host='api.benzinga.com', port=443): Read timed out. (read timeout=15)

During handling of the above exception, another exception occurred:

Traceback (most recent call last):
  File "/Users/omaryoussef/Documents/GitHub/PulseTrade-AI/modules/news_engine.py", line 703, in poll_once
    raw_items = self.client.fetch_news(
        page_size=self.config.page_size,
    ...<2 lines>...
        updated_since=None,
    )
  File "/Users/omaryoussef/Documents/GitHub/PulseTrade-AI/modules/news_engine.py", line 568, in fetch_news
    response = self.session.get(BENZINGA_NEWS_URL, params=params, timeout=self.timeout_seconds)
  File "/Library/Frameworks/Python.framework/Versions/3.14/lib/python3.14/site-packages/requests/sessions.py", line 671, in get
    return self.request("GET", url, params=params, **kwargs)
           ~~~~~~~~~~~~^^^^^^^^^^^^^^^^^^^^^^^^^^^^^^^^^^^^^
  File "/Library/Frameworks/Python.framework/Versions/3.14/lib/python3.14/site-packages/requests/sessions.py", line 651, in request
    resp = self.send(prep, **send_kwargs)
  File "/Library/Frameworks/Python.framework/Versions/3.14/lib/python3.14/site-packages/requests/sessions.py", line 784, in send
    r = adapter.send(request, **kwargs)
  File "/Library/Frameworks/Python.framework/Versions/3.14/lib/python3.14/site-packages/requests/adapters.py", line 742, in send
    raise ReadTimeout(e, request=request)
requests.exceptions.ReadTimeout: HTTPSConnectionPool(host='api.benzinga.com', port=443): Read timed out. (read timeout=15)

2026-06-20T08:18:28.749604+00:00 | INFO | Poll complete | seen=25 inserted=0 duplicates=25 hits=0 alerts=0
2026-06-20T08:18:59.657824+00:00 | INFO | Poll complete | seen=25 inserted=0 duplicates=25 hits=0 alerts=0
2026-06-20T08:19:30.408885+00:00 | INFO | Poll complete | seen=25 inserted=0 duplicates=25 hits=0 alerts=0
2026-06-20T08:20:01.302409+00:00 | INFO | Poll complete | seen=25 inserted=0 duplicates=25 hits=0 alerts=0
2026-06-20T08:20:32.076454+00:00 | INFO | Poll complete | seen=25 inserted=0 duplicates=25 hits=0 alerts=0
2026-06-20T08:21:02.958450+00:00 | INFO | Poll complete | seen=25 inserted=0 duplicates=25 hits=0 alerts=0
2026-06-20T08:21:33.703220+00:00 | INFO | Poll complete | seen=25 inserted=0 duplicates=25 hits=0 alerts=0
2026-06-20T08:22:04.524465+00:00 | INFO | Poll complete | seen=25 inserted=0 duplicates=25 hits=0 alerts=0
2026-06-20T08:22:35.320191+00:00 | INFO | Poll complete | seen=25 inserted=0 duplicates=25 hits=0 alerts=0
Traceback (most recent call last):
  File "/Users/omaryoussef/Documents/GitHub/PulseTrade-AI/modules/news_engine.py", line 749, in poll_once
    self.db.update_health(
    ~~~~~~~~~~~~~~~~~~~~~^
        engine_running=True,
        ^^^^^^^^^^^^^^^^^^^^
    ...<6 lines>...
        last_error="; ".join(result.errors[-3:]) if result.errors else "",
        ^^^^^^^^^^^^^^^^^^^^^^^^^^^^^^^^^^^^^^^^^^^^^^^^^^^^^^^^^^^^^^^^^^
    )
    ^
  File "/Users/omaryoussef/Documents/GitHub/PulseTrade-AI/modules/news_database.py", line 339, in update_health
  File "/Users/omaryoussef/Documents/GitHub/PulseTrade-AI/modules/news_database.py", line 89, in connect
sqlite3.OperationalError: unable to open database file

During handling of the above exception, another exception occurred:

Traceback (most recent call last):
  File "/Users/omaryoussef/Documents/GitHub/PulseTrade-AI/modules/news_engine.py", line 821, in <module>
    main()
    ~~~~^^
  File "/Users/omaryoussef/Documents/GitHub/PulseTrade-AI/modules/news_engine.py", line 817, in main
    engine.run_forever()
    ~~~~~~~~~~~~~~~~~~^^
  File "/Users/omaryoussef/Documents/GitHub/PulseTrade-AI/modules/news_engine.py", line 786, in run_forever
    self.poll_once(dry_run=False)
    ~~~~~~~~~~~~~~^^^^^^^^^^^^^^^
  File "/Users/omaryoussef/Documents/GitHub/PulseTrade-AI/modules/news_engine.py", line 765, in poll_once
    self.db.update_health(
    ~~~~~~~~~~~~~~~~~~~~~^
        engine_running=True,
        ^^^^^^^^^^^^^^^^^^^^
    ...<2 lines>...
        last_error=err,
        ^^^^^^^^^^^^^^^
    )
    ^
  File "/Users/omaryoussef/Documents/GitHub/PulseTrade-AI/modules/news_database.py", line 339, in update_health
  File "/Users/omaryoussef/Documents/GitHub/PulseTrade-AI/modules/news_database.py", line 89, in connect
sqlite3.OperationalError: unable to open database file

--- Manual one-shot poll ---
2026-06-20T20:04:53.682066+00:00 | INFO | Poll complete | seen=25 inserted=3 duplicates=22 hits=3 alerts=1
{
  "seen": 25,
  "inserted": 3,
  "duplicates": 22,
  "watchlist_hits": 3,
  "alerts_sent": 1,
  "errors": []
}

--- Manual one-shot poll ---
2026-06-21T08:16:13.705357+00:00 | INFO | Poll complete | seen=25 inserted=1 duplicates=24 hits=0 alerts=0
{
  "seen": 25,
  "inserted": 1,
  "duplicates": 24,
  "watchlist_hits": 0,
  "alerts_sent": 0,
  "errors": []
}

--- Starting PulseTrade AI news engine ---
2026-06-21T08:16:30.481236+00:00 | INFO | News engine started.
2026-06-21T08:16:31.488759+00:00 | INFO | Poll complete | seen=25 inserted=0 duplicates=25 hits=0 alerts=0
2026-06-21T08:17:02.247109+00:00 | INFO | Poll complete | seen=25 inserted=0 duplicates=25 hits=0 alerts=0
2026-06-21T08:17:33.331354+00:00 | INFO | Poll complete | seen=25 inserted=0 duplicates=25 hits=0 alerts=0
2026-06-21T08:46:09.091184+00:00 | ERROR | News poll failed:
Traceback (most recent call last):
  File "/Library/Frameworks/Python.framework/Versions/3.14/lib/python3.14/site-packages/urllib3/connectionpool.py", line 534, in _make_request
    response = conn.getresponse()
  File "/Library/Frameworks/Python.framework/Versions/3.14/lib/python3.14/site-packages/urllib3/connection.py", line 571, in getresponse
    httplib_response = super().getresponse()
  File "/Library/Frameworks/Python.framework/Versions/3.14/lib/python3.14/http/client.py", line 1459, in getresponse
    response.begin()
    ~~~~~~~~~~~~~~^^
  File "/Library/Frameworks/Python.framework/Versions/3.14/lib/python3.14/http/client.py", line 336, in begin
    version, status, reason = self._read_status()
                              ~~~~~~~~~~~~~~~~~^^
  File "/Library/Frameworks/Python.framework/Versions/3.14/lib/python3.14/http/client.py", line 297, in _read_status
    line = str(self.fp.readline(_MAXLINE + 1), "iso-8859-1")
               ~~~~~~~~~~~~~~~~^^^^^^^^^^^^^^
  File "/Library/Frameworks/Python.framework/Versions/3.14/lib/python3.14/socket.py", line 729, in readinto
    return self._sock.recv_into(b)
           ~~~~~~~~~~~~~~~~~~~~^^^
  File "/Library/Frameworks/Python.framework/Versions/3.14/lib/python3.14/ssl.py", line 1304, in recv_into
    return self.read(nbytes, buffer)
           ~~~~~~~~~^^^^^^^^^^^^^^^^
  File "/Library/Frameworks/Python.framework/Versions/3.14/lib/python3.14/ssl.py", line 1138, in read
    return self._sslobj.read(len, buffer)
           ~~~~~~~~~~~~~~~~~^^^^^^^^^^^^^
TimeoutError: The read operation timed out

The above exception was the direct cause of the following exception:

Traceback (most recent call last):
  File "/Library/Frameworks/Python.framework/Versions/3.14/lib/python3.14/site-packages/requests/adapters.py", line 696, in send
    resp = conn.urlopen(
        method=request.method,
    ...<9 lines>...
        chunked=chunked,
    )
  File "/Library/Frameworks/Python.framework/Versions/3.14/lib/python3.14/site-packages/urllib3/connectionpool.py", line 842, in urlopen
    retries = retries.increment(
        method, url, error=new_e, _pool=self, _stacktrace=sys.exc_info()[2]
    )
  File "/Library/Frameworks/Python.framework/Versions/3.14/lib/python3.14/site-packages/urllib3/util/retry.py", line 498, in increment
    raise reraise(type(error), error, _stacktrace)
          ~~~~~~~^^^^^^^^^^^^^^^^^^^^^^^^^^^^^^^^^
  File "/Library/Frameworks/Python.framework/Versions/3.14/lib/python3.14/site-packages/urllib3/util/util.py", line 39, in reraise
    raise value
  File "/Library/Frameworks/Python.framework/Versions/3.14/lib/python3.14/site-packages/urllib3/connectionpool.py", line 788, in urlopen
    response = self._make_request(
        conn,
    ...<10 lines>...
        **response_kw,
    )
  File "/Library/Frameworks/Python.framework/Versions/3.14/lib/python3.14/site-packages/urllib3/connectionpool.py", line 536, in _make_request
    self._raise_timeout(err=e, url=url, timeout_value=read_timeout)
    ~~~~~~~~~~~~~~~~~~~^^^^^^^^^^^^^^^^^^^^^^^^^^^^^^^^^^^^^^^^^^^^
  File "/Library/Frameworks/Python.framework/Versions/3.14/lib/python3.14/site-packages/urllib3/connectionpool.py", line 367, in _raise_timeout
    raise ReadTimeoutError(
        self, url, f"Read timed out. (read timeout={timeout_value})"
    ) from err
urllib3.exceptions.ReadTimeoutError: HTTPSConnectionPool(host='api.benzinga.com', port=443): Read timed out. (read timeout=15)

During handling of the above exception, another exception occurred:

Traceback (most recent call last):
  File "/Users/omaryoussef/Documents/GitHub/PulseTrade-AI/modules/news_engine.py", line 703, in poll_once
    raw_items = self.client.fetch_news(
        page_size=self.config.page_size,
    ...<2 lines>...
        updated_since=None,
    )
  File "/Users/omaryoussef/Documents/GitHub/PulseTrade-AI/modules/news_engine.py", line 568, in fetch_news
    response = self.session.get(BENZINGA_NEWS_URL, params=params, timeout=self.timeout_seconds)
  File "/Library/Frameworks/Python.framework/Versions/3.14/lib/python3.14/site-packages/requests/sessions.py", line 671, in get
    return self.request("GET", url, params=params, **kwargs)
           ~~~~~~~~~~~~^^^^^^^^^^^^^^^^^^^^^^^^^^^^^^^^^^^^^
  File "/Library/Frameworks/Python.framework/Versions/3.14/lib/python3.14/site-packages/requests/sessions.py", line 651, in request
    resp = self.send(prep, **send_kwargs)
  File "/Library/Frameworks/Python.framework/Versions/3.14/lib/python3.14/site-packages/requests/sessions.py", line 784, in send
    r = adapter.send(request, **kwargs)
  File "/Library/Frameworks/Python.framework/Versions/3.14/lib/python3.14/site-packages/requests/adapters.py", line 742, in send
    raise ReadTimeout(e, request=request)
requests.exceptions.ReadTimeout: HTTPSConnectionPool(host='api.benzinga.com', port=443): Read timed out. (read timeout=15)

2026-06-21T08:46:40.021273+00:00 | INFO | Poll complete | seen=25 inserted=0 duplicates=25 hits=0 alerts=0
2026-06-21T08:47:10.912212+00:00 | INFO | Poll complete | seen=25 inserted=0 duplicates=25 hits=0 alerts=0
2026-06-21T08:47:41.717499+00:00 | INFO | Poll complete | seen=25 inserted=0 duplicates=25 hits=0 alerts=0
2026-06-21T08:48:12.633741+00:00 | INFO | Poll complete | seen=25 inserted=0 duplicates=25 hits=0 alerts=0
2026-06-21T08:48:43.424391+00:00 | INFO | Poll complete | seen=25 inserted=0 duplicates=25 hits=0 alerts=0
Traceback (most recent call last):
  File "/Users/omaryoussef/Documents/GitHub/PulseTrade-AI/modules/news_engine.py", line 749, in poll_once
    self.db.update_health(
    ~~~~~~~~~~~~~~~~~~~~~^
        engine_running=True,
        ^^^^^^^^^^^^^^^^^^^^
    ...<6 lines>...
        last_error="; ".join(result.errors[-3:]) if result.errors else "",
        ^^^^^^^^^^^^^^^^^^^^^^^^^^^^^^^^^^^^^^^^^^^^^^^^^^^^^^^^^^^^^^^^^^
    )
    ^
  File "/Users/omaryoussef/Documents/GitHub/PulseTrade-AI/modules/news_database.py", line 339, in update_health
  File "/Users/omaryoussef/Documents/GitHub/PulseTrade-AI/modules/news_database.py", line 89, in connect
sqlite3.OperationalError: unable to open database file

During handling of the above exception, another exception occurred:

Traceback (most recent call last):
  File "/Users/omaryoussef/Documents/GitHub/PulseTrade-AI/modules/news_engine.py", line 821, in <module>
    main()
    ~~~~^^
  File "/Users/omaryoussef/Documents/GitHub/PulseTrade-AI/modules/news_engine.py", line 817, in main
    engine.run_forever()
    ~~~~~~~~~~~~~~~~~~^^
  File "/Users/omaryoussef/Documents/GitHub/PulseTrade-AI/modules/news_engine.py", line 786, in run_forever
    self.poll_once(dry_run=False)
    ~~~~~~~~~~~~~~^^^^^^^^^^^^^^^
  File "/Users/omaryoussef/Documents/GitHub/PulseTrade-AI/modules/news_engine.py", line 765, in poll_once
    self.db.update_health(
    ~~~~~~~~~~~~~~~~~~~~~^
        engine_running=True,
        ^^^^^^^^^^^^^^^^^^^^
    ...<2 lines>...
        last_error=err,
        ^^^^^^^^^^^^^^^
    )
    ^
  File "/Users/omaryoussef/Documents/GitHub/PulseTrade-AI/modules/news_database.py", line 339, in update_health
  File "/Users/omaryoussef/Documents/GitHub/PulseTrade-AI/modules/news_database.py", line 89, in connect
sqlite3.OperationalError: unable to open database file

--- Manual one-shot poll ---
2026-06-22T07:02:10.192791+00:00 | INFO | Poll complete | seen=25 inserted=5 duplicates=20 hits=5 alerts=2
{
  "seen": 25,
  "inserted": 5,
  "duplicates": 20,
  "watchlist_hits": 5,
  "alerts_sent": 2,
  "errors": []
}

--- Starting PulseTrade AI news engine ---
2026-06-22T10:29:38.755532+00:00 | INFO | News engine started.
2026-06-22T10:29:40.402928+00:00 | INFO | Poll complete | seen=25 inserted=9 duplicates=16 hits=6 alerts=2
2026-06-22T10:30:11.683034+00:00 | INFO | Poll complete | seen=25 inserted=0 duplicates=25 hits=0 alerts=0
2026-06-22T10:30:42.758967+00:00 | INFO | Poll complete | seen=25 inserted=0 duplicates=25 hits=0 alerts=0
2026-06-22T10:31:13.931654+00:00 | INFO | Poll complete | seen=25 inserted=0 duplicates=25 hits=0 alerts=0
2026-06-22T10:31:44.922263+00:00 | INFO | Poll complete | seen=25 inserted=0 duplicates=25 hits=0 alerts=0
2026-06-22T10:32:15.901866+00:00 | INFO | Poll complete | seen=25 inserted=0 duplicates=25 hits=0 alerts=0
2026-06-22T10:32:47.010457+00:00 | INFO | Poll complete | seen=25 inserted=0 duplicates=25 hits=0 alerts=0
2026-06-22T10:33:17.835212+00:00 | INFO | Poll complete | seen=25 inserted=0 duplicates=25 hits=0 alerts=0
Traceback (most recent call last):
  File "/Users/omaryoussef/Documents/GitHub/PulseTrade-AI/modules/news_engine.py", line 749, in poll_once
  File "/Users/omaryoussef/Documents/GitHub/PulseTrade-AI/modules/news_database.py", line 339, in update_health
  File "/Users/omaryoussef/Documents/GitHub/PulseTrade-AI/modules/news_database.py", line 89, in connect
sqlite3.OperationalError: unable to open database file

During handling of the above exception, another exception occurred:

Traceback (most recent call last):
  File "/Users/omaryoussef/Documents/GitHub/PulseTrade-AI/modules/news_engine.py", line 821, in <module>
  File "/Users/omaryoussef/Documents/GitHub/PulseTrade-AI/modules/news_engine.py", line 817, in main
  File "/Users/omaryoussef/Documents/GitHub/PulseTrade-AI/modules/news_engine.py", line 786, in run_forever
  File "/Users/omaryoussef/Documents/GitHub/PulseTrade-AI/modules/news_engine.py", line 765, in poll_once
  File "/Users/omaryoussef/Documents/GitHub/PulseTrade-AI/modules/news_database.py", line 339, in update_health
  File "/Users/omaryoussef/Documents/GitHub/PulseTrade-AI/modules/news_database.py", line 89, in connect
sqlite3.OperationalError: unable to open database file

--- Manual one-shot poll ---
2026-06-22T14:01:19.415724+00:00 | INFO | Poll complete | seen=25 inserted=11 duplicates=14 hits=1 alerts=0
{
  "seen": 25,
  "inserted": 11,
  "duplicates": 14,
  "watchlist_hits": 1,
  "alerts_sent": 0,
  "errors": []
}

--- Manual one-shot poll ---
2026-06-22T14:18:04.838653+00:00 | INFO | Poll complete | seen=25 inserted=0 duplicates=25 hits=0 alerts=0
{
  "seen": 25,
  "inserted": 0,
  "duplicates": 25,
  "watchlist_hits": 0,
  "alerts_sent": 0,
  "errors": []
}

--- Manual one-shot poll ---
2026-06-22T14:18:33.687404+00:00 | INFO | Poll complete | seen=25 inserted=0 duplicates=25 hits=0 alerts=0
{
  "seen": 25,
  "inserted": 0,
  "duplicates": 25,
  "watchlist_hits": 0,
  "alerts_sent": 0,
  "errors": []
}

--- Starting PulseTrade AI news engine ---
2026-06-22T14:30:31.996416+00:00 | INFO | News engine started.
2026-06-22T14:30:32.746365+00:00 | INFO | Poll complete | seen=25 inserted=2 duplicates=23 hits=0 alerts=0
2026-06-22T14:31:03.698742+00:00 | INFO | Poll complete | seen=25 inserted=0 duplicates=25 hits=0 alerts=0
2026-06-22T14:31:34.320736+00:00 | INFO | Poll complete | seen=25 inserted=0 duplicates=25 hits=0 alerts=0
2026-06-22T14:32:04.927616+00:00 | INFO | Poll complete | seen=25 inserted=0 duplicates=25 hits=0 alerts=0
Traceback (most recent call last):
  File "/Users/omaryoussef/Documents/GitHub/PulseTrade-AI/modules/news_engine.py", line 749, in poll_once
    self.db.update_health(
    ~~~~~~~~~~~~~~~~~~~~~^
        engine_running=True,
        ^^^^^^^^^^^^^^^^^^^^
    ...<6 lines>...
        last_error="; ".join(result.errors[-3:]) if result.errors else "",
        ^^^^^^^^^^^^^^^^^^^^^^^^^^^^^^^^^^^^^^^^^^^^^^^^^^^^^^^^^^^^^^^^^^
    )
    ^
  File "/Users/omaryoussef/Documents/GitHub/PulseTrade-AI/modules/news_database.py", line 339, in update_health
    with self.connect() as conn:
         ~~~~~~~~~~~~^^
  File "/Users/omaryoussef/Documents/GitHub/PulseTrade-AI/modules/news_database.py", line 89, in connect
    conn = sqlite3.connect(self.db_path)
sqlite3.OperationalError: unable to open database file

During handling of the above exception, another exception occurred:

Traceback (most recent call last):
  File "/Users/omaryoussef/Documents/GitHub/PulseTrade-AI/modules/news_engine.py", line 821, in <module>
    main()
    ~~~~^^
  File "/Users/omaryoussef/Documents/GitHub/PulseTrade-AI/modules/news_engine.py", line 817, in main
    engine.run_forever()
    ~~~~~~~~~~~~~~~~~~^^
  File "/Users/omaryoussef/Documents/GitHub/PulseTrade-AI/modules/news_engine.py", line 786, in run_forever
    self.poll_once(dry_run=False)
    ~~~~~~~~~~~~~~^^^^^^^^^^^^^^^
  File "/Users/omaryoussef/Documents/GitHub/PulseTrade-AI/modules/news_engine.py", line 765, in poll_once
    self.db.update_health(
    ~~~~~~~~~~~~~~~~~~~~~^
        engine_running=True,
        ^^^^^^^^^^^^^^^^^^^^
    ...<2 lines>...
        last_error=err,
        ^^^^^^^^^^^^^^^
    )
    ^
  File "/Users/omaryoussef/Documents/GitHub/PulseTrade-AI/modules/news_database.py", line 339, in update_health
    with self.connect() as conn:
         ~~~~~~~~~~~~^^
  File "/Users/omaryoussef/Documents/GitHub/PulseTrade-AI/modules/news_database.py", line 89, in connect
    conn = sqlite3.connect(self.db_path)
sqlite3.OperationalError: unable to open database file

--- Manual one-shot poll ---
2026-06-22T18:05:50.309423+00:00 | INFO | Poll complete | seen=25 inserted=17 duplicates=8 hits=2 alerts=1
{
  "seen": 25,
  "inserted": 17,
  "duplicates": 8,
  "watchlist_hits": 2,
  "alerts_sent": 1,
  "errors": []
}

--- Manual one-shot poll ---
2026-06-22T21:04:52.832230+00:00 | INFO | Poll complete | seen=25 inserted=9 duplicates=16 hits=1 alerts=0
{
  "seen": 25,
  "inserted": 9,
  "duplicates": 16,
  "watchlist_hits": 1,
  "alerts_sent": 0,
  "errors": []
}

--- Manual one-shot poll ---
2026-06-22T21:04:53.417372+00:00 | INFO | Poll complete | seen=25 inserted=0 duplicates=25 hits=0 alerts=0
{
  "seen": 25,
  "inserted": 0,
  "duplicates": 25,
  "watchlist_hits": 0,
  "alerts_sent": 0,
  "errors": []
}

--- Manual one-shot poll ---
2026-06-22T21:05:26.236622+00:00 | INFO | Poll complete | seen=25 inserted=0 duplicates=25 hits=0 alerts=0
{
  "seen": 25,
  "inserted": 0,
  "duplicates": 25,
  "watchlist_hits": 0,
  "alerts_sent": 0,
  "errors": []
}

--- Starting PulseTrade AI news engine ---
2026-06-22T23:59:20.114483+00:00 | INFO | News engine started.
2026-06-22T23:59:21.259694+00:00 | INFO | Poll complete | seen=25 inserted=0 duplicates=25 hits=0 alerts=0

--- Manual one-shot poll ---
2026-06-22T23:59:22.736540+00:00 | INFO | Poll complete | seen=25 inserted=0 duplicates=25 hits=0 alerts=0
{
  "seen": 25,
  "inserted": 0,
  "duplicates": 25,
  "watchlist_hits": 0,
  "alerts_sent": 0,
  "errors": []
}
2026-06-22T23:59:52.377204+00:00 | INFO | Poll complete | seen=25 inserted=0 duplicates=25 hits=0 alerts=0
2026-06-23T00:00:23.124453+00:00 | INFO | Poll complete | seen=25 inserted=0 duplicates=25 hits=0 alerts=0
2026-06-23T00:00:54.057399+00:00 | INFO | Poll complete | seen=25 inserted=0 duplicates=25 hits=0 alerts=0
2026-06-23T00:01:24.927130+00:00 | INFO | Poll complete | seen=25 inserted=0 duplicates=25 hits=0 alerts=0
2026-06-23T00:01:56.580616+00:00 | INFO | Poll complete | seen=25 inserted=0 duplicates=25 hits=0 alerts=0
2026-06-23T00:02:27.284389+00:00 | INFO | Poll complete | seen=25 inserted=0 duplicates=25 hits=0 alerts=0
2026-06-23T00:15:38.527297+00:00 | ERROR | News poll failed:
Traceback (most recent call last):
  File "/Users/omaryoussef/Documents/GitHub/PulseTrade-AI/.venv/lib/python3.11/site-packages/urllib3/connectionpool.py", line 534, in _make_request
    response = conn.getresponse()
               ^^^^^^^^^^^^^^^^^^
  File "/Users/omaryoussef/Documents/GitHub/PulseTrade-AI/.venv/lib/python3.11/site-packages/urllib3/connection.py", line 571, in getresponse
    httplib_response = super().getresponse()
                       ^^^^^^^^^^^^^^^^^^^^^
  File "/Library/Frameworks/Python.framework/Versions/3.11/lib/python3.11/http/client.py", line 1395, in getresponse
    response.begin()
  File "/Library/Frameworks/Python.framework/Versions/3.11/lib/python3.11/http/client.py", line 325, in begin
    version, status, reason = self._read_status()
                              ^^^^^^^^^^^^^^^^^^^
  File "/Library/Frameworks/Python.framework/Versions/3.11/lib/python3.11/http/client.py", line 286, in _read_status
    line = str(self.fp.readline(_MAXLINE + 1), "iso-8859-1")
               ^^^^^^^^^^^^^^^^^^^^^^^^^^^^^^
  File "/Library/Frameworks/Python.framework/Versions/3.11/lib/python3.11/socket.py", line 706, in readinto
    return self._sock.recv_into(b)
           ^^^^^^^^^^^^^^^^^^^^^^^
  File "/Library/Frameworks/Python.framework/Versions/3.11/lib/python3.11/ssl.py", line 1314, in recv_into
    return self.read(nbytes, buffer)
           ^^^^^^^^^^^^^^^^^^^^^^^^^
  File "/Library/Frameworks/Python.framework/Versions/3.11/lib/python3.11/ssl.py", line 1166, in read
    return self._sslobj.read(len, buffer)
           ^^^^^^^^^^^^^^^^^^^^^^^^^^^^^^
TimeoutError: The read operation timed out

The above exception was the direct cause of the following exception:

Traceback (most recent call last):
  File "/Users/omaryoussef/Documents/GitHub/PulseTrade-AI/.venv/lib/python3.11/site-packages/requests/adapters.py", line 696, in send
    resp = conn.urlopen(
           ^^^^^^^^^^^^^
  File "/Users/omaryoussef/Documents/GitHub/PulseTrade-AI/.venv/lib/python3.11/site-packages/urllib3/connectionpool.py", line 842, in urlopen
    retries = retries.increment(
              ^^^^^^^^^^^^^^^^^^
  File "/Users/omaryoussef/Documents/GitHub/PulseTrade-AI/.venv/lib/python3.11/site-packages/urllib3/util/retry.py", line 498, in increment
    raise reraise(type(error), error, _stacktrace)
          ^^^^^^^^^^^^^^^^^^^^^^^^^^^^^^^^^^^^^^^^
  File "/Users/omaryoussef/Documents/GitHub/PulseTrade-AI/.venv/lib/python3.11/site-packages/urllib3/util/util.py", line 39, in reraise
    raise value
  File "/Users/omaryoussef/Documents/GitHub/PulseTrade-AI/.venv/lib/python3.11/site-packages/urllib3/connectionpool.py", line 788, in urlopen
    response = self._make_request(
               ^^^^^^^^^^^^^^^^^^^
  File "/Users/omaryoussef/Documents/GitHub/PulseTrade-AI/.venv/lib/python3.11/site-packages/urllib3/connectionpool.py", line 536, in _make_request
    self._raise_timeout(err=e, url=url, timeout_value=read_timeout)
  File "/Users/omaryoussef/Documents/GitHub/PulseTrade-AI/.venv/lib/python3.11/site-packages/urllib3/connectionpool.py", line 367, in _raise_timeout
    raise ReadTimeoutError(
urllib3.exceptions.ReadTimeoutError: HTTPSConnectionPool(host='api.benzinga.com', port=443): Read timed out. (read timeout=15)

During handling of the above exception, another exception occurred:

Traceback (most recent call last):
  File "/Users/omaryoussef/Documents/GitHub/PulseTrade-AI/modules/news_engine.py", line 703, in poll_once
    raw_items = self.client.fetch_news(
                ^^^^^^^^^^^^^^^^^^^^^^^
  File "/Users/omaryoussef/Documents/GitHub/PulseTrade-AI/modules/news_engine.py", line 568, in fetch_news
    response = self.session.get(BENZINGA_NEWS_URL, params=params, timeout=self.timeout_seconds)
               ^^^^^^^^^^^^^^^^^^^^^^^^^^^^^^^^^^^^^^^^^^^^^^^^^^^^^^^^^^^^^^^^^^^^^^^^^^^^^^^^
  File "/Users/omaryoussef/Documents/GitHub/PulseTrade-AI/.venv/lib/python3.11/site-packages/requests/sessions.py", line 671, in get
    return self.request("GET", url, params=params, **kwargs)
           ^^^^^^^^^^^^^^^^^^^^^^^^^^^^^^^^^^^^^^^^^^^^^^^^^
  File "/Users/omaryoussef/Documents/GitHub/PulseTrade-AI/.venv/lib/python3.11/site-packages/requests/sessions.py", line 651, in request
    resp = self.send(prep, **send_kwargs)
           ^^^^^^^^^^^^^^^^^^^^^^^^^^^^^^
  File "/Users/omaryoussef/Documents/GitHub/PulseTrade-AI/.venv/lib/python3.11/site-packages/requests/sessions.py", line 784, in send
    r = adapter.send(request, **kwargs)
        ^^^^^^^^^^^^^^^^^^^^^^^^^^^^^^^
  File "/Users/omaryoussef/Documents/GitHub/PulseTrade-AI/.venv/lib/python3.11/site-packages/requests/adapters.py", line 742, in send
    raise ReadTimeout(e, request=request)
requests.exceptions.ReadTimeout: HTTPSConnectionPool(host='api.benzinga.com', port=443): Read timed out. (read timeout=15)

2026-06-23T01:05:04.133280+00:00 | INFO | Poll complete | seen=25 inserted=0 duplicates=25 hits=0 alerts=0
2026-06-23T01:05:34.569597+00:00 | INFO | Poll complete | seen=25 inserted=0 duplicates=25 hits=0 alerts=0
2026-06-23T01:10:40.682299+00:00 | INFO | Poll complete | seen=25 inserted=0 duplicates=25 hits=0 alerts=0
2026-06-23T01:31:21.687937+00:00 | ERROR | News poll failed:
Traceback (most recent call last):
  File "/Users/omaryoussef/Documents/GitHub/PulseTrade-AI/.venv/lib/python3.11/site-packages/urllib3/connectionpool.py", line 534, in _make_request
    response = conn.getresponse()
               ^^^^^^^^^^^^^^^^^^
  File "/Users/omaryoussef/Documents/GitHub/PulseTrade-AI/.venv/lib/python3.11/site-packages/urllib3/connection.py", line 571, in getresponse
    httplib_response = super().getresponse()
                       ^^^^^^^^^^^^^^^^^^^^^
  File "/Library/Frameworks/Python.framework/Versions/3.11/lib/python3.11/http/client.py", line 1395, in getresponse
    response.begin()
  File "/Library/Frameworks/Python.framework/Versions/3.11/lib/python3.11/http/client.py", line 325, in begin
    version, status, reason = self._read_status()
                              ^^^^^^^^^^^^^^^^^^^
  File "/Library/Frameworks/Python.framework/Versions/3.11/lib/python3.11/http/client.py", line 286, in _read_status
    line = str(self.fp.readline(_MAXLINE + 1), "iso-8859-1")
               ^^^^^^^^^^^^^^^^^^^^^^^^^^^^^^
  File "/Library/Frameworks/Python.framework/Versions/3.11/lib/python3.11/socket.py", line 706, in readinto
    return self._sock.recv_into(b)
           ^^^^^^^^^^^^^^^^^^^^^^^
  File "/Library/Frameworks/Python.framework/Versions/3.11/lib/python3.11/ssl.py", line 1314, in recv_into
    return self.read(nbytes, buffer)
           ^^^^^^^^^^^^^^^^^^^^^^^^^
  File "/Library/Frameworks/Python.framework/Versions/3.11/lib/python3.11/ssl.py", line 1166, in read
    return self._sslobj.read(len, buffer)
           ^^^^^^^^^^^^^^^^^^^^^^^^^^^^^^
TimeoutError: The read operation timed out

The above exception was the direct cause of the following exception:

Traceback (most recent call last):
  File "/Users/omaryoussef/Documents/GitHub/PulseTrade-AI/.venv/lib/python3.11/site-packages/requests/adapters.py", line 696, in send
    resp = conn.urlopen(
           ^^^^^^^^^^^^^
  File "/Users/omaryoussef/Documents/GitHub/PulseTrade-AI/.venv/lib/python3.11/site-packages/urllib3/connectionpool.py", line 842, in urlopen
    retries = retries.increment(
              ^^^^^^^^^^^^^^^^^^
  File "/Users/omaryoussef/Documents/GitHub/PulseTrade-AI/.venv/lib/python3.11/site-packages/urllib3/util/retry.py", line 498, in increment
    raise reraise(type(error), error, _stacktrace)
          ^^^^^^^^^^^^^^^^^^^^^^^^^^^^^^^^^^^^^^^^
  File "/Users/omaryoussef/Documents/GitHub/PulseTrade-AI/.venv/lib/python3.11/site-packages/urllib3/util/util.py", line 39, in reraise
    raise value
  File "/Users/omaryoussef/Documents/GitHub/PulseTrade-AI/.venv/lib/python3.11/site-packages/urllib3/connectionpool.py", line 788, in urlopen
    response = self._make_request(
               ^^^^^^^^^^^^^^^^^^^
  File "/Users/omaryoussef/Documents/GitHub/PulseTrade-AI/.venv/lib/python3.11/site-packages/urllib3/connectionpool.py", line 536, in _make_request
    self._raise_timeout(err=e, url=url, timeout_value=read_timeout)
  File "/Users/omaryoussef/Documents/GitHub/PulseTrade-AI/.venv/lib/python3.11/site-packages/urllib3/connectionpool.py", line 367, in _raise_timeout
    raise ReadTimeoutError(
urllib3.exceptions.ReadTimeoutError: HTTPSConnectionPool(host='api.benzinga.com', port=443): Read timed out. (read timeout=15)

During handling of the above exception, another exception occurred:

Traceback (most recent call last):
  File "/Users/omaryoussef/Documents/GitHub/PulseTrade-AI/modules/news_engine.py", line 703, in poll_once
    raw_items = self.client.fetch_news(
                ^^^^^^^^^^^^^^^^^^^^^^^
  File "/Users/omaryoussef/Documents/GitHub/PulseTrade-AI/modules/news_engine.py", line 568, in fetch_news
    response = self.session.get(BENZINGA_NEWS_URL, params=params, timeout=self.timeout_seconds)
               ^^^^^^^^^^^^^^^^^^^^^^^^^^^^^^^^^^^^^^^^^^^^^^^^^^^^^^^^^^^^^^^^^^^^^^^^^^^^^^^^
  File "/Users/omaryoussef/Documents/GitHub/PulseTrade-AI/.venv/lib/python3.11/site-packages/requests/sessions.py", line 671, in get
    return self.request("GET", url, params=params, **kwargs)
           ^^^^^^^^^^^^^^^^^^^^^^^^^^^^^^^^^^^^^^^^^^^^^^^^^
  File "/Users/omaryoussef/Documents/GitHub/PulseTrade-AI/.venv/lib/python3.11/site-packages/requests/sessions.py", line 651, in request
    resp = self.send(prep, **send_kwargs)
           ^^^^^^^^^^^^^^^^^^^^^^^^^^^^^^
  File "/Users/omaryoussef/Documents/GitHub/PulseTrade-AI/.venv/lib/python3.11/site-packages/requests/sessions.py", line 784, in send
    r = adapter.send(request, **kwargs)
        ^^^^^^^^^^^^^^^^^^^^^^^^^^^^^^^
  File "/Users/omaryoussef/Documents/GitHub/PulseTrade-AI/.venv/lib/python3.11/site-packages/requests/adapters.py", line 742, in send
    raise ReadTimeout(e, request=request)
requests.exceptions.ReadTimeout: HTTPSConnectionPool(host='api.benzinga.com', port=443): Read timed out. (read timeout=15)

2026-06-23T01:49:38.336869+00:00 | INFO | Poll complete | seen=25 inserted=0 duplicates=25 hits=0 alerts=0
2026-06-23T02:04:02.081034+00:00 | ERROR | News poll failed:
Traceback (most recent call last):
  File "/Users/omaryoussef/Documents/GitHub/PulseTrade-AI/.venv/lib/python3.11/site-packages/urllib3/connectionpool.py", line 534, in _make_request
    response = conn.getresponse()
               ^^^^^^^^^^^^^^^^^^
  File "/Users/omaryoussef/Documents/GitHub/PulseTrade-AI/.venv/lib/python3.11/site-packages/urllib3/connection.py", line 571, in getresponse
    httplib_response = super().getresponse()
                       ^^^^^^^^^^^^^^^^^^^^^
  File "/Library/Frameworks/Python.framework/Versions/3.11/lib/python3.11/http/client.py", line 1395, in getresponse
    response.begin()
  File "/Library/Frameworks/Python.framework/Versions/3.11/lib/python3.11/http/client.py", line 325, in begin
    version, status, reason = self._read_status()
                              ^^^^^^^^^^^^^^^^^^^
  File "/Library/Frameworks/Python.framework/Versions/3.11/lib/python3.11/http/client.py", line 286, in _read_status
    line = str(self.fp.readline(_MAXLINE + 1), "iso-8859-1")
               ^^^^^^^^^^^^^^^^^^^^^^^^^^^^^^
  File "/Library/Frameworks/Python.framework/Versions/3.11/lib/python3.11/socket.py", line 706, in readinto
    return self._sock.recv_into(b)
           ^^^^^^^^^^^^^^^^^^^^^^^
  File "/Library/Frameworks/Python.framework/Versions/3.11/lib/python3.11/ssl.py", line 1314, in recv_into
    return self.read(nbytes, buffer)
           ^^^^^^^^^^^^^^^^^^^^^^^^^
  File "/Library/Frameworks/Python.framework/Versions/3.11/lib/python3.11/ssl.py", line 1166, in read
    return self._sslobj.read(len, buffer)
           ^^^^^^^^^^^^^^^^^^^^^^^^^^^^^^
TimeoutError: The read operation timed out

The above exception was the direct cause of the following exception:

Traceback (most recent call last):
  File "/Users/omaryoussef/Documents/GitHub/PulseTrade-AI/.venv/lib/python3.11/site-packages/requests/adapters.py", line 696, in send
    resp = conn.urlopen(
           ^^^^^^^^^^^^^
  File "/Users/omaryoussef/Documents/GitHub/PulseTrade-AI/.venv/lib/python3.11/site-packages/urllib3/connectionpool.py", line 842, in urlopen
    retries = retries.increment(
              ^^^^^^^^^^^^^^^^^^
  File "/Users/omaryoussef/Documents/GitHub/PulseTrade-AI/.venv/lib/python3.11/site-packages/urllib3/util/retry.py", line 498, in increment
    raise reraise(type(error), error, _stacktrace)
          ^^^^^^^^^^^^^^^^^^^^^^^^^^^^^^^^^^^^^^^^
  File "/Users/omaryoussef/Documents/GitHub/PulseTrade-AI/.venv/lib/python3.11/site-packages/urllib3/util/util.py", line 39, in reraise
    raise value
  File "/Users/omaryoussef/Documents/GitHub/PulseTrade-AI/.venv/lib/python3.11/site-packages/urllib3/connectionpool.py", line 788, in urlopen
    response = self._make_request(
               ^^^^^^^^^^^^^^^^^^^
  File "/Users/omaryoussef/Documents/GitHub/PulseTrade-AI/.venv/lib/python3.11/site-packages/urllib3/connectionpool.py", line 536, in _make_request
    self._raise_timeout(err=e, url=url, timeout_value=read_timeout)
  File "/Users/omaryoussef/Documents/GitHub/PulseTrade-AI/.venv/lib/python3.11/site-packages/urllib3/connectionpool.py", line 367, in _raise_timeout
    raise ReadTimeoutError(
urllib3.exceptions.ReadTimeoutError: HTTPSConnectionPool(host='api.benzinga.com', port=443): Read timed out. (read timeout=15)

During handling of the above exception, another exception occurred:

Traceback (most recent call last):
  File "/Users/omaryoussef/Documents/GitHub/PulseTrade-AI/modules/news_engine.py", line 703, in poll_once
    raw_items = self.client.fetch_news(
                ^^^^^^^^^^^^^^^^^^^^^^^
  File "/Users/omaryoussef/Documents/GitHub/PulseTrade-AI/modules/news_engine.py", line 568, in fetch_news
    response = self.session.get(BENZINGA_NEWS_URL, params=params, timeout=self.timeout_seconds)
               ^^^^^^^^^^^^^^^^^^^^^^^^^^^^^^^^^^^^^^^^^^^^^^^^^^^^^^^^^^^^^^^^^^^^^^^^^^^^^^^^
  File "/Users/omaryoussef/Documents/GitHub/PulseTrade-AI/.venv/lib/python3.11/site-packages/requests/sessions.py", line 671, in get
    return self.request("GET", url, params=params, **kwargs)
           ^^^^^^^^^^^^^^^^^^^^^^^^^^^^^^^^^^^^^^^^^^^^^^^^^
  File "/Users/omaryoussef/Documents/GitHub/PulseTrade-AI/.venv/lib/python3.11/site-packages/requests/sessions.py", line 651, in request
    resp = self.send(prep, **send_kwargs)
           ^^^^^^^^^^^^^^^^^^^^^^^^^^^^^^
  File "/Users/omaryoussef/Documents/GitHub/PulseTrade-AI/.venv/lib/python3.11/site-packages/requests/sessions.py", line 784, in send
    r = adapter.send(request, **kwargs)
        ^^^^^^^^^^^^^^^^^^^^^^^^^^^^^^^
  File "/Users/omaryoussef/Documents/GitHub/PulseTrade-AI/.venv/lib/python3.11/site-packages/requests/adapters.py", line 742, in send
    raise ReadTimeout(e, request=request)
requests.exceptions.ReadTimeout: HTTPSConnectionPool(host='api.benzinga.com', port=443): Read timed out. (read timeout=15)

2026-06-23T03:03:49.060685+00:00 | INFO | Poll complete | seen=25 inserted=0 duplicates=25 hits=0 alerts=0
2026-06-23T03:04:19.908999+00:00 | INFO | Poll complete | seen=25 inserted=0 duplicates=25 hits=0 alerts=0
2026-06-23T03:52:15.933201+00:00 | ERROR | News poll failed:
Traceback (most recent call last):
  File "/Users/omaryoussef/Documents/GitHub/PulseTrade-AI/.venv/lib/python3.11/site-packages/urllib3/connectionpool.py", line 534, in _make_request
    response = conn.getresponse()
               ^^^^^^^^^^^^^^^^^^
  File "/Users/omaryoussef/Documents/GitHub/PulseTrade-AI/.venv/lib/python3.11/site-packages/urllib3/connection.py", line 571, in getresponse
    httplib_response = super().getresponse()
                       ^^^^^^^^^^^^^^^^^^^^^
  File "/Library/Frameworks/Python.framework/Versions/3.11/lib/python3.11/http/client.py", line 1395, in getresponse
    response.begin()
  File "/Library/Frameworks/Python.framework/Versions/3.11/lib/python3.11/http/client.py", line 325, in begin
    version, status, reason = self._read_status()
                              ^^^^^^^^^^^^^^^^^^^
  File "/Library/Frameworks/Python.framework/Versions/3.11/lib/python3.11/http/client.py", line 286, in _read_status
    line = str(self.fp.readline(_MAXLINE + 1), "iso-8859-1")
               ^^^^^^^^^^^^^^^^^^^^^^^^^^^^^^
  File "/Library/Frameworks/Python.framework/Versions/3.11/lib/python3.11/socket.py", line 706, in readinto
    return self._sock.recv_into(b)
           ^^^^^^^^^^^^^^^^^^^^^^^
  File "/Library/Frameworks/Python.framework/Versions/3.11/lib/python3.11/ssl.py", line 1314, in recv_into
    return self.read(nbytes, buffer)
           ^^^^^^^^^^^^^^^^^^^^^^^^^
  File "/Library/Frameworks/Python.framework/Versions/3.11/lib/python3.11/ssl.py", line 1166, in read
    return self._sslobj.read(len, buffer)
           ^^^^^^^^^^^^^^^^^^^^^^^^^^^^^^
TimeoutError: The read operation timed out

The above exception was the direct cause of the following exception:

Traceback (most recent call last):
  File "/Users/omaryoussef/Documents/GitHub/PulseTrade-AI/.venv/lib/python3.11/site-packages/requests/adapters.py", line 696, in send
    resp = conn.urlopen(
           ^^^^^^^^^^^^^
  File "/Users/omaryoussef/Documents/GitHub/PulseTrade-AI/.venv/lib/python3.11/site-packages/urllib3/connectionpool.py", line 842, in urlopen
    retries = retries.increment(
              ^^^^^^^^^^^^^^^^^^
  File "/Users/omaryoussef/Documents/GitHub/PulseTrade-AI/.venv/lib/python3.11/site-packages/urllib3/util/retry.py", line 498, in increment
    raise reraise(type(error), error, _stacktrace)
          ^^^^^^^^^^^^^^^^^^^^^^^^^^^^^^^^^^^^^^^^
  File "/Users/omaryoussef/Documents/GitHub/PulseTrade-AI/.venv/lib/python3.11/site-packages/urllib3/util/util.py", line 39, in reraise
    raise value
  File "/Users/omaryoussef/Documents/GitHub/PulseTrade-AI/.venv/lib/python3.11/site-packages/urllib3/connectionpool.py", line 788, in urlopen
    response = self._make_request(
               ^^^^^^^^^^^^^^^^^^^
  File "/Users/omaryoussef/Documents/GitHub/PulseTrade-AI/.venv/lib/python3.11/site-packages/urllib3/connectionpool.py", line 536, in _make_request
    self._raise_timeout(err=e, url=url, timeout_value=read_timeout)
  File "/Users/omaryoussef/Documents/GitHub/PulseTrade-AI/.venv/lib/python3.11/site-packages/urllib3/connectionpool.py", line 367, in _raise_timeout
    raise ReadTimeoutError(
urllib3.exceptions.ReadTimeoutError: HTTPSConnectionPool(host='api.benzinga.com', port=443): Read timed out. (read timeout=15)

During handling of the above exception, another exception occurred:

Traceback (most recent call last):
  File "/Users/omaryoussef/Documents/GitHub/PulseTrade-AI/modules/news_engine.py", line 703, in poll_once
    raw_items = self.client.fetch_news(
                ^^^^^^^^^^^^^^^^^^^^^^^
  File "/Users/omaryoussef/Documents/GitHub/PulseTrade-AI/modules/news_engine.py", line 568, in fetch_news
    response = self.session.get(BENZINGA_NEWS_URL, params=params, timeout=self.timeout_seconds)
               ^^^^^^^^^^^^^^^^^^^^^^^^^^^^^^^^^^^^^^^^^^^^^^^^^^^^^^^^^^^^^^^^^^^^^^^^^^^^^^^^
  File "/Users/omaryoussef/Documents/GitHub/PulseTrade-AI/.venv/lib/python3.11/site-packages/requests/sessions.py", line 671, in get
    return self.request("GET", url, params=params, **kwargs)
           ^^^^^^^^^^^^^^^^^^^^^^^^^^^^^^^^^^^^^^^^^^^^^^^^^
  File "/Users/omaryoussef/Documents/GitHub/PulseTrade-AI/.venv/lib/python3.11/site-packages/requests/sessions.py", line 651, in request
    resp = self.send(prep, **send_kwargs)
           ^^^^^^^^^^^^^^^^^^^^^^^^^^^^^^
  File "/Users/omaryoussef/Documents/GitHub/PulseTrade-AI/.venv/lib/python3.11/site-packages/requests/sessions.py", line 784, in send
    r = adapter.send(request, **kwargs)
        ^^^^^^^^^^^^^^^^^^^^^^^^^^^^^^^
  File "/Users/omaryoussef/Documents/GitHub/PulseTrade-AI/.venv/lib/python3.11/site-packages/requests/adapters.py", line 742, in send
    raise ReadTimeout(e, request=request)
requests.exceptions.ReadTimeout: HTTPSConnectionPool(host='api.benzinga.com', port=443): Read timed out. (read timeout=15)

2026-06-23T03:59:05.239033+00:00 | INFO | Poll complete | seen=25 inserted=1 duplicates=24 hits=0 alerts=0
2026-06-23T03:59:36.073877+00:00 | INFO | Poll complete | seen=25 inserted=0 duplicates=25 hits=0 alerts=0
2026-06-23T04:00:06.744347+00:00 | INFO | Poll complete | seen=25 inserted=0 duplicates=25 hits=0 alerts=0
2026-06-23T04:00:37.584681+00:00 | INFO | Poll complete | seen=25 inserted=0 duplicates=25 hits=0 alerts=0
2026-06-23T04:01:08.194561+00:00 | INFO | Poll complete | seen=25 inserted=0 duplicates=25 hits=0 alerts=0
2026-06-23T04:01:38.743202+00:00 | INFO | Poll complete | seen=25 inserted=0 duplicates=25 hits=0 alerts=0
2026-06-23T04:02:09.401927+00:00 | INFO | Poll complete | seen=25 inserted=0 duplicates=25 hits=0 alerts=0
2026-06-23T04:02:40.124074+00:00 | INFO | Poll complete | seen=25 inserted=0 duplicates=25 hits=0 alerts=0
2026-06-23T04:03:10.953590+00:00 | INFO | Poll complete | seen=25 inserted=0 duplicates=25 hits=0 alerts=0
2026-06-23T04:03:41.900939+00:00 | INFO | Poll complete | seen=25 inserted=0 duplicates=25 hits=0 alerts=0
2026-06-23T04:04:12.731778+00:00 | INFO | Poll complete | seen=25 inserted=0 duplicates=25 hits=0 alerts=0
2026-06-23T04:04:43.384555+00:00 | INFO | Poll complete | seen=25 inserted=0 duplicates=25 hits=0 alerts=0
2026-06-23T04:05:14.226282+00:00 | INFO | Poll complete | seen=25 inserted=0 duplicates=25 hits=0 alerts=0
2026-06-23T04:05:44.915751+00:00 | INFO | Poll complete | seen=25 inserted=0 duplicates=25 hits=0 alerts=0
2026-06-23T04:06:16.155220+00:00 | INFO | Poll complete | seen=25 inserted=0 duplicates=25 hits=0 alerts=0
2026-06-23T04:06:47.140661+00:00 | INFO | Poll complete | seen=25 inserted=0 duplicates=25 hits=0 alerts=0
2026-06-23T04:07:17.808419+00:00 | INFO | Poll complete | seen=25 inserted=0 duplicates=25 hits=0 alerts=0
2026-06-23T04:07:48.673329+00:00 | INFO | Poll complete | seen=25 inserted=0 duplicates=25 hits=0 alerts=0
2026-06-23T04:08:19.351768+00:00 | INFO | Poll complete | seen=25 inserted=0 duplicates=25 hits=0 alerts=0
2026-06-23T04:08:50.208146+00:00 | INFO | Poll complete | seen=25 inserted=0 duplicates=25 hits=0 alerts=0
2026-06-23T04:09:20.942526+00:00 | INFO | Poll complete | seen=25 inserted=0 duplicates=25 hits=0 alerts=0
2026-06-23T04:09:51.792399+00:00 | INFO | Poll complete | seen=25 inserted=0 duplicates=25 hits=0 alerts=0
2026-06-23T04:10:22.632877+00:00 | INFO | Poll complete | seen=25 inserted=0 duplicates=25 hits=0 alerts=0
2026-06-23T04:10:53.306768+00:00 | INFO | Poll complete | seen=25 inserted=0 duplicates=25 hits=0 alerts=0
2026-06-23T04:11:24.145787+00:00 | INFO | Poll complete | seen=25 inserted=0 duplicates=25 hits=0 alerts=0
2026-06-23T04:11:54.844774+00:00 | INFO | Poll complete | seen=25 inserted=0 duplicates=25 hits=0 alerts=0
2026-06-23T04:12:25.677390+00:00 | INFO | Poll complete | seen=25 inserted=0 duplicates=25 hits=0 alerts=0
2026-06-23T04:12:56.450638+00:00 | INFO | Poll complete | seen=25 inserted=0 duplicates=25 hits=0 alerts=0
2026-06-23T04:13:27.279171+00:00 | INFO | Poll complete | seen=25 inserted=0 duplicates=25 hits=0 alerts=0
2026-06-23T04:13:57.940566+00:00 | INFO | Poll complete | seen=25 inserted=0 duplicates=25 hits=0 alerts=0
2026-06-23T04:14:28.643383+00:00 | INFO | Poll complete | seen=25 inserted=0 duplicates=25 hits=0 alerts=0
2026-06-23T04:14:59.308982+00:00 | INFO | Poll complete | seen=25 inserted=0 duplicates=25 hits=0 alerts=0
2026-06-23T04:15:30.150866+00:00 | INFO | Poll complete | seen=25 inserted=0 duplicates=25 hits=0 alerts=0
2026-06-23T04:16:00.836566+00:00 | INFO | Poll complete | seen=25 inserted=0 duplicates=25 hits=0 alerts=0
2026-06-23T04:16:31.669005+00:00 | INFO | Poll complete | seen=25 inserted=0 duplicates=25 hits=0 alerts=0
2026-06-23T04:17:02.351222+00:00 | INFO | Poll complete | seen=25 inserted=0 duplicates=25 hits=0 alerts=0
2026-06-23T04:17:33.186959+00:00 | INFO | Poll complete | seen=25 inserted=0 duplicates=25 hits=0 alerts=0
2026-06-23T04:18:03.846006+00:00 | INFO | Poll complete | seen=25 inserted=0 duplicates=25 hits=0 alerts=0
2026-06-23T04:18:34.667197+00:00 | INFO | Poll complete | seen=25 inserted=0 duplicates=25 hits=0 alerts=0
2026-06-23T04:19:05.311753+00:00 | INFO | Poll complete | seen=25 inserted=0 duplicates=25 hits=0 alerts=0
2026-06-23T04:19:36.139990+00:00 | INFO | Poll complete | seen=25 inserted=0 duplicates=25 hits=0 alerts=0
2026-06-23T04:20:06.996281+00:00 | INFO | Poll complete | seen=25 inserted=0 duplicates=25 hits=0 alerts=0
2026-06-23T04:20:37.695475+00:00 | INFO | Poll complete | seen=25 inserted=0 duplicates=25 hits=0 alerts=0
2026-06-23T04:21:08.533884+00:00 | INFO | Poll complete | seen=25 inserted=0 duplicates=25 hits=0 alerts=0
2026-06-23T04:21:39.066889+00:00 | INFO | Poll complete | seen=25 inserted=0 duplicates=25 hits=0 alerts=0
2026-06-23T04:22:09.717442+00:00 | INFO | Poll complete | seen=25 inserted=0 duplicates=25 hits=0 alerts=0
2026-06-23T04:22:40.622194+00:00 | INFO | Poll complete | seen=25 inserted=0 duplicates=25 hits=0 alerts=0
2026-06-23T04:23:11.326181+00:00 | INFO | Poll complete | seen=25 inserted=0 duplicates=25 hits=0 alerts=0
2026-06-23T04:23:42.263735+00:00 | INFO | Poll complete | seen=25 inserted=0 duplicates=25 hits=0 alerts=0
2026-06-23T04:24:12.941105+00:00 | INFO | Poll complete | seen=25 inserted=0 duplicates=25 hits=0 alerts=0
2026-06-23T04:24:43.847888+00:00 | INFO | Poll complete | seen=25 inserted=0 duplicates=25 hits=0 alerts=0
2026-06-23T04:25:14.688530+00:00 | INFO | Poll complete | seen=25 inserted=0 duplicates=25 hits=0 alerts=0
2026-06-23T04:25:45.514886+00:00 | INFO | Poll complete | seen=25 inserted=0 duplicates=25 hits=0 alerts=0
2026-06-23T04:26:16.170816+00:00 | INFO | Poll complete | seen=25 inserted=0 duplicates=25 hits=0 alerts=0
2026-06-23T04:26:46.866005+00:00 | INFO | Poll complete | seen=25 inserted=0 duplicates=25 hits=0 alerts=0
2026-06-23T04:27:17.710198+00:00 | INFO | Poll complete | seen=25 inserted=0 duplicates=25 hits=0 alerts=0
2026-06-23T04:27:48.365020+00:00 | INFO | Poll complete | seen=25 inserted=0 duplicates=25 hits=0 alerts=0
2026-06-23T04:28:19.203210+00:00 | INFO | Poll complete | seen=25 inserted=0 duplicates=25 hits=0 alerts=0
2026-06-23T04:28:49.863219+00:00 | INFO | Poll complete | seen=25 inserted=0 duplicates=25 hits=0 alerts=0
2026-06-23T04:29:21.008944+00:00 | INFO | Poll complete | seen=25 inserted=0 duplicates=25 hits=0 alerts=0
2026-06-23T04:29:51.676093+00:00 | INFO | Poll complete | seen=25 inserted=0 duplicates=25 hits=0 alerts=0
2026-06-23T04:30:22.521698+00:00 | INFO | Poll complete | seen=25 inserted=0 duplicates=25 hits=0 alerts=0
2026-06-23T04:30:53.538907+00:00 | INFO | Poll complete | seen=25 inserted=0 duplicates=25 hits=0 alerts=0
2026-06-23T04:31:24.202281+00:00 | INFO | Poll complete | seen=25 inserted=0 duplicates=25 hits=0 alerts=0
2026-06-23T04:31:54.850958+00:00 | INFO | Poll complete | seen=25 inserted=0 duplicates=25 hits=0 alerts=0
2026-06-23T04:32:25.527767+00:00 | INFO | Poll complete | seen=25 inserted=0 duplicates=25 hits=0 alerts=0
2026-06-23T04:32:56.369288+00:00 | INFO | Poll complete | seen=25 inserted=0 duplicates=25 hits=0 alerts=0
2026-06-23T04:33:27.037541+00:00 | INFO | Poll complete | seen=25 inserted=0 duplicates=25 hits=0 alerts=0
2026-06-23T04:33:57.861331+00:00 | INFO | Poll complete | seen=25 inserted=0 duplicates=25 hits=0 alerts=0
2026-06-23T04:34:28.703109+00:00 | INFO | Poll complete | seen=25 inserted=0 duplicates=25 hits=0 alerts=0
2026-06-23T04:34:59.367860+00:00 | INFO | Poll complete | seen=25 inserted=0 duplicates=25 hits=0 alerts=0
2026-06-23T04:35:30.030427+00:00 | INFO | Poll complete | seen=25 inserted=0 duplicates=25 hits=0 alerts=0

--- Starting PulseTrade AI news engine ---
2026-06-25T00:29:47.645889+00:00 | INFO | News engine started.
2026-06-25T00:29:48.233659+00:00 | INFO | Poll complete | seen=25 inserted=14 duplicates=11 hits=1 alerts=1
2026-06-25T00:30:18.366167+00:00 | INFO | Poll complete | seen=25 inserted=0 duplicates=25 hits=0 alerts=0
2026-06-25T00:30:48.496277+00:00 | INFO | Poll complete | seen=25 inserted=0 duplicates=25 hits=0 alerts=0
2026-06-25T00:31:18.641652+00:00 | INFO | Poll complete | seen=25 inserted=0 duplicates=25 hits=0 alerts=0
2026-06-25T00:31:48.751329+00:00 | INFO | Poll complete | seen=25 inserted=0 duplicates=25 hits=0 alerts=0
2026-06-25T00:32:18.864211+00:00 | INFO | Poll complete | seen=25 inserted=0 duplicates=25 hits=0 alerts=0
2026-06-25T00:32:48.971721+00:00 | INFO | Poll complete | seen=25 inserted=0 duplicates=25 hits=0 alerts=0
2026-06-25T00:33:19.092601+00:00 | INFO | Poll complete | seen=25 inserted=0 duplicates=25 hits=0 alerts=0
2026-06-25T00:33:49.211400+00:00 | INFO | Poll complete | seen=25 inserted=0 duplicates=25 hits=0 alerts=0
2026-06-25T00:34:19.349454+00:00 | INFO | Poll complete | seen=25 inserted=0 duplicates=25 hits=0 alerts=0
2026-06-25T00:34:49.480238+00:00 | INFO | Poll complete | seen=25 inserted=0 duplicates=25 hits=0 alerts=0
2026-06-25T00:35:19.615294+00:00 | INFO | Poll complete | seen=25 inserted=0 duplicates=25 hits=0 alerts=0
2026-06-25T00:35:49.774612+00:00 | INFO | Poll complete | seen=25 inserted=0 duplicates=25 hits=0 alerts=0
2026-06-25T00:36:19.912252+00:00 | INFO | Poll complete | seen=25 inserted=0 duplicates=25 hits=0 alerts=0
2026-06-25T01:30:07.468851+00:00 | ERROR | News poll failed:
Traceback (most recent call last):
  File "/Users/omaryoussef/Downloads/PULSETRADE/PulseTrade-AI/.venv/lib/python3.11/site-packages/urllib3/connectionpool.py", line 534, in _make_request
    response = conn.getresponse()
               ^^^^^^^^^^^^^^^^^^
  File "/Users/omaryoussef/Downloads/PULSETRADE/PulseTrade-AI/.venv/lib/python3.11/site-packages/urllib3/connection.py", line 571, in getresponse
    httplib_response = super().getresponse()
                       ^^^^^^^^^^^^^^^^^^^^^
  File "/Library/Frameworks/Python.framework/Versions/3.11/lib/python3.11/http/client.py", line 1395, in getresponse
    response.begin()
  File "/Library/Frameworks/Python.framework/Versions/3.11/lib/python3.11/http/client.py", line 325, in begin
    version, status, reason = self._read_status()
                              ^^^^^^^^^^^^^^^^^^^
  File "/Library/Frameworks/Python.framework/Versions/3.11/lib/python3.11/http/client.py", line 286, in _read_status
    line = str(self.fp.readline(_MAXLINE + 1), "iso-8859-1")
               ^^^^^^^^^^^^^^^^^^^^^^^^^^^^^^
  File "/Library/Frameworks/Python.framework/Versions/3.11/lib/python3.11/socket.py", line 706, in readinto
    return self._sock.recv_into(b)
           ^^^^^^^^^^^^^^^^^^^^^^^
  File "/Library/Frameworks/Python.framework/Versions/3.11/lib/python3.11/ssl.py", line 1314, in recv_into
    return self.read(nbytes, buffer)
           ^^^^^^^^^^^^^^^^^^^^^^^^^
  File "/Library/Frameworks/Python.framework/Versions/3.11/lib/python3.11/ssl.py", line 1166, in read
    return self._sslobj.read(len, buffer)
           ^^^^^^^^^^^^^^^^^^^^^^^^^^^^^^
TimeoutError: The read operation timed out

The above exception was the direct cause of the following exception:

Traceback (most recent call last):
  File "/Users/omaryoussef/Downloads/PULSETRADE/PulseTrade-AI/.venv/lib/python3.11/site-packages/requests/adapters.py", line 696, in send
    resp = conn.urlopen(
           ^^^^^^^^^^^^^
  File "/Users/omaryoussef/Downloads/PULSETRADE/PulseTrade-AI/.venv/lib/python3.11/site-packages/urllib3/connectionpool.py", line 842, in urlopen
    retries = retries.increment(
              ^^^^^^^^^^^^^^^^^^
  File "/Users/omaryoussef/Downloads/PULSETRADE/PulseTrade-AI/.venv/lib/python3.11/site-packages/urllib3/util/retry.py", line 498, in increment
    raise reraise(type(error), error, _stacktrace)
          ^^^^^^^^^^^^^^^^^^^^^^^^^^^^^^^^^^^^^^^^
  File "/Users/omaryoussef/Downloads/PULSETRADE/PulseTrade-AI/.venv/lib/python3.11/site-packages/urllib3/util/util.py", line 39, in reraise
    raise value
  File "/Users/omaryoussef/Downloads/PULSETRADE/PulseTrade-AI/.venv/lib/python3.11/site-packages/urllib3/connectionpool.py", line 788, in urlopen
    response = self._make_request(
               ^^^^^^^^^^^^^^^^^^^
  File "/Users/omaryoussef/Downloads/PULSETRADE/PulseTrade-AI/.venv/lib/python3.11/site-packages/urllib3/connectionpool.py", line 536, in _make_request
    self._raise_timeout(err=e, url=url, timeout_value=read_timeout)
  File "/Users/omaryoussef/Downloads/PULSETRADE/PulseTrade-AI/.venv/lib/python3.11/site-packages/urllib3/connectionpool.py", line 367, in _raise_timeout
    raise ReadTimeoutError(
urllib3.exceptions.ReadTimeoutError: HTTPSConnectionPool(host='api.benzinga.com', port=443): Read timed out. (read timeout=15)

During handling of the above exception, another exception occurred:

Traceback (most recent call last):
  File "/Users/omaryoussef/Downloads/PULSETRADE/PulseTrade-AI/modules/news_engine.py", line 703, in poll_once
    raw_items = self.client.fetch_news(
                ^^^^^^^^^^^^^^^^^^^^^^^
  File "/Users/omaryoussef/Downloads/PULSETRADE/PulseTrade-AI/modules/news_engine.py", line 568, in fetch_news
    response = self.session.get(BENZINGA_NEWS_URL, params=params, timeout=self.timeout_seconds)
               ^^^^^^^^^^^^^^^^^^^^^^^^^^^^^^^^^^^^^^^^^^^^^^^^^^^^^^^^^^^^^^^^^^^^^^^^^^^^^^^^
  File "/Users/omaryoussef/Downloads/PULSETRADE/PulseTrade-AI/.venv/lib/python3.11/site-packages/requests/sessions.py", line 671, in get
    return self.request("GET", url, params=params, **kwargs)
           ^^^^^^^^^^^^^^^^^^^^^^^^^^^^^^^^^^^^^^^^^^^^^^^^^
  File "/Users/omaryoussef/Downloads/PULSETRADE/PulseTrade-AI/.venv/lib/python3.11/site-packages/requests/sessions.py", line 651, in request
    resp = self.send(prep, **send_kwargs)
           ^^^^^^^^^^^^^^^^^^^^^^^^^^^^^^
  File "/Users/omaryoussef/Downloads/PULSETRADE/PulseTrade-AI/.venv/lib/python3.11/site-packages/requests/sessions.py", line 784, in send
    r = adapter.send(request, **kwargs)
        ^^^^^^^^^^^^^^^^^^^^^^^^^^^^^^^
  File "/Users/omaryoussef/Downloads/PULSETRADE/PulseTrade-AI/.venv/lib/python3.11/site-packages/requests/adapters.py", line 742, in send
    raise ReadTimeout(e, request=request)
requests.exceptions.ReadTimeout: HTTPSConnectionPool(host='api.benzinga.com', port=443): Read timed out. (read timeout=15)

2026-06-25T01:48:24.550750+00:00 | INFO | Poll complete | seen=25 inserted=0 duplicates=25 hits=0 alerts=0
2026-06-25T02:20:11.954207+00:00 | ERROR | News poll failed:
Traceback (most recent call last):
  File "/Users/omaryoussef/Downloads/PULSETRADE/PulseTrade-AI/.venv/lib/python3.11/site-packages/urllib3/connectionpool.py", line 534, in _make_request
    response = conn.getresponse()
               ^^^^^^^^^^^^^^^^^^
  File "/Users/omaryoussef/Downloads/PULSETRADE/PulseTrade-AI/.venv/lib/python3.11/site-packages/urllib3/connection.py", line 571, in getresponse
    httplib_response = super().getresponse()
                       ^^^^^^^^^^^^^^^^^^^^^
  File "/Library/Frameworks/Python.framework/Versions/3.11/lib/python3.11/http/client.py", line 1395, in getresponse
    response.begin()
  File "/Library/Frameworks/Python.framework/Versions/3.11/lib/python3.11/http/client.py", line 325, in begin
    version, status, reason = self._read_status()
                              ^^^^^^^^^^^^^^^^^^^
  File "/Library/Frameworks/Python.framework/Versions/3.11/lib/python3.11/http/client.py", line 286, in _read_status
    line = str(self.fp.readline(_MAXLINE + 1), "iso-8859-1")
               ^^^^^^^^^^^^^^^^^^^^^^^^^^^^^^
  File "/Library/Frameworks/Python.framework/Versions/3.11/lib/python3.11/socket.py", line 706, in readinto
    return self._sock.recv_into(b)
           ^^^^^^^^^^^^^^^^^^^^^^^
  File "/Library/Frameworks/Python.framework/Versions/3.11/lib/python3.11/ssl.py", line 1314, in recv_into
    return self.read(nbytes, buffer)
           ^^^^^^^^^^^^^^^^^^^^^^^^^
  File "/Library/Frameworks/Python.framework/Versions/3.11/lib/python3.11/ssl.py", line 1166, in read
    return self._sslobj.read(len, buffer)
           ^^^^^^^^^^^^^^^^^^^^^^^^^^^^^^
TimeoutError: The read operation timed out

The above exception was the direct cause of the following exception:

Traceback (most recent call last):
  File "/Users/omaryoussef/Downloads/PULSETRADE/PulseTrade-AI/.venv/lib/python3.11/site-packages/requests/adapters.py", line 696, in send
    resp = conn.urlopen(
           ^^^^^^^^^^^^^
  File "/Users/omaryoussef/Downloads/PULSETRADE/PulseTrade-AI/.venv/lib/python3.11/site-packages/urllib3/connectionpool.py", line 842, in urlopen
    retries = retries.increment(
              ^^^^^^^^^^^^^^^^^^
  File "/Users/omaryoussef/Downloads/PULSETRADE/PulseTrade-AI/.venv/lib/python3.11/site-packages/urllib3/util/retry.py", line 498, in increment
    raise reraise(type(error), error, _stacktrace)
          ^^^^^^^^^^^^^^^^^^^^^^^^^^^^^^^^^^^^^^^^
  File "/Users/omaryoussef/Downloads/PULSETRADE/PulseTrade-AI/.venv/lib/python3.11/site-packages/urllib3/util/util.py", line 39, in reraise
    raise value
  File "/Users/omaryoussef/Downloads/PULSETRADE/PulseTrade-AI/.venv/lib/python3.11/site-packages/urllib3/connectionpool.py", line 788, in urlopen
    response = self._make_request(
               ^^^^^^^^^^^^^^^^^^^
  File "/Users/omaryoussef/Downloads/PULSETRADE/PulseTrade-AI/.venv/lib/python3.11/site-packages/urllib3/connectionpool.py", line 536, in _make_request
    self._raise_timeout(err=e, url=url, timeout_value=read_timeout)
  File "/Users/omaryoussef/Downloads/PULSETRADE/PulseTrade-AI/.venv/lib/python3.11/site-packages/urllib3/connectionpool.py", line 367, in _raise_timeout
    raise ReadTimeoutError(
urllib3.exceptions.ReadTimeoutError: HTTPSConnectionPool(host='api.benzinga.com', port=443): Read timed out. (read timeout=15)

During handling of the above exception, another exception occurred:

Traceback (most recent call last):
  File "/Users/omaryoussef/Downloads/PULSETRADE/PulseTrade-AI/modules/news_engine.py", line 703, in poll_once
    raw_items = self.client.fetch_news(
                ^^^^^^^^^^^^^^^^^^^^^^^
  File "/Users/omaryoussef/Downloads/PULSETRADE/PulseTrade-AI/modules/news_engine.py", line 568, in fetch_news
    response = self.session.get(BENZINGA_NEWS_URL, params=params, timeout=self.timeout_seconds)
               ^^^^^^^^^^^^^^^^^^^^^^^^^^^^^^^^^^^^^^^^^^^^^^^^^^^^^^^^^^^^^^^^^^^^^^^^^^^^^^^^
  File "/Users/omaryoussef/Downloads/PULSETRADE/PulseTrade-AI/.venv/lib/python3.11/site-packages/requests/sessions.py", line 671, in get
    return self.request("GET", url, params=params, **kwargs)
           ^^^^^^^^^^^^^^^^^^^^^^^^^^^^^^^^^^^^^^^^^^^^^^^^^
  File "/Users/omaryoussef/Downloads/PULSETRADE/PulseTrade-AI/.venv/lib/python3.11/site-packages/requests/sessions.py", line 651, in request
    resp = self.send(prep, **send_kwargs)
           ^^^^^^^^^^^^^^^^^^^^^^^^^^^^^^
  File "/Users/omaryoussef/Downloads/PULSETRADE/PulseTrade-AI/.venv/lib/python3.11/site-packages/requests/sessions.py", line 784, in send
    r = adapter.send(request, **kwargs)
        ^^^^^^^^^^^^^^^^^^^^^^^^^^^^^^^
  File "/Users/omaryoussef/Downloads/PULSETRADE/PulseTrade-AI/.venv/lib/python3.11/site-packages/requests/adapters.py", line 742, in send
    raise ReadTimeout(e, request=request)
requests.exceptions.ReadTimeout: HTTPSConnectionPool(host='api.benzinga.com', port=443): Read timed out. (read timeout=15)

2026-06-25T02:37:26.405873+00:00 | INFO | Poll complete | seen=25 inserted=0 duplicates=25 hits=0 alerts=0
2026-06-25T02:37:56.927879+00:00 | INFO | Poll complete | seen=25 inserted=0 duplicates=25 hits=0 alerts=0
2026-06-25T03:07:10.789373+00:00 | ERROR | News poll failed:
Traceback (most recent call last):
  File "/Users/omaryoussef/Downloads/PULSETRADE/PulseTrade-AI/.venv/lib/python3.11/site-packages/urllib3/connectionpool.py", line 534, in _make_request
    response = conn.getresponse()
               ^^^^^^^^^^^^^^^^^^
  File "/Users/omaryoussef/Downloads/PULSETRADE/PulseTrade-AI/.venv/lib/python3.11/site-packages/urllib3/connection.py", line 571, in getresponse
    httplib_response = super().getresponse()
                       ^^^^^^^^^^^^^^^^^^^^^
  File "/Library/Frameworks/Python.framework/Versions/3.11/lib/python3.11/http/client.py", line 1395, in getresponse
    response.begin()
  File "/Library/Frameworks/Python.framework/Versions/3.11/lib/python3.11/http/client.py", line 325, in begin
    version, status, reason = self._read_status()
                              ^^^^^^^^^^^^^^^^^^^
  File "/Library/Frameworks/Python.framework/Versions/3.11/lib/python3.11/http/client.py", line 286, in _read_status
    line = str(self.fp.readline(_MAXLINE + 1), "iso-8859-1")
               ^^^^^^^^^^^^^^^^^^^^^^^^^^^^^^
  File "/Library/Frameworks/Python.framework/Versions/3.11/lib/python3.11/socket.py", line 706, in readinto
    return self._sock.recv_into(b)
           ^^^^^^^^^^^^^^^^^^^^^^^
  File "/Library/Frameworks/Python.framework/Versions/3.11/lib/python3.11/ssl.py", line 1314, in recv_into
    return self.read(nbytes, buffer)
           ^^^^^^^^^^^^^^^^^^^^^^^^^
  File "/Library/Frameworks/Python.framework/Versions/3.11/lib/python3.11/ssl.py", line 1166, in read
    return self._sslobj.read(len, buffer)
           ^^^^^^^^^^^^^^^^^^^^^^^^^^^^^^
TimeoutError: The read operation timed out

The above exception was the direct cause of the following exception:

Traceback (most recent call last):
  File "/Users/omaryoussef/Downloads/PULSETRADE/PulseTrade-AI/.venv/lib/python3.11/site-packages/requests/adapters.py", line 696, in send
    resp = conn.urlopen(
           ^^^^^^^^^^^^^
  File "/Users/omaryoussef/Downloads/PULSETRADE/PulseTrade-AI/.venv/lib/python3.11/site-packages/urllib3/connectionpool.py", line 842, in urlopen
    retries = retries.increment(
              ^^^^^^^^^^^^^^^^^^
  File "/Users/omaryoussef/Downloads/PULSETRADE/PulseTrade-AI/.venv/lib/python3.11/site-packages/urllib3/util/retry.py", line 498, in increment
    raise reraise(type(error), error, _stacktrace)
          ^^^^^^^^^^^^^^^^^^^^^^^^^^^^^^^^^^^^^^^^
  File "/Users/omaryoussef/Downloads/PULSETRADE/PulseTrade-AI/.venv/lib/python3.11/site-packages/urllib3/util/util.py", line 39, in reraise
    raise value
  File "/Users/omaryoussef/Downloads/PULSETRADE/PulseTrade-AI/.venv/lib/python3.11/site-packages/urllib3/connectionpool.py", line 788, in urlopen
    response = self._make_request(
               ^^^^^^^^^^^^^^^^^^^
  File "/Users/omaryoussef/Downloads/PULSETRADE/PulseTrade-AI/.venv/lib/python3.11/site-packages/urllib3/connectionpool.py", line 536, in _make_request
    self._raise_timeout(err=e, url=url, timeout_value=read_timeout)
  File "/Users/omaryoussef/Downloads/PULSETRADE/PulseTrade-AI/.venv/lib/python3.11/site-packages/urllib3/connectionpool.py", line 367, in _raise_timeout
    raise ReadTimeoutError(
urllib3.exceptions.ReadTimeoutError: HTTPSConnectionPool(host='api.benzinga.com', port=443): Read timed out. (read timeout=15)

During handling of the above exception, another exception occurred:

Traceback (most recent call last):
  File "/Users/omaryoussef/Downloads/PULSETRADE/PulseTrade-AI/modules/news_engine.py", line 703, in poll_once
    raw_items = self.client.fetch_news(
                ^^^^^^^^^^^^^^^^^^^^^^^
  File "/Users/omaryoussef/Downloads/PULSETRADE/PulseTrade-AI/modules/news_engine.py", line 568, in fetch_news
    response = self.session.get(BENZINGA_NEWS_URL, params=params, timeout=self.timeout_seconds)
               ^^^^^^^^^^^^^^^^^^^^^^^^^^^^^^^^^^^^^^^^^^^^^^^^^^^^^^^^^^^^^^^^^^^^^^^^^^^^^^^^
  File "/Users/omaryoussef/Downloads/PULSETRADE/PulseTrade-AI/.venv/lib/python3.11/site-packages/requests/sessions.py", line 671, in get
    return self.request("GET", url, params=params, **kwargs)
           ^^^^^^^^^^^^^^^^^^^^^^^^^^^^^^^^^^^^^^^^^^^^^^^^^
  File "/Users/omaryoussef/Downloads/PULSETRADE/PulseTrade-AI/.venv/lib/python3.11/site-packages/requests/sessions.py", line 651, in request
    resp = self.send(prep, **send_kwargs)
           ^^^^^^^^^^^^^^^^^^^^^^^^^^^^^^
  File "/Users/omaryoussef/Downloads/PULSETRADE/PulseTrade-AI/.venv/lib/python3.11/site-packages/requests/sessions.py", line 784, in send
    r = adapter.send(request, **kwargs)
        ^^^^^^^^^^^^^^^^^^^^^^^^^^^^^^^
  File "/Users/omaryoussef/Downloads/PULSETRADE/PulseTrade-AI/.venv/lib/python3.11/site-packages/requests/adapters.py", line 742, in send
    raise ReadTimeout(e, request=request)
requests.exceptions.ReadTimeout: HTTPSConnectionPool(host='api.benzinga.com', port=443): Read timed out. (read timeout=15)

2026-06-25T03:08:04.387471+00:00 | INFO | Poll complete | seen=25 inserted=0 duplicates=25 hits=0 alerts=0
2026-06-25T03:08:48.512412+00:00 | INFO | Poll complete | seen=25 inserted=0 duplicates=25 hits=0 alerts=0
2026-06-25T03:09:18.650227+00:00 | INFO | Poll complete | seen=25 inserted=0 duplicates=25 hits=0 alerts=0
2026-06-25T03:38:39.372208+00:00 | ERROR | News poll failed:
Traceback (most recent call last):
  File "/Users/omaryoussef/Downloads/PULSETRADE/PulseTrade-AI/.venv/lib/python3.11/site-packages/urllib3/connectionpool.py", line 534, in _make_request
    response = conn.getresponse()
               ^^^^^^^^^^^^^^^^^^
  File "/Users/omaryoussef/Downloads/PULSETRADE/PulseTrade-AI/.venv/lib/python3.11/site-packages/urllib3/connection.py", line 571, in getresponse
    httplib_response = super().getresponse()
                       ^^^^^^^^^^^^^^^^^^^^^
  File "/Library/Frameworks/Python.framework/Versions/3.11/lib/python3.11/http/client.py", line 1395, in getresponse
    response.begin()
  File "/Library/Frameworks/Python.framework/Versions/3.11/lib/python3.11/http/client.py", line 325, in begin
    version, status, reason = self._read_status()
                              ^^^^^^^^^^^^^^^^^^^
  File "/Library/Frameworks/Python.framework/Versions/3.11/lib/python3.11/http/client.py", line 286, in _read_status
    line = str(self.fp.readline(_MAXLINE + 1), "iso-8859-1")
               ^^^^^^^^^^^^^^^^^^^^^^^^^^^^^^
  File "/Library/Frameworks/Python.framework/Versions/3.11/lib/python3.11/socket.py", line 706, in readinto
    return self._sock.recv_into(b)
           ^^^^^^^^^^^^^^^^^^^^^^^
  File "/Library/Frameworks/Python.framework/Versions/3.11/lib/python3.11/ssl.py", line 1314, in recv_into
    return self.read(nbytes, buffer)
           ^^^^^^^^^^^^^^^^^^^^^^^^^
  File "/Library/Frameworks/Python.framework/Versions/3.11/lib/python3.11/ssl.py", line 1166, in read
    return self._sslobj.read(len, buffer)
           ^^^^^^^^^^^^^^^^^^^^^^^^^^^^^^
TimeoutError: The read operation timed out

The above exception was the direct cause of the following exception:

Traceback (most recent call last):
  File "/Users/omaryoussef/Downloads/PULSETRADE/PulseTrade-AI/.venv/lib/python3.11/site-packages/requests/adapters.py", line 696, in send
    resp = conn.urlopen(
           ^^^^^^^^^^^^^
  File "/Users/omaryoussef/Downloads/PULSETRADE/PulseTrade-AI/.venv/lib/python3.11/site-packages/urllib3/connectionpool.py", line 842, in urlopen
    retries = retries.increment(
              ^^^^^^^^^^^^^^^^^^
  File "/Users/omaryoussef/Downloads/PULSETRADE/PulseTrade-AI/.venv/lib/python3.11/site-packages/urllib3/util/retry.py", line 498, in increment
    raise reraise(type(error), error, _stacktrace)
          ^^^^^^^^^^^^^^^^^^^^^^^^^^^^^^^^^^^^^^^^
  File "/Users/omaryoussef/Downloads/PULSETRADE/PulseTrade-AI/.venv/lib/python3.11/site-packages/urllib3/util/util.py", line 39, in reraise
    raise value
  File "/Users/omaryoussef/Downloads/PULSETRADE/PulseTrade-AI/.venv/lib/python3.11/site-packages/urllib3/connectionpool.py", line 788, in urlopen
    response = self._make_request(
               ^^^^^^^^^^^^^^^^^^^
  File "/Users/omaryoussef/Downloads/PULSETRADE/PulseTrade-AI/.venv/lib/python3.11/site-packages/urllib3/connectionpool.py", line 536, in _make_request
    self._raise_timeout(err=e, url=url, timeout_value=read_timeout)
  File "/Users/omaryoussef/Downloads/PULSETRADE/PulseTrade-AI/.venv/lib/python3.11/site-packages/urllib3/connectionpool.py", line 367, in _raise_timeout
    raise ReadTimeoutError(
urllib3.exceptions.ReadTimeoutError: HTTPSConnectionPool(host='api.benzinga.com', port=443): Read timed out. (read timeout=15)

During handling of the above exception, another exception occurred:

Traceback (most recent call last):
  File "/Users/omaryoussef/Downloads/PULSETRADE/PulseTrade-AI/modules/news_engine.py", line 703, in poll_once
    raw_items = self.client.fetch_news(
                ^^^^^^^^^^^^^^^^^^^^^^^
  File "/Users/omaryoussef/Downloads/PULSETRADE/PulseTrade-AI/modules/news_engine.py", line 568, in fetch_news
    response = self.session.get(BENZINGA_NEWS_URL, params=params, timeout=self.timeout_seconds)
               ^^^^^^^^^^^^^^^^^^^^^^^^^^^^^^^^^^^^^^^^^^^^^^^^^^^^^^^^^^^^^^^^^^^^^^^^^^^^^^^^
  File "/Users/omaryoussef/Downloads/PULSETRADE/PulseTrade-AI/.venv/lib/python3.11/site-packages/requests/sessions.py", line 671, in get
    return self.request("GET", url, params=params, **kwargs)
           ^^^^^^^^^^^^^^^^^^^^^^^^^^^^^^^^^^^^^^^^^^^^^^^^^
  File "/Users/omaryoussef/Downloads/PULSETRADE/PulseTrade-AI/.venv/lib/python3.11/site-packages/requests/sessions.py", line 651, in request
    resp = self.send(prep, **send_kwargs)
           ^^^^^^^^^^^^^^^^^^^^^^^^^^^^^^
  File "/Users/omaryoussef/Downloads/PULSETRADE/PulseTrade-AI/.venv/lib/python3.11/site-packages/requests/sessions.py", line 784, in send
    r = adapter.send(request, **kwargs)
        ^^^^^^^^^^^^^^^^^^^^^^^^^^^^^^^
  File "/Users/omaryoussef/Downloads/PULSETRADE/PulseTrade-AI/.venv/lib/python3.11/site-packages/requests/adapters.py", line 742, in send
    raise ReadTimeout(e, request=request)
requests.exceptions.ReadTimeout: HTTPSConnectionPool(host='api.benzinga.com', port=443): Read timed out. (read timeout=15)

2026-06-25T04:12:06.407994+00:00 | INFO | Poll complete | seen=25 inserted=0 duplicates=25 hits=0 alerts=0
2026-06-25T04:38:38.431501+00:00 | ERROR | News poll failed:
Traceback (most recent call last):
  File "/Users/omaryoussef/Downloads/PULSETRADE/PulseTrade-AI/.venv/lib/python3.11/site-packages/urllib3/connectionpool.py", line 534, in _make_request
    response = conn.getresponse()
               ^^^^^^^^^^^^^^^^^^
  File "/Users/omaryoussef/Downloads/PULSETRADE/PulseTrade-AI/.venv/lib/python3.11/site-packages/urllib3/connection.py", line 571, in getresponse
    httplib_response = super().getresponse()
                       ^^^^^^^^^^^^^^^^^^^^^
  File "/Library/Frameworks/Python.framework/Versions/3.11/lib/python3.11/http/client.py", line 1395, in getresponse
    response.begin()
  File "/Library/Frameworks/Python.framework/Versions/3.11/lib/python3.11/http/client.py", line 325, in begin
    version, status, reason = self._read_status()
                              ^^^^^^^^^^^^^^^^^^^
  File "/Library/Frameworks/Python.framework/Versions/3.11/lib/python3.11/http/client.py", line 286, in _read_status
    line = str(self.fp.readline(_MAXLINE + 1), "iso-8859-1")
               ^^^^^^^^^^^^^^^^^^^^^^^^^^^^^^
  File "/Library/Frameworks/Python.framework/Versions/3.11/lib/python3.11/socket.py", line 706, in readinto
    return self._sock.recv_into(b)
           ^^^^^^^^^^^^^^^^^^^^^^^
  File "/Library/Frameworks/Python.framework/Versions/3.11/lib/python3.11/ssl.py", line 1314, in recv_into
    return self.read(nbytes, buffer)
           ^^^^^^^^^^^^^^^^^^^^^^^^^
  File "/Library/Frameworks/Python.framework/Versions/3.11/lib/python3.11/ssl.py", line 1166, in read
    return self._sslobj.read(len, buffer)
           ^^^^^^^^^^^^^^^^^^^^^^^^^^^^^^
TimeoutError: The read operation timed out

The above exception was the direct cause of the following exception:

Traceback (most recent call last):
  File "/Users/omaryoussef/Downloads/PULSETRADE/PulseTrade-AI/.venv/lib/python3.11/site-packages/requests/adapters.py", line 696, in send
    resp = conn.urlopen(
           ^^^^^^^^^^^^^
  File "/Users/omaryoussef/Downloads/PULSETRADE/PulseTrade-AI/.venv/lib/python3.11/site-packages/urllib3/connectionpool.py", line 842, in urlopen
    retries = retries.increment(
              ^^^^^^^^^^^^^^^^^^
  File "/Users/omaryoussef/Downloads/PULSETRADE/PulseTrade-AI/.venv/lib/python3.11/site-packages/urllib3/util/retry.py", line 498, in increment
    raise reraise(type(error), error, _stacktrace)
          ^^^^^^^^^^^^^^^^^^^^^^^^^^^^^^^^^^^^^^^^
  File "/Users/omaryoussef/Downloads/PULSETRADE/PulseTrade-AI/.venv/lib/python3.11/site-packages/urllib3/util/util.py", line 39, in reraise
    raise value
  File "/Users/omaryoussef/Downloads/PULSETRADE/PulseTrade-AI/.venv/lib/python3.11/site-packages/urllib3/connectionpool.py", line 788, in urlopen
    response = self._make_request(
               ^^^^^^^^^^^^^^^^^^^
  File "/Users/omaryoussef/Downloads/PULSETRADE/PulseTrade-AI/.venv/lib/python3.11/site-packages/urllib3/connectionpool.py", line 536, in _make_request
    self._raise_timeout(err=e, url=url, timeout_value=read_timeout)
  File "/Users/omaryoussef/Downloads/PULSETRADE/PulseTrade-AI/.venv/lib/python3.11/site-packages/urllib3/connectionpool.py", line 367, in _raise_timeout
    raise ReadTimeoutError(
urllib3.exceptions.ReadTimeoutError: HTTPSConnectionPool(host='api.benzinga.com', port=443): Read timed out. (read timeout=15)

During handling of the above exception, another exception occurred:

Traceback (most recent call last):
  File "/Users/omaryoussef/Downloads/PULSETRADE/PulseTrade-AI/modules/news_engine.py", line 703, in poll_once
    raw_items = self.client.fetch_news(
                ^^^^^^^^^^^^^^^^^^^^^^^
  File "/Users/omaryoussef/Downloads/PULSETRADE/PulseTrade-AI/modules/news_engine.py", line 568, in fetch_news
    response = self.session.get(BENZINGA_NEWS_URL, params=params, timeout=self.timeout_seconds)
               ^^^^^^^^^^^^^^^^^^^^^^^^^^^^^^^^^^^^^^^^^^^^^^^^^^^^^^^^^^^^^^^^^^^^^^^^^^^^^^^^
  File "/Users/omaryoussef/Downloads/PULSETRADE/PulseTrade-AI/.venv/lib/python3.11/site-packages/requests/sessions.py", line 671, in get
    return self.request("GET", url, params=params, **kwargs)
           ^^^^^^^^^^^^^^^^^^^^^^^^^^^^^^^^^^^^^^^^^^^^^^^^^
  File "/Users/omaryoussef/Downloads/PULSETRADE/PulseTrade-AI/.venv/lib/python3.11/site-packages/requests/sessions.py", line 651, in request
    resp = self.send(prep, **send_kwargs)
           ^^^^^^^^^^^^^^^^^^^^^^^^^^^^^^
  File "/Users/omaryoussef/Downloads/PULSETRADE/PulseTrade-AI/.venv/lib/python3.11/site-packages/requests/sessions.py", line 784, in send
    r = adapter.send(request, **kwargs)
        ^^^^^^^^^^^^^^^^^^^^^^^^^^^^^^^
  File "/Users/omaryoussef/Downloads/PULSETRADE/PulseTrade-AI/.venv/lib/python3.11/site-packages/requests/adapters.py", line 742, in send
    raise ReadTimeout(e, request=request)
requests.exceptions.ReadTimeout: HTTPSConnectionPool(host='api.benzinga.com', port=443): Read timed out. (read timeout=15)

2026-06-25T04:39:09.157239+00:00 | INFO | Poll complete | seen=25 inserted=0 duplicates=25 hits=0 alerts=0
2026-06-25T04:39:39.787255+00:00 | INFO | Poll complete | seen=25 inserted=0 duplicates=25 hits=0 alerts=0
2026-06-25T04:40:10.402693+00:00 | INFO | Poll complete | seen=25 inserted=0 duplicates=25 hits=0 alerts=0
2026-06-25T04:40:40.867591+00:00 | INFO | Poll complete | seen=25 inserted=0 duplicates=25 hits=0 alerts=0
2026-06-25T04:41:11.328046+00:00 | INFO | Poll complete | seen=25 inserted=0 duplicates=25 hits=0 alerts=0
2026-06-25T04:41:41.965205+00:00 | INFO | Poll complete | seen=25 inserted=0 duplicates=25 hits=0 alerts=0
2026-06-25T04:42:12.781601+00:00 | INFO | Poll complete | seen=25 inserted=0 duplicates=25 hits=0 alerts=0
2026-06-25T04:42:43.270154+00:00 | INFO | Poll complete | seen=25 inserted=0 duplicates=25 hits=0 alerts=0
2026-06-25T04:43:13.703955+00:00 | INFO | Poll complete | seen=25 inserted=0 duplicates=25 hits=0 alerts=0
2026-06-25T04:43:44.140596+00:00 | INFO | Poll complete | seen=25 inserted=0 duplicates=25 hits=0 alerts=0
2026-06-25T04:44:14.592497+00:00 | INFO | Poll complete | seen=25 inserted=0 duplicates=25 hits=0 alerts=0
2026-06-25T04:44:45.187612+00:00 | INFO | Poll complete | seen=25 inserted=0 duplicates=25 hits=0 alerts=0
2026-06-25T04:45:15.790574+00:00 | INFO | Poll complete | seen=25 inserted=0 duplicates=25 hits=0 alerts=0
2026-06-25T04:45:46.232825+00:00 | INFO | Poll complete | seen=25 inserted=0 duplicates=25 hits=0 alerts=0
2026-06-25T04:46:17.011867+00:00 | INFO | Poll complete | seen=25 inserted=0 duplicates=25 hits=0 alerts=0
2026-06-25T04:46:47.458241+00:00 | INFO | Poll complete | seen=25 inserted=0 duplicates=25 hits=0 alerts=0
2026-06-25T04:47:17.944366+00:00 | INFO | Poll complete | seen=25 inserted=0 duplicates=25 hits=0 alerts=0
2026-06-25T04:47:48.383877+00:00 | INFO | Poll complete | seen=25 inserted=0 duplicates=25 hits=0 alerts=0
2026-06-25T04:48:18.835947+00:00 | INFO | Poll complete | seen=25 inserted=0 duplicates=25 hits=0 alerts=0
2026-06-25T04:48:49.280255+00:00 | INFO | Poll complete | seen=25 inserted=0 duplicates=25 hits=0 alerts=0
2026-06-25T04:49:19.732930+00:00 | INFO | Poll complete | seen=25 inserted=0 duplicates=25 hits=0 alerts=0
2026-06-25T04:49:50.350862+00:00 | INFO | Poll complete | seen=25 inserted=0 duplicates=25 hits=0 alerts=0
2026-06-25T04:50:20.813774+00:00 | INFO | Poll complete | seen=25 inserted=0 duplicates=25 hits=0 alerts=0
2026-06-25T04:50:51.425015+00:00 | INFO | Poll complete | seen=25 inserted=0 duplicates=25 hits=0 alerts=0
2026-06-25T04:51:21.886883+00:00 | INFO | Poll complete | seen=25 inserted=0 duplicates=25 hits=0 alerts=0
2026-06-25T04:51:52.733158+00:00 | INFO | Poll complete | seen=25 inserted=0 duplicates=25 hits=0 alerts=0
2026-06-25T04:52:23.562587+00:00 | INFO | Poll complete | seen=25 inserted=0 duplicates=25 hits=0 alerts=0
2026-06-25T04:52:53.716859+00:00 | INFO | Poll complete | seen=25 inserted=0 duplicates=25 hits=0 alerts=0
2026-06-25T04:53:24.307583+00:00 | INFO | Poll complete | seen=25 inserted=0 duplicates=25 hits=0 alerts=0
2026-06-25T04:53:54.476438+00:00 | INFO | Poll complete | seen=25 inserted=0 duplicates=25 hits=0 alerts=0
2026-06-25T04:54:24.985196+00:00 | INFO | Poll complete | seen=25 inserted=0 duplicates=25 hits=0 alerts=0
2026-06-25T04:54:55.427399+00:00 | INFO | Poll complete | seen=25 inserted=0 duplicates=25 hits=0 alerts=0
2026-06-25T04:55:25.879238+00:00 | INFO | Poll complete | seen=25 inserted=0 duplicates=25 hits=0 alerts=0
2026-06-25T04:55:56.749803+00:00 | INFO | Poll complete | seen=25 inserted=0 duplicates=25 hits=0 alerts=0
2026-06-25T04:56:27.385028+00:00 | INFO | Poll complete | seen=25 inserted=0 duplicates=25 hits=0 alerts=0
2026-06-25T04:56:58.005971+00:00 | INFO | Poll complete | seen=25 inserted=0 duplicates=25 hits=0 alerts=0
2026-06-25T04:57:28.349516+00:00 | INFO | Poll complete | seen=25 inserted=0 duplicates=25 hits=0 alerts=0
2026-06-25T04:57:58.802504+00:00 | INFO | Poll complete | seen=25 inserted=0 duplicates=25 hits=0 alerts=0
2026-06-25T04:58:29.258476+00:00 | INFO | Poll complete | seen=25 inserted=0 duplicates=25 hits=0 alerts=0
2026-06-25T04:58:59.878716+00:00 | INFO | Poll complete | seen=25 inserted=0 duplicates=25 hits=0 alerts=0
2026-06-25T04:59:30.620322+00:00 | INFO | Poll complete | seen=25 inserted=0 duplicates=25 hits=0 alerts=0
2026-06-25T05:00:01.246032+00:00 | INFO | Poll complete | seen=25 inserted=0 duplicates=25 hits=0 alerts=0
2026-06-25T05:00:31.691076+00:00 | INFO | Poll complete | seen=25 inserted=0 duplicates=25 hits=0 alerts=0
2026-06-25T05:01:02.313336+00:00 | INFO | Poll complete | seen=25 inserted=0 duplicates=25 hits=0 alerts=0
2026-06-25T05:01:32.943539+00:00 | INFO | Poll complete | seen=25 inserted=0 duplicates=25 hits=0 alerts=0
2026-06-25T05:02:03.655219+00:00 | INFO | Poll complete | seen=25 inserted=0 duplicates=25 hits=0 alerts=0
2026-06-25T05:02:34.129097+00:00 | INFO | Poll complete | seen=25 inserted=1 duplicates=24 hits=0 alerts=0
2026-06-25T05:03:04.766200+00:00 | INFO | Poll complete | seen=25 inserted=0 duplicates=25 hits=0 alerts=0
2026-06-25T05:03:35.209837+00:00 | INFO | Poll complete | seen=25 inserted=0 duplicates=25 hits=0 alerts=0
2026-06-25T05:04:05.658675+00:00 | INFO | Poll complete | seen=25 inserted=0 duplicates=25 hits=0 alerts=0
2026-06-25T05:04:36.124854+00:00 | INFO | Poll complete | seen=25 inserted=0 duplicates=25 hits=0 alerts=0
2026-06-25T05:05:06.773916+00:00 | INFO | Poll complete | seen=25 inserted=0 duplicates=25 hits=0 alerts=0
2026-06-25T05:05:37.412694+00:00 | INFO | Poll complete | seen=25 inserted=0 duplicates=25 hits=0 alerts=0
2026-06-25T05:06:08.038119+00:00 | INFO | Poll complete | seen=25 inserted=0 duplicates=25 hits=0 alerts=0
2026-06-25T05:06:38.494812+00:00 | INFO | Poll complete | seen=25 inserted=0 duplicates=25 hits=0 alerts=0
2026-06-25T05:07:09.231640+00:00 | INFO | Poll complete | seen=25 inserted=0 duplicates=25 hits=0 alerts=0
2026-06-25T05:07:39.776091+00:00 | INFO | Poll complete | seen=25 inserted=0 duplicates=25 hits=0 alerts=0
2026-06-25T05:08:10.276848+00:00 | INFO | Poll complete | seen=25 inserted=0 duplicates=25 hits=0 alerts=0
2026-06-25T05:08:40.831695+00:00 | INFO | Poll complete | seen=25 inserted=0 duplicates=25 hits=0 alerts=0
2026-06-25T05:09:11.462170+00:00 | INFO | Poll complete | seen=25 inserted=0 duplicates=25 hits=0 alerts=0
2026-06-25T05:09:42.139872+00:00 | INFO | Poll complete | seen=25 inserted=0 duplicates=25 hits=0 alerts=0
2026-06-25T05:10:12.735743+00:00 | INFO | Poll complete | seen=25 inserted=0 duplicates=25 hits=0 alerts=0
2026-06-25T05:10:43.182531+00:00 | INFO | Poll complete | seen=25 inserted=0 duplicates=25 hits=0 alerts=0
2026-06-25T05:11:13.613721+00:00 | INFO | Poll complete | seen=25 inserted=0 duplicates=25 hits=0 alerts=0
2026-06-25T05:11:44.263475+00:00 | INFO | Poll complete | seen=25 inserted=0 duplicates=25 hits=0 alerts=0
2026-06-25T05:12:14.702796+00:00 | INFO | Poll complete | seen=25 inserted=0 duplicates=25 hits=0 alerts=0
2026-06-25T05:12:45.349374+00:00 | INFO | Poll complete | seen=25 inserted=0 duplicates=25 hits=0 alerts=0
2026-06-25T05:13:16.038236+00:00 | INFO | Poll complete | seen=25 inserted=0 duplicates=25 hits=0 alerts=0
2026-06-25T05:13:46.529483+00:00 | INFO | Poll complete | seen=25 inserted=0 duplicates=25 hits=0 alerts=0
2026-06-25T05:14:16.952629+00:00 | INFO | Poll complete | seen=25 inserted=0 duplicates=25 hits=0 alerts=0
2026-06-25T05:14:47.460398+00:00 | INFO | Poll complete | seen=25 inserted=0 duplicates=25 hits=0 alerts=0
2026-06-25T05:15:18.105945+00:00 | INFO | Poll complete | seen=25 inserted=0 duplicates=25 hits=0 alerts=0
2026-06-25T05:15:48.542549+00:00 | INFO | Poll complete | seen=25 inserted=0 duplicates=25 hits=0 alerts=0
2026-06-25T05:16:18.993906+00:00 | INFO | Poll complete | seen=25 inserted=0 duplicates=25 hits=0 alerts=0
2026-06-25T05:16:49.633202+00:00 | INFO | Poll complete | seen=25 inserted=0 duplicates=25 hits=0 alerts=0
2026-06-25T05:17:20.109677+00:00 | INFO | Poll complete | seen=25 inserted=0 duplicates=25 hits=0 alerts=0
2026-06-25T05:17:50.563661+00:00 | INFO | Poll complete | seen=25 inserted=0 duplicates=25 hits=0 alerts=0
2026-06-25T05:18:21.100286+00:00 | INFO | Poll complete | seen=25 inserted=0 duplicates=25 hits=0 alerts=0
2026-06-25T05:18:51.679962+00:00 | INFO | Poll complete | seen=25 inserted=0 duplicates=25 hits=0 alerts=0
2026-06-25T05:19:22.417611+00:00 | INFO | Poll complete | seen=25 inserted=0 duplicates=25 hits=0 alerts=0
2026-06-25T05:19:53.045153+00:00 | INFO | Poll complete | seen=25 inserted=0 duplicates=25 hits=0 alerts=0
2026-06-25T05:20:23.158634+00:00 | INFO | Poll complete | seen=25 inserted=0 duplicates=25 hits=0 alerts=0
2026-06-25T05:20:53.898725+00:00 | INFO | Poll complete | seen=25 inserted=0 duplicates=25 hits=0 alerts=0
2026-06-25T05:21:24.530311+00:00 | INFO | Poll complete | seen=25 inserted=0 duplicates=25 hits=0 alerts=0
2026-06-25T05:21:54.684099+00:00 | INFO | Poll complete | seen=25 inserted=0 duplicates=25 hits=0 alerts=0
2026-06-25T05:22:25.127510+00:00 | INFO | Poll complete | seen=25 inserted=0 duplicates=25 hits=0 alerts=0
2026-06-25T05:22:55.767907+00:00 | INFO | Poll complete | seen=25 inserted=0 duplicates=25 hits=0 alerts=0
2026-06-25T05:23:26.258948+00:00 | INFO | Poll complete | seen=25 inserted=0 duplicates=25 hits=0 alerts=0
2026-06-25T05:23:56.905827+00:00 | INFO | Poll complete | seen=25 inserted=0 duplicates=25 hits=0 alerts=0
2026-06-25T05:24:27.363563+00:00 | INFO | Poll complete | seen=25 inserted=0 duplicates=25 hits=0 alerts=0
2026-06-25T05:24:57.806259+00:00 | INFO | Poll complete | seen=25 inserted=0 duplicates=25 hits=0 alerts=0
2026-06-25T05:25:28.240949+00:00 | INFO | Poll complete | seen=25 inserted=0 duplicates=25 hits=0 alerts=0
2026-06-25T05:25:58.733737+00:00 | INFO | Poll complete | seen=25 inserted=0 duplicates=25 hits=0 alerts=0
2026-06-25T05:26:29.104590+00:00 | INFO | Poll complete | seen=25 inserted=0 duplicates=25 hits=0 alerts=0
2026-06-25T05:26:59.705774+00:00 | INFO | Poll complete | seen=25 inserted=0 duplicates=25 hits=0 alerts=0
2026-06-25T05:27:30.643436+00:00 | INFO | Poll complete | seen=25 inserted=0 duplicates=25 hits=0 alerts=0
2026-06-25T05:28:01.122373+00:00 | INFO | Poll complete | seen=25 inserted=0 duplicates=25 hits=0 alerts=0
2026-06-25T05:28:31.587175+00:00 | INFO | Poll complete | seen=25 inserted=0 duplicates=25 hits=0 alerts=0
2026-06-25T05:29:02.147935+00:00 | INFO | Poll complete | seen=25 inserted=0 duplicates=25 hits=0 alerts=0
2026-06-25T05:29:32.648588+00:00 | INFO | Poll complete | seen=25 inserted=0 duplicates=25 hits=0 alerts=0
2026-06-25T05:30:03.214798+00:00 | INFO | Poll complete | seen=25 inserted=0 duplicates=25 hits=0 alerts=0
2026-06-25T05:30:33.868282+00:00 | INFO | Poll complete | seen=25 inserted=0 duplicates=25 hits=0 alerts=0
2026-06-25T05:31:04.619321+00:00 | INFO | Poll complete | seen=25 inserted=0 duplicates=25 hits=0 alerts=0
2026-06-25T05:31:34.860697+00:00 | INFO | Poll complete | seen=25 inserted=0 duplicates=25 hits=0 alerts=0
2026-06-25T05:32:05.461837+00:00 | INFO | Poll complete | seen=25 inserted=0 duplicates=25 hits=0 alerts=0
2026-06-25T05:32:36.099329+00:00 | INFO | Poll complete | seen=25 inserted=0 duplicates=25 hits=0 alerts=0
2026-06-25T05:33:06.296025+00:00 | INFO | Poll complete | seen=25 inserted=0 duplicates=25 hits=0 alerts=0
2026-06-25T05:33:37.028333+00:00 | INFO | Poll complete | seen=25 inserted=0 duplicates=25 hits=0 alerts=0
2026-06-25T05:34:07.639993+00:00 | INFO | Poll complete | seen=25 inserted=0 duplicates=25 hits=0 alerts=0
2026-06-25T05:34:38.283260+00:00 | INFO | Poll complete | seen=25 inserted=0 duplicates=25 hits=0 alerts=0
2026-06-25T05:35:08.926934+00:00 | INFO | Poll complete | seen=25 inserted=0 duplicates=25 hits=0 alerts=0
2026-06-25T05:35:39.580113+00:00 | INFO | Poll complete | seen=25 inserted=0 duplicates=25 hits=0 alerts=0
2026-06-25T05:36:10.196910+00:00 | INFO | Poll complete | seen=25 inserted=0 duplicates=25 hits=0 alerts=0
2026-06-25T05:36:40.633825+00:00 | INFO | Poll complete | seen=25 inserted=0 duplicates=25 hits=0 alerts=0
2026-06-25T05:37:10.819420+00:00 | INFO | Poll complete | seen=25 inserted=0 duplicates=25 hits=0 alerts=0
2026-06-25T05:37:41.165733+00:00 | INFO | Poll complete | seen=25 inserted=0 duplicates=25 hits=0 alerts=0
2026-06-25T05:38:11.596393+00:00 | INFO | Poll complete | seen=25 inserted=0 duplicates=25 hits=0 alerts=0
2026-06-25T05:38:42.086322+00:00 | INFO | Poll complete | seen=25 inserted=0 duplicates=25 hits=0 alerts=0
2026-06-25T05:39:12.813395+00:00 | INFO | Poll complete | seen=25 inserted=0 duplicates=25 hits=0 alerts=0
2026-06-25T05:39:43.402530+00:00 | INFO | Poll complete | seen=25 inserted=0 duplicates=25 hits=0 alerts=0
2026-06-25T05:40:13.622782+00:00 | INFO | Poll complete | seen=25 inserted=0 duplicates=25 hits=0 alerts=0
2026-06-25T05:40:44.082269+00:00 | INFO | Poll complete | seen=25 inserted=0 duplicates=25 hits=0 alerts=0
2026-06-25T05:41:14.537112+00:00 | INFO | Poll complete | seen=25 inserted=0 duplicates=25 hits=0 alerts=0
2026-06-25T05:41:45.282938+00:00 | INFO | Poll complete | seen=25 inserted=0 duplicates=25 hits=0 alerts=0
2026-06-25T05:42:16.057024+00:00 | INFO | Poll complete | seen=25 inserted=0 duplicates=25 hits=0 alerts=0
2026-06-25T05:42:46.671189+00:00 | INFO | Poll complete | seen=25 inserted=0 duplicates=25 hits=0 alerts=0
2026-06-25T05:43:17.284362+00:00 | INFO | Poll complete | seen=25 inserted=0 duplicates=25 hits=0 alerts=0
2026-06-25T05:43:47.911591+00:00 | INFO | Poll complete | seen=25 inserted=0 duplicates=25 hits=0 alerts=0
2026-06-25T05:44:18.441650+00:00 | INFO | Poll complete | seen=25 inserted=0 duplicates=25 hits=0 alerts=0
2026-06-25T05:44:49.066118+00:00 | INFO | Poll complete | seen=25 inserted=0 duplicates=25 hits=0 alerts=0
2026-06-25T05:45:19.829273+00:00 | INFO | Poll complete | seen=25 inserted=0 duplicates=25 hits=0 alerts=0
2026-06-25T05:45:50.516996+00:00 | INFO | Poll complete | seen=25 inserted=0 duplicates=25 hits=0 alerts=0
2026-06-25T05:46:20.955771+00:00 | INFO | Poll complete | seen=25 inserted=0 duplicates=25 hits=0 alerts=0
2026-06-25T05:46:51.405776+00:00 | INFO | Poll complete | seen=25 inserted=0 duplicates=25 hits=0 alerts=0
2026-06-25T05:47:21.840914+00:00 | INFO | Poll complete | seen=25 inserted=0 duplicates=25 hits=0 alerts=0
2026-06-25T05:47:52.283829+00:00 | INFO | Poll complete | seen=25 inserted=0 duplicates=25 hits=0 alerts=0
2026-06-25T05:48:22.857730+00:00 | INFO | Poll complete | seen=25 inserted=0 duplicates=25 hits=0 alerts=0
2026-06-25T05:48:53.446413+00:00 | INFO | Poll complete | seen=25 inserted=0 duplicates=25 hits=0 alerts=0
2026-06-25T05:49:24.064696+00:00 | INFO | Poll complete | seen=25 inserted=0 duplicates=25 hits=0 alerts=0
2026-06-25T05:49:54.706366+00:00 | INFO | Poll complete | seen=25 inserted=0 duplicates=25 hits=0 alerts=0
2026-06-25T05:50:24.842465+00:00 | INFO | Poll complete | seen=25 inserted=0 duplicates=25 hits=0 alerts=0
2026-06-25T05:50:55.577660+00:00 | INFO | Poll complete | seen=25 inserted=0 duplicates=25 hits=0 alerts=0
2026-06-25T05:51:26.015835+00:00 | INFO | Poll complete | seen=25 inserted=0 duplicates=25 hits=0 alerts=0
2026-06-25T05:51:56.798873+00:00 | INFO | Poll complete | seen=25 inserted=0 duplicates=25 hits=0 alerts=0
2026-06-25T05:52:27.411145+00:00 | INFO | Poll complete | seen=25 inserted=0 duplicates=25 hits=0 alerts=0
2026-06-25T05:52:57.926421+00:00 | INFO | Poll complete | seen=25 inserted=0 duplicates=25 hits=0 alerts=0
2026-06-25T05:53:28.396269+00:00 | INFO | Poll complete | seen=25 inserted=0 duplicates=25 hits=0 alerts=0
2026-06-25T05:53:58.841440+00:00 | INFO | Poll complete | seen=25 inserted=0 duplicates=25 hits=0 alerts=0
2026-06-25T05:54:29.287217+00:00 | INFO | Poll complete | seen=25 inserted=0 duplicates=25 hits=0 alerts=0
2026-06-25T05:55:00.019498+00:00 | INFO | Poll complete | seen=25 inserted=0 duplicates=25 hits=0 alerts=0
2026-06-25T05:55:30.597517+00:00 | INFO | Poll complete | seen=25 inserted=0 duplicates=25 hits=0 alerts=0
2026-06-25T05:56:01.049843+00:00 | INFO | Poll complete | seen=25 inserted=0 duplicates=25 hits=0 alerts=0
2026-06-25T05:56:31.669392+00:00 | INFO | Poll complete | seen=25 inserted=0 duplicates=25 hits=0 alerts=0
2026-06-25T05:57:02.309160+00:00 | INFO | Poll complete | seen=25 inserted=0 duplicates=25 hits=0 alerts=0
2026-06-25T05:57:32.749215+00:00 | INFO | Poll complete | seen=25 inserted=0 duplicates=25 hits=0 alerts=0
2026-06-25T05:58:03.322317+00:00 | INFO | Poll complete | seen=25 inserted=0 duplicates=25 hits=0 alerts=0
2026-06-25T05:58:33.896862+00:00 | INFO | Poll complete | seen=25 inserted=0 duplicates=25 hits=0 alerts=0
2026-06-25T05:59:04.319720+00:00 | INFO | Poll complete | seen=25 inserted=0 duplicates=25 hits=0 alerts=0
2026-06-25T05:59:35.042857+00:00 | INFO | Poll complete | seen=25 inserted=0 duplicates=25 hits=0 alerts=0
2026-06-25T06:00:05.492396+00:00 | INFO | Poll complete | seen=25 inserted=0 duplicates=25 hits=0 alerts=0
2026-06-25T06:00:36.230153+00:00 | INFO | Poll complete | seen=25 inserted=0 duplicates=25 hits=0 alerts=0
2026-06-25T06:01:06.669016+00:00 | INFO | Poll complete | seen=25 inserted=0 duplicates=25 hits=0 alerts=0
2026-06-25T06:01:37.269191+00:00 | INFO | Poll complete | seen=25 inserted=0 duplicates=25 hits=0 alerts=0
2026-06-25T06:02:07.903166+00:00 | INFO | Poll complete | seen=25 inserted=0 duplicates=25 hits=0 alerts=0
2026-06-25T06:02:38.328359+00:00 | INFO | Poll complete | seen=25 inserted=0 duplicates=25 hits=0 alerts=0
2026-06-25T06:03:08.978596+00:00 | INFO | Poll complete | seen=25 inserted=0 duplicates=25 hits=0 alerts=0
2026-06-25T06:03:39.436105+00:00 | INFO | Poll complete | seen=25 inserted=0 duplicates=25 hits=0 alerts=0
2026-06-25T06:04:10.068531+00:00 | INFO | Poll complete | seen=25 inserted=0 duplicates=25 hits=0 alerts=0
2026-06-25T06:04:40.513474+00:00 | INFO | Poll complete | seen=25 inserted=0 duplicates=25 hits=0 alerts=0
2026-06-25T06:05:10.999943+00:00 | INFO | Poll complete | seen=25 inserted=0 duplicates=25 hits=0 alerts=0
2026-06-25T06:05:41.768882+00:00 | INFO | Poll complete | seen=25 inserted=0 duplicates=25 hits=0 alerts=0
2026-06-25T06:06:12.408013+00:00 | INFO | Poll complete | seen=25 inserted=0 duplicates=25 hits=0 alerts=0
2026-06-25T06:06:42.842909+00:00 | INFO | Poll complete | seen=25 inserted=0 duplicates=25 hits=0 alerts=0
2026-06-25T06:07:13.311171+00:00 | INFO | Poll complete | seen=25 inserted=0 duplicates=25 hits=0 alerts=0
2026-06-25T06:07:44.090790+00:00 | INFO | Poll complete | seen=25 inserted=0 duplicates=25 hits=0 alerts=0
2026-06-25T06:08:14.538547+00:00 | INFO | Poll complete | seen=25 inserted=0 duplicates=25 hits=0 alerts=0
2026-06-25T06:08:44.975889+00:00 | INFO | Poll complete | seen=25 inserted=0 duplicates=25 hits=0 alerts=0
2026-06-25T06:09:15.508414+00:00 | INFO | Poll complete | seen=25 inserted=0 duplicates=25 hits=0 alerts=0
2026-06-25T06:09:46.132124+00:00 | INFO | Poll complete | seen=25 inserted=0 duplicates=25 hits=0 alerts=0
2026-06-25T06:10:16.764594+00:00 | INFO | Poll complete | seen=25 inserted=0 duplicates=25 hits=0 alerts=0
2026-06-25T06:10:47.482285+00:00 | INFO | Poll complete | seen=25 inserted=0 duplicates=25 hits=0 alerts=0
2026-06-25T06:11:18.260373+00:00 | INFO | Poll complete | seen=25 inserted=0 duplicates=25 hits=0 alerts=0
2026-06-25T06:11:48.423398+00:00 | INFO | Poll complete | seen=25 inserted=0 duplicates=25 hits=0 alerts=0
2026-06-25T06:12:18.931555+00:00 | INFO | Poll complete | seen=25 inserted=0 duplicates=25 hits=0 alerts=0
2026-06-25T06:12:49.375791+00:00 | INFO | Poll complete | seen=25 inserted=0 duplicates=25 hits=0 alerts=0
2026-06-25T06:13:19.853224+00:00 | INFO | Poll complete | seen=25 inserted=0 duplicates=25 hits=0 alerts=0
2026-06-25T06:13:50.562415+00:00 | INFO | Poll complete | seen=25 inserted=0 duplicates=25 hits=0 alerts=0
2026-06-25T06:14:21.158308+00:00 | INFO | Poll complete | seen=25 inserted=0 duplicates=25 hits=0 alerts=0
2026-06-25T06:14:51.628026+00:00 | INFO | Poll complete | seen=25 inserted=0 duplicates=25 hits=0 alerts=0
2026-06-25T06:15:22.243481+00:00 | INFO | Poll complete | seen=25 inserted=0 duplicates=25 hits=0 alerts=0
2026-06-25T06:15:52.883412+00:00 | INFO | Poll complete | seen=25 inserted=0 duplicates=25 hits=0 alerts=0
2026-06-25T06:16:23.340718+00:00 | INFO | Poll complete | seen=25 inserted=0 duplicates=25 hits=0 alerts=0
2026-06-25T06:16:54.111124+00:00 | INFO | Poll complete | seen=25 inserted=0 duplicates=25 hits=0 alerts=0
2026-06-25T06:17:24.939814+00:00 | INFO | Poll complete | seen=25 inserted=0 duplicates=25 hits=0 alerts=0
2026-06-25T06:17:55.093312+00:00 | INFO | Poll complete | seen=25 inserted=0 duplicates=25 hits=0 alerts=0
2026-06-25T06:18:25.731172+00:00 | INFO | Poll complete | seen=25 inserted=0 duplicates=25 hits=0 alerts=0
2026-06-25T06:18:56.218586+00:00 | INFO | Poll complete | seen=25 inserted=0 duplicates=25 hits=0 alerts=0
2026-06-25T06:19:26.668681+00:00 | INFO | Poll complete | seen=25 inserted=0 duplicates=25 hits=0 alerts=0
2026-06-25T06:19:57.107278+00:00 | INFO | Poll complete | seen=25 inserted=0 duplicates=25 hits=0 alerts=0
2026-06-25T06:20:27.530886+00:00 | INFO | Poll complete | seen=25 inserted=0 duplicates=25 hits=0 alerts=0
2026-06-25T06:20:58.104924+00:00 | INFO | Poll complete | seen=25 inserted=0 duplicates=25 hits=0 alerts=0
2026-06-25T06:21:28.554705+00:00 | INFO | Poll complete | seen=25 inserted=0 duplicates=25 hits=0 alerts=0
2026-06-25T06:21:59.154971+00:00 | INFO | Poll complete | seen=25 inserted=0 duplicates=25 hits=0 alerts=0
2026-06-25T06:22:29.999239+00:00 | INFO | Poll complete | seen=25 inserted=0 duplicates=25 hits=0 alerts=0
2026-06-25T06:23:00.135475+00:00 | INFO | Poll complete | seen=25 inserted=0 duplicates=25 hits=0 alerts=0
2026-06-25T06:23:30.739171+00:00 | INFO | Poll complete | seen=25 inserted=0 duplicates=25 hits=0 alerts=0
2026-06-25T06:24:01.341992+00:00 | INFO | Poll complete | seen=25 inserted=0 duplicates=25 hits=0 alerts=0
2026-06-25T06:24:31.964155+00:00 | INFO | Poll complete | seen=25 inserted=0 duplicates=25 hits=0 alerts=0
2026-06-25T06:25:02.492208+00:00 | INFO | Poll complete | seen=25 inserted=0 duplicates=25 hits=0 alerts=0
2026-06-25T06:25:32.941043+00:00 | INFO | Poll complete | seen=25 inserted=0 duplicates=25 hits=0 alerts=0
2026-06-25T06:26:03.458489+00:00 | INFO | Poll complete | seen=25 inserted=0 duplicates=25 hits=0 alerts=0
2026-06-25T06:26:34.091446+00:00 | INFO | Poll complete | seen=25 inserted=0 duplicates=25 hits=0 alerts=0
2026-06-25T06:27:04.539491+00:00 | INFO | Poll complete | seen=25 inserted=0 duplicates=25 hits=0 alerts=0
2026-06-25T06:27:34.992844+00:00 | INFO | Poll complete | seen=25 inserted=0 duplicates=25 hits=0 alerts=0
2026-06-25T06:28:05.450710+00:00 | INFO | Poll complete | seen=25 inserted=0 duplicates=25 hits=0 alerts=0
2026-06-25T06:28:36.013445+00:00 | INFO | Poll complete | seen=25 inserted=0 duplicates=25 hits=0 alerts=0
2026-06-25T06:29:06.449892+00:00 | INFO | Poll complete | seen=25 inserted=0 duplicates=25 hits=0 alerts=0
2026-06-25T06:29:36.885461+00:00 | INFO | Poll complete | seen=25 inserted=0 duplicates=25 hits=0 alerts=0
2026-06-25T06:30:07.320124+00:00 | INFO | Poll complete | seen=25 inserted=0 duplicates=25 hits=0 alerts=0
2026-06-25T06:30:37.957862+00:00 | INFO | Poll complete | seen=25 inserted=0 duplicates=25 hits=0 alerts=0
2026-06-25T06:31:08.559697+00:00 | INFO | Poll complete | seen=25 inserted=0 duplicates=25 hits=0 alerts=0
2026-06-25T06:31:39.018416+00:00 | INFO | Poll complete | seen=25 inserted=0 duplicates=25 hits=0 alerts=0
2026-06-25T06:32:09.458176+00:00 | INFO | Poll complete | seen=25 inserted=0 duplicates=25 hits=0 alerts=0
2026-06-25T06:32:40.509384+00:00 | INFO | Poll complete | seen=25 inserted=0 duplicates=25 hits=0 alerts=0
2026-06-25T06:33:10.763342+00:00 | INFO | Poll complete | seen=25 inserted=0 duplicates=25 hits=0 alerts=0
2026-06-25T06:33:41.242769+00:00 | INFO | Poll complete | seen=25 inserted=0 duplicates=25 hits=0 alerts=0
2026-06-25T06:34:11.735803+00:00 | INFO | Poll complete | seen=25 inserted=0 duplicates=25 hits=0 alerts=0
2026-06-25T06:34:42.169252+00:00 | INFO | Poll complete | seen=25 inserted=0 duplicates=25 hits=0 alerts=0
2026-06-25T06:35:12.768489+00:00 | INFO | Poll complete | seen=25 inserted=0 duplicates=25 hits=0 alerts=0
2026-06-25T06:35:43.197076+00:00 | INFO | Poll complete | seen=25 inserted=0 duplicates=25 hits=0 alerts=0
2026-06-25T06:36:13.806928+00:00 | INFO | Poll complete | seen=25 inserted=0 duplicates=25 hits=0 alerts=0
2026-06-25T06:36:44.449156+00:00 | INFO | Poll complete | seen=25 inserted=0 duplicates=25 hits=0 alerts=0
2026-06-25T06:37:15.047408+00:00 | INFO | Poll complete | seen=25 inserted=0 duplicates=25 hits=0 alerts=0
2026-06-25T06:37:45.504818+00:00 | INFO | Poll complete | seen=25 inserted=0 duplicates=25 hits=0 alerts=0
2026-06-25T06:38:16.107003+00:00 | INFO | Poll complete | seen=25 inserted=0 duplicates=25 hits=0 alerts=0
2026-06-25T06:38:46.973597+00:00 | INFO | Poll complete | seen=25 inserted=0 duplicates=25 hits=0 alerts=0
2026-06-25T06:39:17.455570+00:00 | INFO | Poll complete | seen=25 inserted=0 duplicates=25 hits=0 alerts=0
2026-06-25T06:39:48.071598+00:00 | INFO | Poll complete | seen=25 inserted=0 duplicates=25 hits=0 alerts=0
2026-06-25T06:40:18.517363+00:00 | INFO | Poll complete | seen=25 inserted=0 duplicates=25 hits=0 alerts=0
2026-06-25T06:40:49.260375+00:00 | INFO | Poll complete | seen=25 inserted=0 duplicates=25 hits=0 alerts=0
2026-06-25T06:41:19.721166+00:00 | INFO | Poll complete | seen=25 inserted=0 duplicates=25 hits=0 alerts=0
2026-06-25T06:41:50.194938+00:00 | INFO | Poll complete | seen=25 inserted=0 duplicates=25 hits=0 alerts=0
2026-06-25T06:42:20.806540+00:00 | INFO | Poll complete | seen=25 inserted=0 duplicates=25 hits=0 alerts=0
2026-06-25T06:42:51.463277+00:00 | INFO | Poll complete | seen=25 inserted=0 duplicates=25 hits=0 alerts=0
2026-06-25T06:43:22.126593+00:00 | INFO | Poll complete | seen=25 inserted=0 duplicates=25 hits=0 alerts=0
2026-06-25T06:43:52.590536+00:00 | INFO | Poll complete | seen=25 inserted=0 duplicates=25 hits=0 alerts=0
2026-06-25T06:44:23.191680+00:00 | INFO | Poll complete | seen=25 inserted=0 duplicates=25 hits=0 alerts=0
2026-06-25T06:44:53.817929+00:00 | INFO | Poll complete | seen=25 inserted=0 duplicates=25 hits=0 alerts=0
2026-06-25T06:45:24.264762+00:00 | INFO | Poll complete | seen=25 inserted=0 duplicates=25 hits=0 alerts=0
2026-06-25T06:45:54.888238+00:00 | INFO | Poll complete | seen=25 inserted=0 duplicates=25 hits=0 alerts=0
2026-06-25T06:46:25.521858+00:00 | INFO | Poll complete | seen=25 inserted=0 duplicates=25 hits=0 alerts=0
2026-06-25T06:46:56.176300+00:00 | INFO | Poll complete | seen=25 inserted=0 duplicates=25 hits=0 alerts=0
2026-06-25T06:47:26.799883+00:00 | INFO | Poll complete | seen=25 inserted=0 duplicates=25 hits=0 alerts=0
2026-06-25T06:47:56.934451+00:00 | INFO | Poll complete | seen=25 inserted=0 duplicates=25 hits=0 alerts=0
2026-06-25T06:48:27.391966+00:00 | INFO | Poll complete | seen=25 inserted=0 duplicates=25 hits=0 alerts=0
2026-06-25T06:48:57.880244+00:00 | INFO | Poll complete | seen=25 inserted=0 duplicates=25 hits=0 alerts=0
2026-06-25T06:49:28.317771+00:00 | INFO | Poll complete | seen=25 inserted=0 duplicates=25 hits=0 alerts=0
2026-06-25T06:49:58.777448+00:00 | INFO | Poll complete | seen=25 inserted=0 duplicates=25 hits=0 alerts=0
2026-06-25T06:50:29.367354+00:00 | INFO | Poll complete | seen=25 inserted=0 duplicates=25 hits=0 alerts=0
2026-06-25T06:50:59.965507+00:00 | INFO | Poll complete | seen=25 inserted=0 duplicates=25 hits=0 alerts=0
2026-06-25T06:51:30.563236+00:00 | INFO | Poll complete | seen=25 inserted=0 duplicates=25 hits=0 alerts=0
2026-06-25T06:52:01.298990+00:00 | INFO | Poll complete | seen=25 inserted=0 duplicates=25 hits=0 alerts=0
2026-06-25T06:52:31.776411+00:00 | INFO | Poll complete | seen=25 inserted=0 duplicates=25 hits=0 alerts=0
2026-06-25T06:53:02.666677+00:00 | INFO | Poll complete | seen=25 inserted=0 duplicates=25 hits=0 alerts=0
2026-06-25T06:53:33.450385+00:00 | INFO | Poll complete | seen=25 inserted=0 duplicates=25 hits=0 alerts=0
2026-06-25T06:54:03.916571+00:00 | INFO | Poll complete | seen=25 inserted=0 duplicates=25 hits=0 alerts=0
2026-06-25T06:54:34.361138+00:00 | INFO | Poll complete | seen=25 inserted=0 duplicates=25 hits=0 alerts=0
2026-06-25T06:55:04.975430+00:00 | INFO | Poll complete | seen=25 inserted=0 duplicates=25 hits=0 alerts=0
2026-06-25T06:55:35.412448+00:00 | INFO | Poll complete | seen=25 inserted=0 duplicates=25 hits=0 alerts=0
2026-06-25T06:56:05.884843+00:00 | INFO | Poll complete | seen=25 inserted=0 duplicates=25 hits=0 alerts=0
2026-06-25T06:56:36.343587+00:00 | INFO | Poll complete | seen=25 inserted=0 duplicates=25 hits=0 alerts=0
2026-06-25T06:57:06.820362+00:00 | INFO | Poll complete | seen=25 inserted=0 duplicates=25 hits=0 alerts=0
2026-06-25T06:57:37.261235+00:00 | INFO | Poll complete | seen=25 inserted=0 duplicates=25 hits=0 alerts=0
2026-06-25T06:58:07.715834+00:00 | INFO | Poll complete | seen=25 inserted=0 duplicates=25 hits=0 alerts=0
2026-06-25T06:58:38.200056+00:00 | INFO | Poll complete | seen=25 inserted=0 duplicates=25 hits=0 alerts=0
2026-06-25T06:59:08.832395+00:00 | INFO | Poll complete | seen=25 inserted=0 duplicates=25 hits=0 alerts=0
2026-06-25T06:59:39.317012+00:00 | INFO | Poll complete | seen=25 inserted=0 duplicates=25 hits=0 alerts=0
2026-06-25T07:00:09.741747+00:00 | INFO | Poll complete | seen=25 inserted=0 duplicates=25 hits=0 alerts=0
2026-06-25T07:00:40.356372+00:00 | INFO | Poll complete | seen=25 inserted=0 duplicates=25 hits=0 alerts=0
2026-06-25T07:01:10.824673+00:00 | INFO | Poll complete | seen=25 inserted=0 duplicates=25 hits=0 alerts=0
2026-06-25T07:01:41.255202+00:00 | INFO | Poll complete | seen=25 inserted=0 duplicates=25 hits=0 alerts=0
2026-06-25T07:02:11.708100+00:00 | INFO | Poll complete | seen=25 inserted=0 duplicates=25 hits=0 alerts=0
2026-06-25T07:02:42.156408+00:00 | INFO | Poll complete | seen=25 inserted=0 duplicates=25 hits=0 alerts=0
2026-06-25T07:03:12.622059+00:00 | INFO | Poll complete | seen=25 inserted=0 duplicates=25 hits=0 alerts=0
2026-06-25T07:03:43.079989+00:00 | INFO | Poll complete | seen=25 inserted=0 duplicates=25 hits=0 alerts=0
2026-06-25T07:04:13.518260+00:00 | INFO | Poll complete | seen=25 inserted=0 duplicates=25 hits=0 alerts=0
2026-06-25T07:04:44.158718+00:00 | INFO | Poll complete | seen=25 inserted=0 duplicates=25 hits=0 alerts=0
2026-06-25T07:05:14.812578+00:00 | INFO | Poll complete | seen=25 inserted=0 duplicates=25 hits=0 alerts=0
2026-06-25T07:05:45.331247+00:00 | INFO | Poll complete | seen=25 inserted=0 duplicates=25 hits=0 alerts=0
2026-06-25T07:06:15.986627+00:00 | INFO | Poll complete | seen=25 inserted=0 duplicates=25 hits=0 alerts=0
2026-06-25T07:06:46.635367+00:00 | INFO | Poll complete | seen=25 inserted=0 duplicates=25 hits=0 alerts=0
2026-06-25T07:07:17.394579+00:00 | INFO | Poll complete | seen=25 inserted=0 duplicates=25 hits=0 alerts=0
2026-06-25T07:07:47.844187+00:00 | INFO | Poll complete | seen=25 inserted=0 duplicates=25 hits=0 alerts=0
2026-06-25T07:08:18.301406+00:00 | INFO | Poll complete | seen=25 inserted=0 duplicates=25 hits=0 alerts=0
2026-06-25T07:08:48.891638+00:00 | INFO | Poll complete | seen=25 inserted=0 duplicates=25 hits=0 alerts=0
2026-06-25T07:09:19.345208+00:00 | INFO | Poll complete | seen=25 inserted=0 duplicates=25 hits=0 alerts=0
2026-06-25T07:09:49.782168+00:00 | INFO | Poll complete | seen=25 inserted=0 duplicates=25 hits=0 alerts=0
2026-06-25T07:10:20.066082+00:00 | INFO | Poll complete | seen=25 inserted=0 duplicates=25 hits=0 alerts=0
2026-06-25T07:10:50.704848+00:00 | INFO | Poll complete | seen=25 inserted=0 duplicates=25 hits=0 alerts=0
2026-06-25T07:11:21.149232+00:00 | INFO | Poll complete | seen=25 inserted=0 duplicates=25 hits=0 alerts=0
2026-06-25T07:15:47.725387+00:00 | ERROR | News poll failed:
Traceback (most recent call last):
  File "/Users/omaryoussef/Downloads/PULSETRADE/PulseTrade-AI/.venv/lib/python3.11/site-packages/urllib3/connectionpool.py", line 788, in urlopen
    response = self._make_request(
               ^^^^^^^^^^^^^^^^^^^
  File "/Users/omaryoussef/Downloads/PULSETRADE/PulseTrade-AI/.venv/lib/python3.11/site-packages/urllib3/connectionpool.py", line 534, in _make_request
    response = conn.getresponse()
               ^^^^^^^^^^^^^^^^^^
  File "/Users/omaryoussef/Downloads/PULSETRADE/PulseTrade-AI/.venv/lib/python3.11/site-packages/urllib3/connection.py", line 571, in getresponse
    httplib_response = super().getresponse()
                       ^^^^^^^^^^^^^^^^^^^^^
  File "/Library/Frameworks/Python.framework/Versions/3.11/lib/python3.11/http/client.py", line 1395, in getresponse
    response.begin()
  File "/Library/Frameworks/Python.framework/Versions/3.11/lib/python3.11/http/client.py", line 325, in begin
    version, status, reason = self._read_status()
                              ^^^^^^^^^^^^^^^^^^^
  File "/Library/Frameworks/Python.framework/Versions/3.11/lib/python3.11/http/client.py", line 294, in _read_status
    raise RemoteDisconnected("Remote end closed connection without"
http.client.RemoteDisconnected: Remote end closed connection without response

During handling of the above exception, another exception occurred:

Traceback (most recent call last):
  File "/Users/omaryoussef/Downloads/PULSETRADE/PulseTrade-AI/.venv/lib/python3.11/site-packages/requests/adapters.py", line 696, in send
    resp = conn.urlopen(
           ^^^^^^^^^^^^^
  File "/Users/omaryoussef/Downloads/PULSETRADE/PulseTrade-AI/.venv/lib/python3.11/site-packages/urllib3/connectionpool.py", line 842, in urlopen
    retries = retries.increment(
              ^^^^^^^^^^^^^^^^^^
  File "/Users/omaryoussef/Downloads/PULSETRADE/PulseTrade-AI/.venv/lib/python3.11/site-packages/urllib3/util/retry.py", line 498, in increment
    raise reraise(type(error), error, _stacktrace)
          ^^^^^^^^^^^^^^^^^^^^^^^^^^^^^^^^^^^^^^^^
  File "/Users/omaryoussef/Downloads/PULSETRADE/PulseTrade-AI/.venv/lib/python3.11/site-packages/urllib3/util/util.py", line 38, in reraise
    raise value.with_traceback(tb)
  File "/Users/omaryoussef/Downloads/PULSETRADE/PulseTrade-AI/.venv/lib/python3.11/site-packages/urllib3/connectionpool.py", line 788, in urlopen
    response = self._make_request(
               ^^^^^^^^^^^^^^^^^^^
  File "/Users/omaryoussef/Downloads/PULSETRADE/PulseTrade-AI/.venv/lib/python3.11/site-packages/urllib3/connectionpool.py", line 534, in _make_request
    response = conn.getresponse()
               ^^^^^^^^^^^^^^^^^^
  File "/Users/omaryoussef/Downloads/PULSETRADE/PulseTrade-AI/.venv/lib/python3.11/site-packages/urllib3/connection.py", line 571, in getresponse
    httplib_response = super().getresponse()
                       ^^^^^^^^^^^^^^^^^^^^^
  File "/Library/Frameworks/Python.framework/Versions/3.11/lib/python3.11/http/client.py", line 1395, in getresponse
    response.begin()
  File "/Library/Frameworks/Python.framework/Versions/3.11/lib/python3.11/http/client.py", line 325, in begin
    version, status, reason = self._read_status()
                              ^^^^^^^^^^^^^^^^^^^
  File "/Library/Frameworks/Python.framework/Versions/3.11/lib/python3.11/http/client.py", line 294, in _read_status
    raise RemoteDisconnected("Remote end closed connection without"
urllib3.exceptions.ProtocolError: ('Connection aborted.', RemoteDisconnected('Remote end closed connection without response'))

During handling of the above exception, another exception occurred:

Traceback (most recent call last):
  File "/Users/omaryoussef/Downloads/PULSETRADE/PulseTrade-AI/modules/news_engine.py", line 703, in poll_once
    raw_items = self.client.fetch_news(
                ^^^^^^^^^^^^^^^^^^^^^^^
  File "/Users/omaryoussef/Downloads/PULSETRADE/PulseTrade-AI/modules/news_engine.py", line 568, in fetch_news
    response = self.session.get(BENZINGA_NEWS_URL, params=params, timeout=self.timeout_seconds)
               ^^^^^^^^^^^^^^^^^^^^^^^^^^^^^^^^^^^^^^^^^^^^^^^^^^^^^^^^^^^^^^^^^^^^^^^^^^^^^^^^
  File "/Users/omaryoussef/Downloads/PULSETRADE/PulseTrade-AI/.venv/lib/python3.11/site-packages/requests/sessions.py", line 671, in get
    return self.request("GET", url, params=params, **kwargs)
           ^^^^^^^^^^^^^^^^^^^^^^^^^^^^^^^^^^^^^^^^^^^^^^^^^
  File "/Users/omaryoussef/Downloads/PULSETRADE/PulseTrade-AI/.venv/lib/python3.11/site-packages/requests/sessions.py", line 651, in request
    resp = self.send(prep, **send_kwargs)
           ^^^^^^^^^^^^^^^^^^^^^^^^^^^^^^
  File "/Users/omaryoussef/Downloads/PULSETRADE/PulseTrade-AI/.venv/lib/python3.11/site-packages/requests/sessions.py", line 784, in send
    r = adapter.send(request, **kwargs)
        ^^^^^^^^^^^^^^^^^^^^^^^^^^^^^^^
  File "/Users/omaryoussef/Downloads/PULSETRADE/PulseTrade-AI/.venv/lib/python3.11/site-packages/requests/adapters.py", line 711, in send
    raise ConnectionError(err, request=request)
requests.exceptions.ConnectionError: ('Connection aborted.', RemoteDisconnected('Remote end closed connection without response'))

2026-06-25T07:16:18.384969+00:00 | INFO | Poll complete | seen=25 inserted=1 duplicates=24 hits=0 alerts=0
2026-06-25T07:16:49.174447+00:00 | INFO | Poll complete | seen=25 inserted=0 duplicates=25 hits=0 alerts=0
2026-06-25T07:17:19.809023+00:00 | INFO | Poll complete | seen=25 inserted=0 duplicates=25 hits=0 alerts=0
2026-06-25T07:17:50.271838+00:00 | INFO | Poll complete | seen=25 inserted=0 duplicates=25 hits=0 alerts=0
2026-06-25T07:18:20.946846+00:00 | INFO | Poll complete | seen=25 inserted=0 duplicates=25 hits=0 alerts=0
2026-06-25T07:18:51.386280+00:00 | INFO | Poll complete | seen=25 inserted=0 duplicates=25 hits=0 alerts=0
2026-06-25T07:19:21.869646+00:00 | INFO | Poll complete | seen=25 inserted=0 duplicates=25 hits=0 alerts=0
2026-06-25T07:19:52.365769+00:00 | INFO | Poll complete | seen=25 inserted=0 duplicates=25 hits=0 alerts=0
2026-06-25T07:20:23.002431+00:00 | INFO | Poll complete | seen=25 inserted=0 duplicates=25 hits=0 alerts=0
2026-06-25T07:20:53.452247+00:00 | INFO | Poll complete | seen=25 inserted=0 duplicates=25 hits=0 alerts=0
2026-06-25T07:21:23.903207+00:00 | INFO | Poll complete | seen=25 inserted=0 duplicates=25 hits=0 alerts=0
2026-06-25T07:21:54.357970+00:00 | INFO | Poll complete | seen=25 inserted=0 duplicates=25 hits=0 alerts=0
2026-06-25T07:22:24.805533+00:00 | INFO | Poll complete | seen=25 inserted=0 duplicates=25 hits=0 alerts=0
2026-06-25T07:22:55.256521+00:00 | INFO | Poll complete | seen=25 inserted=0 duplicates=25 hits=0 alerts=0
2026-06-25T07:23:25.714497+00:00 | INFO | Poll complete | seen=25 inserted=0 duplicates=25 hits=0 alerts=0
2026-06-25T07:23:56.362053+00:00 | INFO | Poll complete | seen=25 inserted=0 duplicates=25 hits=0 alerts=0
2026-06-25T07:24:27.007810+00:00 | INFO | Poll complete | seen=25 inserted=0 duplicates=25 hits=0 alerts=0
2026-06-25T07:24:57.452823+00:00 | INFO | Poll complete | seen=25 inserted=0 duplicates=25 hits=0 alerts=0
2026-06-25T07:25:27.907006+00:00 | INFO | Poll complete | seen=25 inserted=0 duplicates=25 hits=0 alerts=0
2026-06-25T07:25:58.535628+00:00 | INFO | Poll complete | seen=25 inserted=0 duplicates=25 hits=0 alerts=0
2026-06-25T07:26:28.967901+00:00 | INFO | Poll complete | seen=25 inserted=0 duplicates=25 hits=0 alerts=0
2026-06-25T07:26:59.389016+00:00 | INFO | Poll complete | seen=25 inserted=0 duplicates=25 hits=0 alerts=0
2026-06-25T07:27:29.834121+00:00 | INFO | Poll complete | seen=25 inserted=0 duplicates=25 hits=0 alerts=0
2026-06-25T07:28:00.279355+00:00 | INFO | Poll complete | seen=25 inserted=0 duplicates=25 hits=0 alerts=0
2026-06-25T07:28:30.707595+00:00 | INFO | Poll complete | seen=25 inserted=0 duplicates=25 hits=0 alerts=0
2026-06-25T07:29:01.526093+00:00 | INFO | Poll complete | seen=25 inserted=0 duplicates=25 hits=0 alerts=0
2026-06-25T07:29:32.049088+00:00 | INFO | Poll complete | seen=25 inserted=0 duplicates=25 hits=0 alerts=0
2026-06-25T07:30:02.544124+00:00 | INFO | Poll complete | seen=25 inserted=0 duplicates=25 hits=0 alerts=0
2026-06-25T07:30:33.158671+00:00 | INFO | Poll complete | seen=25 inserted=0 duplicates=25 hits=0 alerts=0
2026-06-25T07:31:03.615450+00:00 | INFO | Poll complete | seen=25 inserted=0 duplicates=25 hits=0 alerts=0
2026-06-25T07:31:34.071517+00:00 | INFO | Poll complete | seen=25 inserted=0 duplicates=25 hits=0 alerts=0
2026-06-25T07:32:04.511609+00:00 | INFO | Poll complete | seen=25 inserted=0 duplicates=25 hits=0 alerts=0
2026-06-25T07:32:34.971237+00:00 | INFO | Poll complete | seen=25 inserted=0 duplicates=25 hits=0 alerts=0
2026-06-25T07:33:05.447205+00:00 | INFO | Poll complete | seen=25 inserted=0 duplicates=25 hits=0 alerts=0
2026-06-25T07:33:35.911513+00:00 | INFO | Poll complete | seen=25 inserted=0 duplicates=25 hits=0 alerts=0
2026-06-25T07:34:06.355273+00:00 | INFO | Poll complete | seen=25 inserted=0 duplicates=25 hits=0 alerts=0
2026-06-25T07:34:36.807012+00:00 | INFO | Poll complete | seen=25 inserted=0 duplicates=25 hits=0 alerts=0
2026-06-25T07:35:07.391694+00:00 | INFO | Poll complete | seen=25 inserted=0 duplicates=25 hits=0 alerts=0
2026-06-25T07:35:38.035231+00:00 | INFO | Poll complete | seen=25 inserted=0 duplicates=25 hits=0 alerts=0
2026-06-25T07:36:08.495622+00:00 | INFO | Poll complete | seen=25 inserted=0 duplicates=25 hits=0 alerts=0
2026-06-25T07:36:39.146978+00:00 | INFO | Poll complete | seen=25 inserted=0 duplicates=25 hits=0 alerts=0
2026-06-25T07:37:09.618349+00:00 | INFO | Poll complete | seen=25 inserted=0 duplicates=25 hits=0 alerts=0
2026-06-25T07:37:39.896557+00:00 | INFO | Poll complete | seen=25 inserted=0 duplicates=25 hits=0 alerts=0
2026-06-25T07:38:10.478299+00:00 | INFO | Poll complete | seen=25 inserted=0 duplicates=25 hits=0 alerts=0
2026-06-25T07:38:41.089473+00:00 | INFO | Poll complete | seen=25 inserted=0 duplicates=25 hits=0 alerts=0
2026-06-25T07:39:11.861488+00:00 | INFO | Poll complete | seen=25 inserted=0 duplicates=25 hits=0 alerts=0
2026-06-25T07:39:42.731628+00:00 | INFO | Poll complete | seen=25 inserted=0 duplicates=25 hits=0 alerts=0
2026-06-25T07:40:13.337473+00:00 | INFO | Poll complete | seen=25 inserted=0 duplicates=25 hits=0 alerts=0
2026-06-25T07:40:43.936334+00:00 | INFO | Poll complete | seen=25 inserted=0 duplicates=25 hits=0 alerts=0
2026-06-25T07:41:14.404466+00:00 | INFO | Poll complete | seen=25 inserted=0 duplicates=25 hits=0 alerts=0
2026-06-25T07:41:44.867702+00:00 | INFO | Poll complete | seen=25 inserted=0 duplicates=25 hits=0 alerts=0
2026-06-25T07:42:15.513674+00:00 | INFO | Poll complete | seen=25 inserted=0 duplicates=25 hits=0 alerts=0
2026-06-25T07:42:46.023462+00:00 | INFO | Poll complete | seen=25 inserted=0 duplicates=25 hits=0 alerts=0
2026-06-25T07:43:16.618309+00:00 | INFO | Poll complete | seen=25 inserted=0 duplicates=25 hits=0 alerts=0
2026-06-25T07:43:47.293473+00:00 | INFO | Poll complete | seen=25 inserted=0 duplicates=25 hits=0 alerts=0
2026-06-25T07:44:17.751464+00:00 | INFO | Poll complete | seen=25 inserted=0 duplicates=25 hits=0 alerts=0
2026-06-25T07:44:48.201084+00:00 | INFO | Poll complete | seen=25 inserted=0 duplicates=25 hits=0 alerts=0
2026-06-25T07:45:18.663463+00:00 | INFO | Poll complete | seen=25 inserted=0 duplicates=25 hits=0 alerts=0
2026-06-25T07:45:49.110911+00:00 | INFO | Poll complete | seen=25 inserted=0 duplicates=25 hits=0 alerts=0
2026-06-25T07:46:19.713548+00:00 | INFO | Poll complete | seen=25 inserted=0 duplicates=25 hits=0 alerts=0
2026-06-25T07:46:50.377060+00:00 | INFO | Poll complete | seen=25 inserted=0 duplicates=25 hits=0 alerts=0
2026-06-25T07:47:20.627246+00:00 | INFO | Poll complete | seen=25 inserted=0 duplicates=25 hits=0 alerts=0
2026-06-25T07:47:51.220609+00:00 | INFO | Poll complete | seen=25 inserted=0 duplicates=25 hits=0 alerts=0
2026-06-25T07:48:21.660768+00:00 | INFO | Poll complete | seen=25 inserted=0 duplicates=25 hits=0 alerts=0
2026-06-25T07:48:52.298656+00:00 | INFO | Poll complete | seen=25 inserted=0 duplicates=25 hits=0 alerts=0
2026-06-25T07:49:22.963388+00:00 | INFO | Poll complete | seen=25 inserted=0 duplicates=25 hits=0 alerts=0
2026-06-25T07:49:53.586537+00:00 | INFO | Poll complete | seen=25 inserted=0 duplicates=25 hits=0 alerts=0
2026-06-25T07:50:24.187911+00:00 | INFO | Poll complete | seen=25 inserted=0 duplicates=25 hits=0 alerts=0
2026-06-25T07:50:54.810702+00:00 | INFO | Poll complete | seen=25 inserted=0 duplicates=25 hits=0 alerts=0
2026-06-25T07:51:25.440304+00:00 | INFO | Poll complete | seen=25 inserted=0 duplicates=25 hits=0 alerts=0
2026-06-25T07:51:55.682913+00:00 | INFO | Poll complete | seen=25 inserted=0 duplicates=25 hits=0 alerts=0
2026-06-25T07:52:26.146655+00:00 | INFO | Poll complete | seen=25 inserted=0 duplicates=25 hits=0 alerts=0
2026-06-25T07:52:56.610480+00:00 | INFO | Poll complete | seen=25 inserted=0 duplicates=25 hits=0 alerts=0
2026-06-25T07:53:27.076611+00:00 | INFO | Poll complete | seen=25 inserted=0 duplicates=25 hits=0 alerts=0
2026-06-25T07:53:57.525234+00:00 | INFO | Poll complete | seen=25 inserted=0 duplicates=25 hits=0 alerts=0
2026-06-25T07:54:27.985812+00:00 | INFO | Poll complete | seen=25 inserted=0 duplicates=25 hits=0 alerts=0
2026-06-25T07:54:58.501251+00:00 | INFO | Poll complete | seen=25 inserted=0 duplicates=25 hits=0 alerts=0
2026-06-25T07:55:28.993451+00:00 | INFO | Poll complete | seen=25 inserted=0 duplicates=25 hits=0 alerts=0
2026-06-25T07:55:59.643066+00:00 | INFO | Poll complete | seen=25 inserted=0 duplicates=25 hits=0 alerts=0
2026-06-25T07:56:30.249051+00:00 | INFO | Poll complete | seen=25 inserted=0 duplicates=25 hits=0 alerts=0
2026-06-25T07:57:00.928338+00:00 | INFO | Poll complete | seen=25 inserted=0 duplicates=25 hits=0 alerts=0
2026-06-25T07:57:31.405763+00:00 | INFO | Poll complete | seen=25 inserted=0 duplicates=25 hits=0 alerts=0
2026-06-25T07:58:01.873488+00:00 | INFO | Poll complete | seen=25 inserted=0 duplicates=25 hits=0 alerts=0
2026-06-25T07:58:32.336662+00:00 | INFO | Poll complete | seen=25 inserted=0 duplicates=25 hits=0 alerts=0
2026-06-25T07:59:02.796275+00:00 | INFO | Poll complete | seen=25 inserted=0 duplicates=25 hits=0 alerts=0
2026-06-25T07:59:33.256012+00:00 | INFO | Poll complete | seen=25 inserted=0 duplicates=25 hits=0 alerts=0
2026-06-25T08:00:03.712850+00:00 | INFO | Poll complete | seen=25 inserted=0 duplicates=25 hits=0 alerts=0
2026-06-25T08:00:34.168743+00:00 | INFO | Poll complete | seen=25 inserted=0 duplicates=25 hits=0 alerts=0
2026-06-25T08:01:04.818769+00:00 | INFO | Poll complete | seen=25 inserted=0 duplicates=25 hits=0 alerts=0
2026-06-25T08:01:35.463266+00:00 | INFO | Poll complete | seen=25 inserted=0 duplicates=25 hits=0 alerts=0
2026-06-25T08:02:05.918697+00:00 | INFO | Poll complete | seen=25 inserted=0 duplicates=25 hits=0 alerts=0

--- Manual one-shot poll ---
2026-06-25T08:02:34.938410+00:00 | INFO | Poll complete | seen=25 inserted=0 duplicates=25 hits=0 alerts=0
{
  "seen": 25,
  "inserted": 0,
  "duplicates": 25,
  "watchlist_hits": 0,
  "alerts_sent": 0,
  "errors": []
}
2026-06-25T08:02:36.031155+00:00 | INFO | Poll complete | seen=25 inserted=0 duplicates=25 hits=0 alerts=0
2026-06-25T08:03:06.519729+00:00 | INFO | Poll complete | seen=25 inserted=0 duplicates=25 hits=0 alerts=0
2026-06-25T08:03:36.972914+00:00 | INFO | Poll complete | seen=25 inserted=0 duplicates=25 hits=0 alerts=0
2026-06-25T08:04:07.603248+00:00 | INFO | Poll complete | seen=25 inserted=0 duplicates=25 hits=0 alerts=0

--- Starting PulseTrade AI news engine ---
2026-06-25T08:04:34.133046+00:00 | INFO | News engine started.
2026-06-25T08:04:34.788150+00:00 | INFO | Poll complete | seen=25 inserted=0 duplicates=25 hits=0 alerts=0
2026-06-25T08:05:05.256452+00:00 | INFO | Poll complete | seen=25 inserted=0 duplicates=25 hits=0 alerts=0
2026-06-25T08:05:35.716608+00:00 | INFO | Poll complete | seen=25 inserted=0 duplicates=25 hits=0 alerts=0
2026-06-25T08:06:06.347332+00:00 | INFO | Poll complete | seen=25 inserted=0 duplicates=25 hits=0 alerts=0
2026-06-25T08:06:36.948161+00:00 | INFO | Poll complete | seen=25 inserted=0 duplicates=25 hits=0 alerts=0
2026-06-25T08:07:07.610503+00:00 | INFO | Poll complete | seen=25 inserted=0 duplicates=25 hits=0 alerts=0
2026-06-25T08:07:38.266149+00:00 | INFO | Poll complete | seen=25 inserted=0 duplicates=25 hits=0 alerts=0
2026-06-25T08:08:08.727567+00:00 | INFO | Poll complete | seen=25 inserted=0 duplicates=25 hits=0 alerts=0
2026-06-25T08:08:39.179609+00:00 | INFO | Poll complete | seen=25 inserted=0 duplicates=25 hits=0 alerts=0
2026-06-25T08:09:09.665268+00:00 | INFO | Poll complete | seen=25 inserted=0 duplicates=25 hits=0 alerts=0
2026-06-25T08:09:40.129998+00:00 | INFO | Poll complete | seen=25 inserted=0 duplicates=25 hits=0 alerts=0
2026-06-25T08:10:10.601122+00:00 | INFO | Poll complete | seen=25 inserted=0 duplicates=25 hits=0 alerts=0
2026-06-25T08:10:41.054086+00:00 | INFO | Poll complete | seen=25 inserted=0 duplicates=25 hits=0 alerts=0
2026-06-25T08:11:11.500490+00:00 | INFO | Poll complete | seen=25 inserted=0 duplicates=25 hits=0 alerts=0
2026-06-25T08:11:42.130500+00:00 | INFO | Poll complete | seen=25 inserted=0 duplicates=25 hits=0 alerts=0
2026-06-25T08:12:12.779329+00:00 | INFO | Poll complete | seen=25 inserted=0 duplicates=25 hits=0 alerts=0
2026-06-25T08:12:43.396470+00:00 | INFO | Poll complete | seen=25 inserted=0 duplicates=25 hits=0 alerts=0
2026-06-25T08:13:13.850212+00:00 | INFO | Poll complete | seen=25 inserted=0 duplicates=25 hits=0 alerts=0
2026-06-25T08:13:44.444922+00:00 | INFO | Poll complete | seen=25 inserted=0 duplicates=25 hits=0 alerts=0
2026-06-25T08:14:15.120317+00:00 | INFO | Poll complete | seen=25 inserted=0 duplicates=25 hits=0 alerts=0
2026-06-25T08:14:45.569490+00:00 | INFO | Poll complete | seen=25 inserted=0 duplicates=25 hits=0 alerts=0
2026-06-25T08:15:16.195757+00:00 | INFO | Poll complete | seen=25 inserted=0 duplicates=25 hits=0 alerts=0
2026-06-25T08:15:46.809706+00:00 | INFO | Poll complete | seen=25 inserted=0 duplicates=25 hits=0 alerts=0
2026-06-25T08:16:17.469223+00:00 | INFO | Poll complete | seen=25 inserted=0 duplicates=25 hits=0 alerts=0
2026-06-25T08:16:48.128066+00:00 | INFO | Poll complete | seen=25 inserted=0 duplicates=25 hits=0 alerts=0
2026-06-25T08:17:18.242975+00:00 | INFO | Poll complete | seen=25 inserted=0 duplicates=25 hits=0 alerts=0
2026-06-25T08:17:48.805328+00:00 | INFO | Poll complete | seen=25 inserted=0 duplicates=25 hits=0 alerts=0
2026-06-25T08:18:19.338249+00:00 | INFO | Poll complete | seen=25 inserted=0 duplicates=25 hits=0 alerts=0
2026-06-25T08:18:49.817788+00:00 | INFO | Poll complete | seen=25 inserted=0 duplicates=25 hits=0 alerts=0
2026-06-25T08:19:20.427767+00:00 | INFO | Poll complete | seen=25 inserted=0 duplicates=25 hits=0 alerts=0
2026-06-25T08:19:51.033421+00:00 | INFO | Poll complete | seen=25 inserted=0 duplicates=25 hits=0 alerts=0
2026-06-25T08:20:21.508976+00:00 | INFO | Poll complete | seen=25 inserted=0 duplicates=25 hits=0 alerts=0
2026-06-25T08:20:52.147525+00:00 | INFO | Poll complete | seen=25 inserted=0 duplicates=25 hits=0 alerts=0
2026-06-25T08:21:22.597812+00:00 | INFO | Poll complete | seen=25 inserted=0 duplicates=25 hits=0 alerts=0
2026-06-25T08:21:53.197215+00:00 | INFO | Poll complete | seen=25 inserted=0 duplicates=25 hits=0 alerts=0
2026-06-25T08:22:24.037883+00:00 | INFO | Poll complete | seen=25 inserted=0 duplicates=25 hits=0 alerts=0
2026-06-25T08:22:54.177082+00:00 | INFO | Poll complete | seen=25 inserted=1 duplicates=24 hits=0 alerts=0
2026-06-25T08:23:24.635086+00:00 | INFO | Poll complete | seen=25 inserted=0 duplicates=25 hits=0 alerts=0
2026-06-25T08:23:55.105356+00:00 | INFO | Poll complete | seen=25 inserted=0 duplicates=25 hits=0 alerts=0
2026-06-25T08:24:25.598828+00:00 | INFO | Poll complete | seen=25 inserted=0 duplicates=25 hits=0 alerts=0
2026-06-25T08:24:56.132915+00:00 | INFO | Poll complete | seen=25 inserted=0 duplicates=25 hits=0 alerts=0
2026-06-25T08:25:26.785739+00:00 | INFO | Poll complete | seen=25 inserted=0 duplicates=25 hits=0 alerts=0
2026-06-25T08:25:57.524985+00:00 | INFO | Poll complete | seen=25 inserted=0 duplicates=25 hits=0 alerts=0
2026-06-25T08:26:28.163860+00:00 | INFO | Poll complete | seen=25 inserted=0 duplicates=25 hits=0 alerts=0
2026-06-25T08:26:58.291640+00:00 | INFO | Poll complete | seen=25 inserted=0 duplicates=25 hits=0 alerts=0
2026-06-25T08:27:28.731496+00:00 | INFO | Poll complete | seen=25 inserted=0 duplicates=25 hits=0 alerts=0
2026-06-25T08:27:59.208080+00:00 | INFO | Poll complete | seen=25 inserted=0 duplicates=25 hits=0 alerts=0
2026-06-25T08:28:29.731248+00:00 | INFO | Poll complete | seen=25 inserted=0 duplicates=25 hits=0 alerts=0
2026-06-25T08:29:00.457394+00:00 | INFO | Poll complete | seen=25 inserted=0 duplicates=25 hits=0 alerts=0
2026-06-25T08:29:31.098128+00:00 | INFO | Poll complete | seen=25 inserted=0 duplicates=25 hits=0 alerts=0
2026-06-25T08:30:01.835983+00:00 | INFO | Poll complete | seen=25 inserted=0 duplicates=25 hits=0 alerts=0
2026-06-25T08:30:32.299355+00:00 | INFO | Poll complete | seen=25 inserted=0 duplicates=25 hits=0 alerts=0
2026-06-25T08:31:02.919681+00:00 | INFO | Poll complete | seen=25 inserted=0 duplicates=25 hits=0 alerts=0
2026-06-25T08:31:33.563528+00:00 | INFO | Poll complete | seen=25 inserted=0 duplicates=25 hits=0 alerts=0
2026-06-25T08:32:04.035791+00:00 | INFO | Poll complete | seen=25 inserted=0 duplicates=25 hits=0 alerts=0
2026-06-25T08:32:34.673574+00:00 | INFO | Poll complete | seen=25 inserted=0 duplicates=25 hits=0 alerts=0
2026-06-25T08:33:05.330027+00:00 | INFO | Poll complete | seen=25 inserted=0 duplicates=25 hits=0 alerts=0
2026-06-25T08:33:35.782310+00:00 | INFO | Poll complete | seen=25 inserted=0 duplicates=25 hits=0 alerts=0
2026-06-25T08:34:06.228665+00:00 | INFO | Poll complete | seen=25 inserted=0 duplicates=25 hits=0 alerts=0
2026-06-25T08:34:36.684358+00:00 | INFO | Poll complete | seen=25 inserted=0 duplicates=25 hits=0 alerts=0
2026-06-25T08:35:07.326429+00:00 | INFO | Poll complete | seen=25 inserted=0 duplicates=25 hits=0 alerts=0
2026-06-25T08:35:37.928431+00:00 | INFO | Poll complete | seen=25 inserted=0 duplicates=25 hits=0 alerts=0
2026-06-25T08:36:08.502714+00:00 | INFO | Poll complete | seen=25 inserted=0 duplicates=25 hits=0 alerts=0
2026-06-25T08:36:38.963068+00:00 | INFO | Poll complete | seen=25 inserted=0 duplicates=25 hits=0 alerts=0
2026-06-25T08:37:09.477402+00:00 | INFO | Poll complete | seen=25 inserted=0 duplicates=25 hits=0 alerts=0
2026-06-25T08:37:40.012055+00:00 | INFO | Poll complete | seen=25 inserted=1 duplicates=24 hits=0 alerts=0
2026-06-25T08:38:10.676283+00:00 | INFO | Poll complete | seen=25 inserted=0 duplicates=25 hits=0 alerts=0
2026-06-25T08:38:41.194435+00:00 | INFO | Poll complete | seen=25 inserted=1 duplicates=24 hits=0 alerts=0
2026-06-25T08:39:11.714652+00:00 | INFO | Poll complete | seen=25 inserted=0 duplicates=25 hits=0 alerts=0
2026-06-25T08:39:42.239196+00:00 | INFO | Poll complete | seen=25 inserted=0 duplicates=25 hits=0 alerts=0
2026-06-25T08:40:12.761724+00:00 | INFO | Poll complete | seen=25 inserted=0 duplicates=25 hits=0 alerts=0
2026-06-25T08:40:43.465702+00:00 | INFO | Poll complete | seen=25 inserted=0 duplicates=25 hits=0 alerts=0
2026-06-25T08:41:14.020475+00:00 | INFO | Poll complete | seen=25 inserted=0 duplicates=25 hits=0 alerts=0
2026-06-25T08:41:44.628607+00:00 | INFO | Poll complete | seen=25 inserted=0 duplicates=25 hits=0 alerts=0
2026-06-25T08:42:15.423027+00:00 | INFO | Poll complete | seen=25 inserted=0 duplicates=25 hits=0 alerts=0
2026-06-25T08:42:46.115028+00:00 | INFO | Poll complete | seen=25 inserted=0 duplicates=25 hits=0 alerts=0
2026-06-25T08:43:16.722005+00:00 | INFO | Poll complete | seen=25 inserted=0 duplicates=25 hits=0 alerts=0
2026-06-25T08:43:47.379111+00:00 | INFO | Poll complete | seen=25 inserted=0 duplicates=25 hits=0 alerts=0
2026-06-25T08:44:18.136851+00:00 | INFO | Poll complete | seen=25 inserted=0 duplicates=25 hits=0 alerts=0
2026-06-25T08:44:48.673840+00:00 | INFO | Poll complete | seen=25 inserted=0 duplicates=25 hits=0 alerts=0
2026-06-25T08:45:19.413545+00:00 | INFO | Poll complete | seen=25 inserted=0 duplicates=25 hits=0 alerts=0
2026-06-25T08:45:49.696399+00:00 | INFO | Poll complete | seen=25 inserted=0 duplicates=25 hits=0 alerts=0
2026-06-25T08:46:20.258833+00:00 | INFO | Poll complete | seen=25 inserted=0 duplicates=25 hits=0 alerts=0
2026-06-25T08:46:50.827745+00:00 | INFO | Poll complete | seen=25 inserted=0 duplicates=25 hits=0 alerts=0
2026-06-25T08:47:21.505342+00:00 | INFO | Poll complete | seen=25 inserted=0 duplicates=25 hits=0 alerts=0
2026-06-25T08:47:52.166238+00:00 | INFO | Poll complete | seen=25 inserted=0 duplicates=25 hits=0 alerts=0
2026-06-25T08:48:22.885287+00:00 | INFO | Poll complete | seen=25 inserted=0 duplicates=25 hits=0 alerts=0
2026-06-25T08:48:53.611961+00:00 | INFO | Poll complete | seen=25 inserted=0 duplicates=25 hits=0 alerts=0
2026-06-25T08:49:24.202986+00:00 | INFO | Poll complete | seen=25 inserted=0 duplicates=25 hits=0 alerts=0
2026-06-25T08:49:54.747980+00:00 | INFO | Poll complete | seen=25 inserted=0 duplicates=25 hits=0 alerts=0
2026-06-25T08:50:25.289997+00:00 | INFO | Poll complete | seen=25 inserted=0 duplicates=25 hits=0 alerts=0
2026-06-25T08:50:55.825535+00:00 | INFO | Poll complete | seen=25 inserted=0 duplicates=25 hits=0 alerts=0
2026-06-25T08:51:26.362263+00:00 | INFO | Poll complete | seen=25 inserted=0 duplicates=25 hits=0 alerts=0
2026-06-25T08:51:56.907340+00:00 | INFO | Poll complete | seen=25 inserted=0 duplicates=25 hits=0 alerts=0
2026-06-25T08:52:27.580451+00:00 | INFO | Poll complete | seen=25 inserted=0 duplicates=25 hits=0 alerts=0
2026-06-25T08:52:58.118223+00:00 | INFO | Poll complete | seen=25 inserted=0 duplicates=25 hits=0 alerts=0
2026-06-25T08:53:28.650647+00:00 | INFO | Poll complete | seen=25 inserted=0 duplicates=25 hits=0 alerts=0
2026-06-25T08:53:59.339817+00:00 | INFO | Poll complete | seen=25 inserted=0 duplicates=25 hits=0 alerts=0
2026-06-25T08:54:29.948713+00:00 | INFO | Poll complete | seen=25 inserted=0 duplicates=25 hits=0 alerts=0
2026-06-25T08:55:00.621370+00:00 | INFO | Poll complete | seen=25 inserted=0 duplicates=25 hits=0 alerts=0
2026-06-25T08:55:31.152030+00:00 | INFO | Poll complete | seen=25 inserted=0 duplicates=25 hits=0 alerts=0
2026-06-25T08:56:01.824102+00:00 | INFO | Poll complete | seen=25 inserted=0 duplicates=25 hits=0 alerts=0
2026-06-25T08:56:32.353162+00:00 | INFO | Poll complete | seen=25 inserted=0 duplicates=25 hits=0 alerts=0
2026-06-25T08:57:02.891114+00:00 | INFO | Poll complete | seen=25 inserted=0 duplicates=25 hits=0 alerts=0
2026-06-25T08:57:33.398484+00:00 | INFO | Poll complete | seen=25 inserted=0 duplicates=25 hits=0 alerts=0
2026-06-25T08:58:04.076410+00:00 | INFO | Poll complete | seen=25 inserted=0 duplicates=25 hits=0 alerts=0
2026-06-25T08:58:34.610433+00:00 | INFO | Poll complete | seen=25 inserted=0 duplicates=25 hits=0 alerts=0
2026-06-25T08:59:05.148363+00:00 | INFO | Poll complete | seen=25 inserted=0 duplicates=25 hits=0 alerts=0
2026-06-25T08:59:35.694854+00:00 | INFO | Poll complete | seen=25 inserted=0 duplicates=25 hits=0 alerts=0
2026-06-25T09:00:06.306260+00:00 | INFO | Poll complete | seen=25 inserted=0 duplicates=25 hits=0 alerts=0
2026-06-25T09:00:36.853194+00:00 | INFO | Poll complete | seen=25 inserted=0 duplicates=25 hits=0 alerts=0
2026-06-25T09:01:07.410840+00:00 | INFO | Poll complete | seen=25 inserted=0 duplicates=25 hits=0 alerts=0
2026-06-25T09:01:37.961855+00:00 | INFO | Poll complete | seen=25 inserted=0 duplicates=25 hits=0 alerts=0
2026-06-25T09:02:08.502335+00:00 | INFO | Poll complete | seen=25 inserted=0 duplicates=25 hits=0 alerts=0
2026-06-25T09:02:39.303977+00:00 | INFO | Poll complete | seen=25 inserted=0 duplicates=25 hits=0 alerts=0
2026-06-25T09:03:10.349741+00:00 | INFO | Poll complete | seen=25 inserted=0 duplicates=25 hits=0 alerts=0
2026-06-25T09:03:40.500131+00:00 | INFO | Poll complete | seen=25 inserted=0 duplicates=25 hits=0 alerts=0
2026-06-25T09:04:11.126074+00:00 | INFO | Poll complete | seen=25 inserted=0 duplicates=25 hits=0 alerts=0
2026-06-25T09:04:41.657649+00:00 | INFO | Poll complete | seen=25 inserted=0 duplicates=25 hits=0 alerts=0
2026-06-25T09:05:12.194497+00:00 | INFO | Poll complete | seen=25 inserted=0 duplicates=25 hits=0 alerts=0
2026-06-25T09:05:42.659001+00:00 | INFO | Poll complete | seen=25 inserted=1 duplicates=24 hits=0 alerts=0
2026-06-25T09:06:13.127131+00:00 | INFO | Poll complete | seen=25 inserted=0 duplicates=25 hits=0 alerts=0
2026-06-25T09:06:43.589211+00:00 | INFO | Poll complete | seen=25 inserted=0 duplicates=25 hits=0 alerts=0
2026-06-25T09:07:14.216890+00:00 | INFO | Poll complete | seen=25 inserted=0 duplicates=25 hits=0 alerts=0
2026-06-25T09:07:44.893127+00:00 | INFO | Poll complete | seen=25 inserted=0 duplicates=25 hits=0 alerts=0
2026-06-25T09:08:15.378207+00:00 | INFO | Poll complete | seen=25 inserted=0 duplicates=25 hits=0 alerts=0
2026-06-25T09:08:45.863688+00:00 | INFO | Poll complete | seen=25 inserted=0 duplicates=25 hits=0 alerts=0
2026-06-25T09:09:16.457526+00:00 | INFO | Poll complete | seen=25 inserted=0 duplicates=25 hits=0 alerts=0
2026-06-25T09:09:47.121490+00:00 | INFO | Poll complete | seen=25 inserted=0 duplicates=25 hits=0 alerts=0
2026-06-25T09:10:17.317805+00:00 | INFO | Poll complete | seen=25 inserted=0 duplicates=25 hits=0 alerts=0
2026-06-25T09:37:25.351139+00:00 | ERROR | News poll failed:
Traceback (most recent call last):
  File "/Users/omaryoussef/Downloads/PULSETRADE/PulseTrade-AI/.venv/lib/python3.11/site-packages/urllib3/connectionpool.py", line 534, in _make_request
    response = conn.getresponse()
               ^^^^^^^^^^^^^^^^^^
  File "/Users/omaryoussef/Downloads/PULSETRADE/PulseTrade-AI/.venv/lib/python3.11/site-packages/urllib3/connection.py", line 571, in getresponse
    httplib_response = super().getresponse()
                       ^^^^^^^^^^^^^^^^^^^^^
  File "/Library/Frameworks/Python.framework/Versions/3.11/lib/python3.11/http/client.py", line 1395, in getresponse
    response.begin()
  File "/Library/Frameworks/Python.framework/Versions/3.11/lib/python3.11/http/client.py", line 325, in begin
    version, status, reason = self._read_status()
                              ^^^^^^^^^^^^^^^^^^^
  File "/Library/Frameworks/Python.framework/Versions/3.11/lib/python3.11/http/client.py", line 286, in _read_status
    line = str(self.fp.readline(_MAXLINE + 1), "iso-8859-1")
               ^^^^^^^^^^^^^^^^^^^^^^^^^^^^^^
  File "/Library/Frameworks/Python.framework/Versions/3.11/lib/python3.11/socket.py", line 706, in readinto
    return self._sock.recv_into(b)
           ^^^^^^^^^^^^^^^^^^^^^^^
  File "/Library/Frameworks/Python.framework/Versions/3.11/lib/python3.11/ssl.py", line 1314, in recv_into
    return self.read(nbytes, buffer)
           ^^^^^^^^^^^^^^^^^^^^^^^^^
  File "/Library/Frameworks/Python.framework/Versions/3.11/lib/python3.11/ssl.py", line 1166, in read
    return self._sslobj.read(len, buffer)
           ^^^^^^^^^^^^^^^^^^^^^^^^^^^^^^
TimeoutError: The read operation timed out

The above exception was the direct cause of the following exception:

Traceback (most recent call last):
  File "/Users/omaryoussef/Downloads/PULSETRADE/PulseTrade-AI/.venv/lib/python3.11/site-packages/requests/adapters.py", line 696, in send
    resp = conn.urlopen(
           ^^^^^^^^^^^^^
  File "/Users/omaryoussef/Downloads/PULSETRADE/PulseTrade-AI/.venv/lib/python3.11/site-packages/urllib3/connectionpool.py", line 842, in urlopen
    retries = retries.increment(
              ^^^^^^^^^^^^^^^^^^
  File "/Users/omaryoussef/Downloads/PULSETRADE/PulseTrade-AI/.venv/lib/python3.11/site-packages/urllib3/util/retry.py", line 498, in increment
    raise reraise(type(error), error, _stacktrace)
          ^^^^^^^^^^^^^^^^^^^^^^^^^^^^^^^^^^^^^^^^
  File "/Users/omaryoussef/Downloads/PULSETRADE/PulseTrade-AI/.venv/lib/python3.11/site-packages/urllib3/util/util.py", line 39, in reraise
    raise value
  File "/Users/omaryoussef/Downloads/PULSETRADE/PulseTrade-AI/.venv/lib/python3.11/site-packages/urllib3/connectionpool.py", line 788, in urlopen
    response = self._make_request(
               ^^^^^^^^^^^^^^^^^^^
  File "/Users/omaryoussef/Downloads/PULSETRADE/PulseTrade-AI/.venv/lib/python3.11/site-packages/urllib3/connectionpool.py", line 536, in _make_request
    self._raise_timeout(err=e, url=url, timeout_value=read_timeout)
  File "/Users/omaryoussef/Downloads/PULSETRADE/PulseTrade-AI/.venv/lib/python3.11/site-packages/urllib3/connectionpool.py", line 367, in _raise_timeout
    raise ReadTimeoutError(
urllib3.exceptions.ReadTimeoutError: HTTPSConnectionPool(host='api.benzinga.com', port=443): Read timed out. (read timeout=15)

During handling of the above exception, another exception occurred:

Traceback (most recent call last):
  File "/Users/omaryoussef/Downloads/PULSETRADE/PulseTrade-AI/modules/news_engine.py", line 703, in poll_once
    raw_items = self.client.fetch_news(
                ^^^^^^^^^^^^^^^^^^^^^^^
  File "/Users/omaryoussef/Downloads/PULSETRADE/PulseTrade-AI/modules/news_engine.py", line 568, in fetch_news
    response = self.session.get(BENZINGA_NEWS_URL, params=params, timeout=self.timeout_seconds)
               ^^^^^^^^^^^^^^^^^^^^^^^^^^^^^^^^^^^^^^^^^^^^^^^^^^^^^^^^^^^^^^^^^^^^^^^^^^^^^^^^
  File "/Users/omaryoussef/Downloads/PULSETRADE/PulseTrade-AI/.venv/lib/python3.11/site-packages/requests/sessions.py", line 671, in get
    return self.request("GET", url, params=params, **kwargs)
           ^^^^^^^^^^^^^^^^^^^^^^^^^^^^^^^^^^^^^^^^^^^^^^^^^
  File "/Users/omaryoussef/Downloads/PULSETRADE/PulseTrade-AI/.venv/lib/python3.11/site-packages/requests/sessions.py", line 651, in request
    resp = self.send(prep, **send_kwargs)
           ^^^^^^^^^^^^^^^^^^^^^^^^^^^^^^
  File "/Users/omaryoussef/Downloads/PULSETRADE/PulseTrade-AI/.venv/lib/python3.11/site-packages/requests/sessions.py", line 784, in send
    r = adapter.send(request, **kwargs)
        ^^^^^^^^^^^^^^^^^^^^^^^^^^^^^^^
  File "/Users/omaryoussef/Downloads/PULSETRADE/PulseTrade-AI/.venv/lib/python3.11/site-packages/requests/adapters.py", line 742, in send
    raise ReadTimeout(e, request=request)
requests.exceptions.ReadTimeout: HTTPSConnectionPool(host='api.benzinga.com', port=443): Read timed out. (read timeout=15)

2026-06-25T09:59:38.389103+00:00 | INFO | Poll complete | seen=25 inserted=2 duplicates=23 hits=0 alerts=0
2026-06-25T10:00:09.038063+00:00 | INFO | Poll complete | seen=25 inserted=0 duplicates=25 hits=0 alerts=0
2026-06-25T10:00:39.706078+00:00 | INFO | Poll complete | seen=25 inserted=0 duplicates=25 hits=0 alerts=0
2026-06-25T10:01:10.307343+00:00 | INFO | Poll complete | seen=25 inserted=0 duplicates=25 hits=0 alerts=0
2026-06-25T10:54:12.751323+00:00 | ERROR | News poll failed:
Traceback (most recent call last):
  File "/Users/omaryoussef/Downloads/PULSETRADE/PulseTrade-AI/.venv/lib/python3.11/site-packages/urllib3/connectionpool.py", line 534, in _make_request
    response = conn.getresponse()
               ^^^^^^^^^^^^^^^^^^
  File "/Users/omaryoussef/Downloads/PULSETRADE/PulseTrade-AI/.venv/lib/python3.11/site-packages/urllib3/connection.py", line 571, in getresponse
    httplib_response = super().getresponse()
                       ^^^^^^^^^^^^^^^^^^^^^
  File "/Library/Frameworks/Python.framework/Versions/3.11/lib/python3.11/http/client.py", line 1395, in getresponse
    response.begin()
  File "/Library/Frameworks/Python.framework/Versions/3.11/lib/python3.11/http/client.py", line 325, in begin
    version, status, reason = self._read_status()
                              ^^^^^^^^^^^^^^^^^^^
  File "/Library/Frameworks/Python.framework/Versions/3.11/lib/python3.11/http/client.py", line 286, in _read_status
    line = str(self.fp.readline(_MAXLINE + 1), "iso-8859-1")
               ^^^^^^^^^^^^^^^^^^^^^^^^^^^^^^
  File "/Library/Frameworks/Python.framework/Versions/3.11/lib/python3.11/socket.py", line 706, in readinto
    return self._sock.recv_into(b)
           ^^^^^^^^^^^^^^^^^^^^^^^
  File "/Library/Frameworks/Python.framework/Versions/3.11/lib/python3.11/ssl.py", line 1314, in recv_into
    return self.read(nbytes, buffer)
           ^^^^^^^^^^^^^^^^^^^^^^^^^
  File "/Library/Frameworks/Python.framework/Versions/3.11/lib/python3.11/ssl.py", line 1166, in read
    return self._sslobj.read(len, buffer)
           ^^^^^^^^^^^^^^^^^^^^^^^^^^^^^^
TimeoutError: The read operation timed out

The above exception was the direct cause of the following exception:

Traceback (most recent call last):
  File "/Users/omaryoussef/Downloads/PULSETRADE/PulseTrade-AI/.venv/lib/python3.11/site-packages/requests/adapters.py", line 696, in send
    resp = conn.urlopen(
           ^^^^^^^^^^^^^
  File "/Users/omaryoussef/Downloads/PULSETRADE/PulseTrade-AI/.venv/lib/python3.11/site-packages/urllib3/connectionpool.py", line 842, in urlopen
    retries = retries.increment(
              ^^^^^^^^^^^^^^^^^^
  File "/Users/omaryoussef/Downloads/PULSETRADE/PulseTrade-AI/.venv/lib/python3.11/site-packages/urllib3/util/retry.py", line 498, in increment
    raise reraise(type(error), error, _stacktrace)
          ^^^^^^^^^^^^^^^^^^^^^^^^^^^^^^^^^^^^^^^^
  File "/Users/omaryoussef/Downloads/PULSETRADE/PulseTrade-AI/.venv/lib/python3.11/site-packages/urllib3/util/util.py", line 39, in reraise
    raise value
  File "/Users/omaryoussef/Downloads/PULSETRADE/PulseTrade-AI/.venv/lib/python3.11/site-packages/urllib3/connectionpool.py", line 788, in urlopen
    response = self._make_request(
               ^^^^^^^^^^^^^^^^^^^
  File "/Users/omaryoussef/Downloads/PULSETRADE/PulseTrade-AI/.venv/lib/python3.11/site-packages/urllib3/connectionpool.py", line 536, in _make_request
    self._raise_timeout(err=e, url=url, timeout_value=read_timeout)
  File "/Users/omaryoussef/Downloads/PULSETRADE/PulseTrade-AI/.venv/lib/python3.11/site-packages/urllib3/connectionpool.py", line 367, in _raise_timeout
    raise ReadTimeoutError(
urllib3.exceptions.ReadTimeoutError: HTTPSConnectionPool(host='api.benzinga.com', port=443): Read timed out. (read timeout=15)

During handling of the above exception, another exception occurred:

Traceback (most recent call last):
  File "/Users/omaryoussef/Downloads/PULSETRADE/PulseTrade-AI/modules/news_engine.py", line 703, in poll_once
    raw_items = self.client.fetch_news(
                ^^^^^^^^^^^^^^^^^^^^^^^
  File "/Users/omaryoussef/Downloads/PULSETRADE/PulseTrade-AI/modules/news_engine.py", line 568, in fetch_news
    response = self.session.get(BENZINGA_NEWS_URL, params=params, timeout=self.timeout_seconds)
               ^^^^^^^^^^^^^^^^^^^^^^^^^^^^^^^^^^^^^^^^^^^^^^^^^^^^^^^^^^^^^^^^^^^^^^^^^^^^^^^^
  File "/Users/omaryoussef/Downloads/PULSETRADE/PulseTrade-AI/.venv/lib/python3.11/site-packages/requests/sessions.py", line 671, in get
    return self.request("GET", url, params=params, **kwargs)
           ^^^^^^^^^^^^^^^^^^^^^^^^^^^^^^^^^^^^^^^^^^^^^^^^^
  File "/Users/omaryoussef/Downloads/PULSETRADE/PulseTrade-AI/.venv/lib/python3.11/site-packages/requests/sessions.py", line 651, in request
    resp = self.send(prep, **send_kwargs)
           ^^^^^^^^^^^^^^^^^^^^^^^^^^^^^^
  File "/Users/omaryoussef/Downloads/PULSETRADE/PulseTrade-AI/.venv/lib/python3.11/site-packages/requests/sessions.py", line 784, in send
    r = adapter.send(request, **kwargs)
        ^^^^^^^^^^^^^^^^^^^^^^^^^^^^^^^
  File "/Users/omaryoussef/Downloads/PULSETRADE/PulseTrade-AI/.venv/lib/python3.11/site-packages/requests/adapters.py", line 742, in send
    raise ReadTimeout(e, request=request)
requests.exceptions.ReadTimeout: HTTPSConnectionPool(host='api.benzinga.com', port=443): Read timed out. (read timeout=15)

2026-06-25T10:54:43.578782+00:00 | INFO | Poll complete | seen=25 inserted=3 duplicates=22 hits=0 alerts=0
2026-06-25T10:55:14.157280+00:00 | INFO | Poll complete | seen=25 inserted=0 duplicates=25 hits=0 alerts=0
2026-06-25T10:55:44.688838+00:00 | INFO | Poll complete | seen=25 inserted=0 duplicates=25 hits=0 alerts=0
2026-06-25T10:56:15.247838+00:00 | INFO | Poll complete | seen=25 inserted=0 duplicates=25 hits=0 alerts=0
2026-06-25T10:56:45.853075+00:00 | INFO | Poll complete | seen=25 inserted=0 duplicates=25 hits=0 alerts=0
2026-06-25T10:57:16.492909+00:00 | INFO | Poll complete | seen=25 inserted=0 duplicates=25 hits=0 alerts=0
2026-06-25T10:57:47.040534+00:00 | INFO | Poll complete | seen=25 inserted=0 duplicates=25 hits=0 alerts=0
2026-06-25T10:58:17.571201+00:00 | INFO | Poll complete | seen=25 inserted=1 duplicates=24 hits=1 alerts=0
2026-06-25T10:58:48.122033+00:00 | INFO | Poll complete | seen=25 inserted=0 duplicates=25 hits=0 alerts=0
2026-06-25T10:59:18.964396+00:00 | INFO | Poll complete | seen=25 inserted=0 duplicates=25 hits=0 alerts=0
2026-06-25T10:59:49.529475+00:00 | INFO | Poll complete | seen=25 inserted=0 duplicates=25 hits=0 alerts=0
2026-06-25T11:00:20.054208+00:00 | INFO | Poll complete | seen=25 inserted=0 duplicates=25 hits=0 alerts=0
2026-06-25T11:00:50.856809+00:00 | INFO | Poll complete | seen=25 inserted=0 duplicates=25 hits=0 alerts=0
2026-06-25T11:01:21.501812+00:00 | INFO | Poll complete | seen=25 inserted=0 duplicates=25 hits=0 alerts=0
2026-06-25T11:01:52.224174+00:00 | INFO | Poll complete | seen=25 inserted=0 duplicates=25 hits=0 alerts=0
2026-06-25T11:02:23.025964+00:00 | INFO | Poll complete | seen=25 inserted=0 duplicates=25 hits=0 alerts=0
2026-06-25T11:02:53.623139+00:00 | INFO | Poll complete | seen=25 inserted=0 duplicates=25 hits=0 alerts=0
2026-06-25T11:03:24.154132+00:00 | INFO | Poll complete | seen=25 inserted=0 duplicates=25 hits=0 alerts=0
2026-06-25T11:03:54.696769+00:00 | INFO | Poll complete | seen=25 inserted=0 duplicates=25 hits=0 alerts=0
2026-06-25T11:04:25.366145+00:00 | INFO | Poll complete | seen=25 inserted=0 duplicates=25 hits=0 alerts=0
2026-06-25T11:04:55.947123+00:00 | INFO | Poll complete | seen=25 inserted=0 duplicates=25 hits=0 alerts=0
2026-06-25T11:05:26.813098+00:00 | INFO | Poll complete | seen=25 inserted=0 duplicates=25 hits=0 alerts=0
2026-06-25T11:05:57.370088+00:00 | INFO | Poll complete | seen=25 inserted=0 duplicates=25 hits=0 alerts=0
2026-06-25T11:06:27.907118+00:00 | INFO | Poll complete | seen=25 inserted=0 duplicates=25 hits=0 alerts=0
2026-06-25T11:06:58.687416+00:00 | INFO | Poll complete | seen=25 inserted=0 duplicates=25 hits=0 alerts=0
2026-06-25T11:07:29.425565+00:00 | INFO | Poll complete | seen=25 inserted=0 duplicates=25 hits=0 alerts=0
2026-06-25T11:07:59.979444+00:00 | INFO | Poll complete | seen=25 inserted=0 duplicates=25 hits=0 alerts=0
2026-06-25T11:08:30.513646+00:00 | INFO | Poll complete | seen=25 inserted=0 duplicates=25 hits=0 alerts=0
2026-06-25T11:09:01.063640+00:00 | INFO | Poll complete | seen=25 inserted=0 duplicates=25 hits=0 alerts=0
2026-06-25T11:09:31.852910+00:00 | INFO | Poll complete | seen=25 inserted=0 duplicates=25 hits=0 alerts=0
2026-06-25T11:10:02.637098+00:00 | INFO | Poll complete | seen=25 inserted=0 duplicates=25 hits=0 alerts=0
2026-06-25T11:10:33.343014+00:00 | INFO | Poll complete | seen=25 inserted=0 duplicates=25 hits=0 alerts=0
2026-06-25T11:11:03.875589+00:00 | INFO | Poll complete | seen=25 inserted=0 duplicates=25 hits=0 alerts=0
2026-06-25T11:11:34.403473+00:00 | INFO | Poll complete | seen=25 inserted=0 duplicates=25 hits=0 alerts=0
2026-06-25T11:12:04.961360+00:00 | INFO | Poll complete | seen=25 inserted=0 duplicates=25 hits=0 alerts=0
2026-06-25T11:12:35.736462+00:00 | INFO | Poll complete | seen=25 inserted=0 duplicates=25 hits=0 alerts=0
